{"uuid":"e66c1a5a-406b-4b32-9411-62eb94850a26","name":"Summit_Satellite_Lab","owner":{"created":"2017-09-15T09:16:12.000+0000","updated":"2018-08-28T09:31:22.000+0000","id":"8a99f98a5e71ae49015e85aeb27428dc","key":"11339089","displayName":"11339089","parentOwner":null,"contentPrefix":null,"defaultServiceLevel":null,"upstreamConsumer":null,"logLevel":null,"autobindDisabled":false,"contentAccessMode":"entitlement","contentAccessModeList":"org_environment,entitlement","lastRefreshed":"2018-08-28T09:31:22.000+0000"},"contentAccessMode":null,"type":{"id":"9","label":"satellite","manifest":true},"urlWeb":"access.stage.redhat.com/management/subscription_allocations/","urlApi":"https://subscription.rhsm.stage.redhat.com/subscription/consumers/"}