{"created":"2017-09-11T17:05:13.000+0000","updated":"2017-09-11T17:05:13.000+0000","uuid":"8a99f9815e718933015e72c2a9eb0a92","multiplier":1,"id":"127","name":"Red Hat S-JIS Support (for RHEL Server) - Extended Update Support","attributes":[{"name":"name","value":"Red Hat S-JIS Support (for RHEL Server) - Extended Update Support"},{"name":"arch","value":"ia64,x86,x86_64"},{"name":"type","value":"SVC"}],"productContent":[{"content":{"created":"2017-09-11T17:04:49.000+0000","updated":"2017-09-11T17:04:49.000+0000","id":"4677","type":"yum","label":"rhel-sjis-for-rhel-7-server-eus-debug-rpms","name":"Red Hat Enterprise Linux for S-JIS (RHEL 7 Server) - Extended Update Support (Debug RPMs)","vendor":"Red Hat","contentUrl":"/content/eus/rhel/server/7/$releasever/$basearch/sjis/debug","requiredTags":"rhel-7-server","gpgUrl":"file:///etc/pki/rpm-gpg/RPM-GPG-KEY-redhat-release","modifiedProductIds":["126"],"arches":"x86_64","metadataExpire":86400,"uuid":"8a99f9815e718933015e72c24c980a80","releaseVersion":null},"enabled":false},{"content":{"created":"2017-05-16T11:44:06.000+0000","updated":"2017-09-11T17:04:49.000+0000","id":"5613","type":"yum","label":"rhel-sjis-for-rhel-6-server-eus-debug-rpms","name":"Red Hat Enterprise Linux for S-JIS (RHEL 6 Server) - EUS (Debug RPMs)","vendor":"Red Hat","contentUrl":"/content/eus/rhel/server/6/$releasever/$basearch/sjis/debug","requiredTags":"rhel-6-server","gpgUrl":"file:///etc/pki/rpm-gpg/RPM-GPG-KEY-redhat-release","modifiedProductIds":["126"],"arches":"x86,x86_64","metadataExpire":86400,"uuid":"8a99f9815e718933015e72c24c970a67","releaseVersion":null},"enabled":false},{"content":{"created":"2017-09-11T17:04:49.000+0000","updated":"2017-09-11T17:04:49.000+0000","id":"4678","type":"yum","label":"rhel-sjis-for-rhel-7-server-eus-rpms","name":"Red Hat Enterprise Linux for S-JIS (RHEL 7 Server) - Extended Update Support (RPMs)","vendor":"Red Hat","contentUrl":"/content/eus/rhel/server/7/$releasever/$basearch/sjis/os","requiredTags":"rhel-7-server","gpgUrl":"file:///etc/pki/rpm-gpg/RPM-GPG-KEY-redhat-release","modifiedProductIds":["126"],"arches":"x86_64","metadataExpire":86400,"uuid":"8a99f9815e718933015e72c24c980a81","releaseVersion":null},"enabled":false},{"content":{"created":"2017-05-16T11:44:05.000+0000","updated":"2017-09-11T17:04:49.000+0000","id":"5614","type":"yum","label":"rhel-sjis-for-rhel-6-server-eus-rpms","name":"Red Hat Enterprise Linux for S-JIS (RHEL 6 Server) - EUS (RPMs)","vendor":"Red Hat","contentUrl":"/content/eus/rhel/server/6/$releasever/$basearch/sjis/os","requiredTags":"rhel-6-server","gpgUrl":"file:///etc/pki/rpm-gpg/RPM-GPG-KEY-redhat-release","modifiedProductIds":["126"],"arches":"x86,x86_64","metadataExpire":86400,"uuid":"8a99f9815e718933015e72c24c970a65","releaseVersion":null},"enabled":false},{"content":{"created":"2017-09-11T17:04:49.000+0000","updated":"2017-09-11T17:04:49.000+0000","id":"4679","type":"yum","label":"rhel-sjis-for-rhel-7-server-eus-source-rpms","name":"Red Hat Enterprise Linux for S-JIS (RHEL 7 Server) - Extended Update Support (Source RPMs)","vendor":"Red Hat","contentUrl":"/content/eus/rhel/server/7/$releasever/$basearch/sjis/source/SRPMS","requiredTags":"rhel-7-server","gpgUrl":"file:///etc/pki/rpm-gpg/RPM-GPG-KEY-redhat-release","modifiedProductIds":["126"],"arches":"x86_64","metadataExpire":86400,"uuid":"8a99f9815e718933015e72c24c980a82","releaseVersion":null},"enabled":false},{"content":{"created":"2017-05-16T11:44:07.000+0000","updated":"2017-09-11T17:04:49.000+0000","id":"5615","type":"yum","label":"rhel-sjis-for-rhel-6-server-eus-source-rpms","name":"Red Hat Enterprise Linux for S-JIS (RHEL 6 Server) - EUS (Source RPMs)","vendor":"Red Hat","contentUrl":"/content/eus/rhel/server/6/$releasever/$basearch/sjis/source/SRPMS","requiredTags":"rhel-6-server","gpgUrl":"file:///etc/pki/rpm-gpg/RPM-GPG-KEY-redhat-release","modifiedProductIds":["126"],"arches":"x86,x86_64","metadataExpire":86400,"uuid":"8a99f9815e718933015e72c24c970a64","releaseVersion":null},"enabled":false}],"dependentProductIds":[]}