{"created":"2017-09-11T09:21:10.000+0000","updated":"2017-09-11T09:21:10.000+0000","uuid":"8a99f9815e62e65a015e7119ceb418a2","multiplier":1,"id":"133","name":"Red Hat Enterprise Linux High Performance Networking (for RHEL Server) - Extended Update Support","attributes":[{"name":"name","value":"Red Hat Enterprise Linux High Performance Networking (for RHEL Server) - Extended Update Support"},{"name":"arch","value":"x86_64"},{"name":"type","value":"SVC"}],"productContent":[],"dependentProductIds":[]}