{"created":"2017-09-11T14:53:49.000+0000","updated":"2018-08-27T13:01:17.000+0000","uuid":"8a99f9a1653db52201657b7962c024ef","multiplier":1,"id":"150","name":"Red Hat Virtualization","attributes":[{"name":"name","value":"Red Hat Virtualization"},{"name":"arch","value":"x86,x86_64"},{"name":"type","value":"SVC"},{"name":"brand_type","value":"x86_64"}],"productContent":[{"content":{"created":"2017-05-16T11:39:54.000+0000","updated":"2017-09-11T09:22:30.000+0000","id":"5024","type":"yum","label":"rhel-7-server-rhv-4.0-rpms","name":"Red Hat Virtualization Manager 4.0 (RHEL 7 Server) (RPMs)","vendor":"Red Hat","contentUrl":"/content/dist/rhel/server/7/7Server/$basearch/rhv/4.0/os","requiredTags":"rhel-7-server","gpgUrl":"file:///etc/pki/rpm-gpg/RPM-GPG-KEY-redhat-release","modifiedProductIds":[],"arches":"x86_64","metadataExpire":86400,"uuid":"8a99f9835e62e718015e711b092a29b7","releaseVersion":null},"enabled":false},{"content":{"created":"2017-05-16T11:39:27.000+0000","updated":"2017-09-11T09:22:30.000+0000","id":"5025","type":"yum","label":"rhel-7-server-rhv-4.0-debug-rpms","name":"Red Hat Virtualization Manager 4.0 (RHEL 7 Server) (Debug RPMs)","vendor":"Red Hat","contentUrl":"/content/dist/rhel/server/7/7Server/$basearch/rhv/4.0/debug","requiredTags":"rhel-7-server","gpgUrl":"file:///etc/pki/rpm-gpg/RPM-GPG-KEY-redhat-release","modifiedProductIds":[],"arches":"x86_64","metadataExpire":86400,"uuid":"8a99f9835e62e718015e711b092929b5","releaseVersion":null},"enabled":false},{"content":{"created":"2017-05-16T11:39:36.000+0000","updated":"2017-09-11T09:22:30.000+0000","id":"5026","type":"yum","label":"rhel-7-server-rhv-4.0-source-rpms","name":"Red Hat Virtualization Manager 4.0 (RHEL 7 Server) (Source RPMs)","vendor":"Red Hat","contentUrl":"/content/dist/rhel/server/7/7Server/$basearch/rhv/4.0/source/SRPMS","requiredTags":"rhel-7-server","gpgUrl":"file:///etc/pki/rpm-gpg/RPM-GPG-KEY-redhat-release","modifiedProductIds":[],"arches":"x86_64","metadataExpire":86400,"uuid":"8a99f9835e62e718015e711b092a29b6","releaseVersion":null},"enabled":false},{"content":{"created":"2017-09-11T09:21:48.000+0000","updated":"2017-09-11T09:21:48.000+0000","id":"3244","type":"file","label":"rhel-6-server-rhevm-3.4-files","name":"Red Hat Enterprise Virtualization Manager 3.4 (Files)","vendor":"Red Hat","contentUrl":"/content/dist/rhel/server/6/$releasever/$basearch/rhevm/3.4/files","requiredTags":"rhel-6-server","gpgUrl":"file:///etc/pki/rpm-gpg/RPM-GPG-KEY-redhat-release","modifiedProductIds":[],"arches":"x86_64","metadataExpire":86400,"uuid":"8a99f9835e62e718015e711a65152025","releaseVersion":null},"enabled":false},{"content":{"created":"2017-09-11T09:21:48.000+0000","updated":"2017-09-11T09:21:48.000+0000","id":"3243","type":"yum","label":"rhel-6-server-rhevm-3.4-source-rpms","name":"Red Hat Enterprise Virtualization Manager 3.4 (Source RPMs)","vendor":"Red Hat","contentUrl":"/content/dist/rhel/server/6/$releasever/$basearch/rhevm/3.4/source/SRPMS","requiredTags":"rhel-6-server","gpgUrl":"file:///etc/pki/rpm-gpg/RPM-GPG-KEY-redhat-release","modifiedProductIds":[],"arches":"x86_64","metadataExpire":86400,"uuid":"8a99f9835e62e718015e711a65152024","releaseVersion":null},"enabled":false},{"content":{"created":"2017-09-11T09:21:48.000+0000","updated":"2017-09-11T09:21:48.000+0000","id":"3242","type":"yum","label":"rhel-6-server-rhevm-3.4-debug-rpms","name":"Red Hat Enterprise Virtualization Manager 3.4 (Debug RPMs)","vendor":"Red Hat","contentUrl":"/content/dist/rhel/server/6/$releasever/$basearch/rhevm/3.4/debug","requiredTags":"rhel-6-server","gpgUrl":"file:///etc/pki/rpm-gpg/RPM-GPG-KEY-redhat-release","modifiedProductIds":[],"arches":"x86_64","metadataExpire":86400,"uuid":"8a99f9835e62e718015e711a65152023","releaseVersion":null},"enabled":false},{"content":{"created":"2017-09-11T09:21:48.000+0000","updated":"2017-09-11T09:21:48.000+0000","id":"3241","type":"yum","label":"rhel-6-server-rhevm-3.4-rpms","name":"Red Hat Enterprise Virtualization Manager 3.4 (RPMs)","vendor":"Red Hat","contentUrl":"/content/dist/rhel/server/6/$releasever/$basearch/rhevm/3.4/os","requiredTags":"rhel-6-server","gpgUrl":"file:///etc/pki/rpm-gpg/RPM-GPG-KEY-redhat-release","modifiedProductIds":[],"arches":"x86_64","metadataExpire":86400,"uuid":"8a99f9835e62e718015e711a65152022","releaseVersion":null},"enabled":false},{"content":{"created":"2017-09-11T09:21:48.000+0000","updated":"2017-09-11T09:21:48.000+0000","id":"1855","type":"yum","label":"rhel-6-server-rhevm-3.2-debug-rpms","name":"Red Hat Enterprise Virtualization Manager 3.2 (Debug RPMs)","vendor":"Red Hat","contentUrl":"/content/dist/rhel/server/6/$releasever/$basearch/rhevm/3.2/debug","requiredTags":"rhel-6-server","gpgUrl":"file:///etc/pki/rpm-gpg/RPM-GPG-KEY-redhat-release","modifiedProductIds":[],"arches":"x86_64","metadataExpire":86400,"uuid":"8a99f9835e62e718015e711a651f2123","releaseVersion":null},"enabled":false},{"content":{"created":"2017-09-11T09:21:48.000+0000","updated":"2017-09-11T09:21:48.000+0000","id":"1854","type":"yum","label":"rhel-6-server-rhevm-3.2-rpms","name":"Red Hat Enterprise Virtualization Manager 3.2 (RPMs)","vendor":"Red Hat","contentUrl":"/content/dist/rhel/server/6/$releasever/$basearch/rhevm/3.2/os","requiredTags":"rhel-6-server","gpgUrl":"file:///etc/pki/rpm-gpg/RPM-GPG-KEY-redhat-release","modifiedProductIds":[],"arches":"x86_64","metadataExpire":86400,"uuid":"8a99f9835e62e718015e711a651f2125","releaseVersion":null},"enabled":false},{"content":{"created":"2017-09-11T14:53:40.000+0000","updated":"2017-09-11T14:53:40.000+0000","id":"3114","type":"yum","label":"rhel-7-server-rhev-mgmt-agent-beta-source-rpms","name":"Red Hat Enterprise Virtualization Management Agents Beta for RHEL 7 (Source RPMs)","vendor":"Red Hat","contentUrl":"/content/beta/rhel/server/7/$basearch/rhev-mgmt-agent/3/source/SRPMS","requiredTags":"rhel-7-server","gpgUrl":"file:///etc/pki/rpm-gpg/RPM-GPG-KEY-redhat-release,file:///etc/pki/rpm-gpg/RPM-GPG-KEY-redhat-beta","modifiedProductIds":[],"arches":"x86_64","metadataExpire":86400,"uuid":"8a99f9845e718933015e724a38a9088e","releaseVersion":null},"enabled":false},{"content":{"created":"2017-09-11T14:53:40.000+0000","updated":"2017-09-11T14:53:40.000+0000","id":"3113","type":"yum","label":"rhel-7-server-rhev-mgmt-agent-beta-debug-rpms","name":"Red Hat Enterprise Virtualization Management Agents Beta for RHEL 7 (Debug RPMs)","vendor":"Red Hat","contentUrl":"/content/beta/rhel/server/7/$basearch/rhev-mgmt-agent/3/debug","requiredTags":"rhel-7-server","gpgUrl":"file:///etc/pki/rpm-gpg/RPM-GPG-KEY-redhat-release,file:///etc/pki/rpm-gpg/RPM-GPG-KEY-redhat-beta","modifiedProductIds":[],"arches":"x86_64","metadataExpire":86400,"uuid":"8a99f9845e718933015e724a38a9088d","releaseVersion":null},"enabled":false},{"content":{"created":"2017-05-16T11:39:56.000+0000","updated":"2017-09-11T09:22:10.000+0000","id":"5533","type":"yum","label":"rhel-7-server-rhv-4.1-rpms","name":"Red Hat Virtualization Manager 4.1 (RHEL 7 Server) (RPMs)","vendor":"Red Hat","contentUrl":"/content/dist/rhel/server/7/7Server/$basearch/rhv/4.1/os","requiredTags":"rhel-7-server","gpgUrl":"file:///etc/pki/rpm-gpg/RPM-GPG-KEY-redhat-release","modifiedProductIds":[],"arches":"x86_64","metadataExpire":86400,"uuid":"8a99f9835e62e718015e711ab80a23ef","releaseVersion":null},"enabled":false},{"content":{"created":"2017-05-16T11:39:49.000+0000","updated":"2017-09-11T09:22:10.000+0000","id":"5534","type":"yum","label":"rhel-7-server-rhv-4.1-debug-rpms","name":"Red Hat Virtualization Manager 4.1 (RHEL 7 Server) (Debug RPMs)","vendor":"Red Hat","contentUrl":"/content/dist/rhel/server/7/7Server/$basearch/rhv/4.1/debug","requiredTags":"rhel-7-server","gpgUrl":"file:///etc/pki/rpm-gpg/RPM-GPG-KEY-redhat-release","modifiedProductIds":[],"arches":"x86_64","metadataExpire":86400,"uuid":"8a99f9835e62e718015e711ab80a23f2","releaseVersion":null},"enabled":false},{"content":{"created":"2017-05-16T11:39:21.000+0000","updated":"2017-09-11T09:22:10.000+0000","id":"5535","type":"yum","label":"rhel-7-server-rhv-4.1-source-rpms","name":"Red Hat Virtualization Manager 4.1 (RHEL 7 Server) (Source RPMs)","vendor":"Red Hat","contentUrl":"/content/dist/rhel/server/7/7Server/$basearch/rhv/4.1/source/SRPMS","requiredTags":"rhel-7-server","gpgUrl":"file:///etc/pki/rpm-gpg/RPM-GPG-KEY-redhat-release","modifiedProductIds":[],"arches":"x86_64","metadataExpire":86400,"uuid":"8a99f9835e62e718015e711ab80a23e9","releaseVersion":null},"enabled":false},{"content":{"created":"2017-05-16T11:39:26.000+0000","updated":"2017-09-11T09:22:10.000+0000","id":"5536","type":"file","label":"rhel-7-server-rhv-4.1-files","name":"Red Hat Virtualization Manager 4.1 (RHEL 7 Server) (Files)","vendor":"Red Hat","contentUrl":"/content/dist/rhel/server/7/7Server/$basearch/rhv/4.1/files","requiredTags":"rhel-7-server","gpgUrl":"file:///etc/pki/rpm-gpg/RPM-GPG-KEY-redhat-release","modifiedProductIds":[],"arches":"x86_64","metadataExpire":86400,"uuid":"8a99f9835e62e718015e711ab80a23ea","releaseVersion":null},"enabled":false},{"content":{"created":"2017-09-11T09:21:48.000+0000","updated":"2017-09-11T09:21:48.000+0000","id":"1857","type":"file","label":"rhel-6-server-rhevm-3.2-files","name":"Red Hat Enterprise Virtualization Manager 3.2 (Files)","vendor":"Red Hat","contentUrl":"/content/dist/rhel/server/6/$releasever/$basearch/rhevm/3.2/files","requiredTags":"rhel-6-server","gpgUrl":"file:///etc/pki/rpm-gpg/RPM-GPG-KEY-redhat-release","modifiedProductIds":[],"arches":"x86_64","metadataExpire":86400,"uuid":"8a99f9835e62e718015e711a651f211d","releaseVersion":null},"enabled":false},{"content":{"created":"2017-09-11T09:21:48.000+0000","updated":"2017-09-11T09:21:48.000+0000","id":"1856","type":"yum","label":"rhel-6-server-rhevm-3.2-source-rpms","name":"Red Hat Enterprise Virtualization Manager 3.2 (Source RPMs)","vendor":"Red Hat","contentUrl":"/content/dist/rhel/server/6/$releasever/$basearch/rhevm/3.2/source/SRPMS","requiredTags":"rhel-6-server","gpgUrl":"file:///etc/pki/rpm-gpg/RPM-GPG-KEY-redhat-release","modifiedProductIds":[],"arches":"x86_64","metadataExpire":86400,"uuid":"8a99f9835e62e718015e711a651f211e","releaseVersion":null},"enabled":false},{"content":{"created":"2017-05-16T11:39:22.000+0000","updated":"2017-09-11T09:22:30.000+0000","id":"5030","type":"yum","label":"rhel-7-server-rhv-4-beta-source-rpms","name":"Red Hat Virtualization Manager 4 Beta (Source RPMs)","vendor":"Red Hat","contentUrl":"/content/beta/rhel/server/7/$basearch/rhv/4/source/SRPMS","requiredTags":"rhel-7-server","gpgUrl":"file:///etc/pki/rpm-gpg/RPM-GPG-KEY-redhat-release,file:///etc/pki/rpm-gpg/RPM-GPG-KEY-redhat-beta","modifiedProductIds":[],"arches":"x86_64","metadataExpire":86400,"uuid":"8a99f9835e62e718015e711b092a29ce","releaseVersion":null},"enabled":false},{"content":{"created":"2017-05-16T11:39:46.000+0000","updated":"2017-09-11T09:22:10.000+0000","id":"5151","type":"yum","label":"rhel-7-server-rhv-4-mgmt-agent-beta-source-rpms","name":"Red Hat Virtualization 4 Management Agents for RHEL 7 Beta (Source RPMs)","vendor":"Red Hat","contentUrl":"/content/beta/rhel/server/7/$basearch/rhv-mgmt-agent/4/source/SRPMS","requiredTags":"rhel-7-server","gpgUrl":"file:///etc/pki/rpm-gpg/RPM-GPG-KEY-redhat-release,file:///etc/pki/rpm-gpg/RPM-GPG-KEY-redhat-beta","modifiedProductIds":[],"arches":"x86_64","metadataExpire":86400,"uuid":"8a99f9835e62e718015e711ab80b2419","releaseVersion":null},"enabled":false},{"content":{"created":"2017-05-16T11:39:48.000+0000","updated":"2017-09-11T09:22:30.000+0000","id":"5031","type":"file","label":"rhel-7-server-rhv-4-beta-files","name":"Red Hat Virtualization Manager 4 Beta (Files)","vendor":"Red Hat","contentUrl":"/content/beta/rhel/server/7/$basearch/rhv/4/files","requiredTags":"rhel-7-server","gpgUrl":"file:///etc/pki/rpm-gpg/RPM-GPG-KEY-redhat-release,file:///etc/pki/rpm-gpg/RPM-GPG-KEY-redhat-beta","modifiedProductIds":[],"arches":"x86_64","metadataExpire":86400,"uuid":"8a99f9835e62e718015e711b092b29cf","releaseVersion":null},"enabled":false},{"content":{"created":"2017-05-16T11:39:31.000+0000","updated":"2017-09-11T09:22:30.000+0000","id":"5274","type":"yum","label":"rhel-7-server-rhvh-4-build-rpms","name":"Red Hat Virtualization Host 7 Build (RPMs)","vendor":"Red Hat","contentUrl":"/content/dist/rhel/server/7/7Server/$basearch/rhvh-build/4/os","requiredTags":"rhel-7-server","gpgUrl":"file:///etc/pki/rpm-gpg/RPM-GPG-KEY-redhat-release","modifiedProductIds":[],"arches":"x86_64","metadataExpire":86400,"uuid":"8a99f9835e62e718015e711b092e2a1b","releaseVersion":null},"enabled":false},{"content":{"created":"2018-05-23T19:37:56.000+0000","updated":"2018-06-05T23:27:59.000+0000","id":"7332","type":"containerimage","label":"rhel-7-server-ovirt-guest-agent-multiarch-containers","name":"Red Hat Virtualization Guest Agent (Containers) for RHEL 7 Server Multiarch","vendor":"Red Hat","contentUrl":"/content/dist/rhel/server/7/7Server/multiarch/ovirt-guest-agent/containers","requiredTags":"rhel-7-server","gpgUrl":"file:///etc/pki/rpm-gpg/RPM-GPG-KEY-redhat-release","modifiedProductIds":[],"arches":"x86_64","metadataExpire":86400,"uuid":"8a99f98363a471250163d3230bd56a78","releaseVersion":null},"enabled":false},{"content":{"created":"2018-05-23T19:37:56.000+0000","updated":"2018-05-23T19:37:56.000+0000","id":"7331","type":"containerimage","label":"rhel-7-server-rhevm-guest-agent-multiarch-containers","name":"Red Hat Virtualization Guest Agent (Containers) for Red Hat Enterprise Linux 7 Server Multiarch","vendor":"Red Hat","contentUrl":"/content/dist/rhel/server/7/7Server/multiarch/rhevm-guest-agent/containers","requiredTags":"rhel-7-server","gpgUrl":"file:///etc/pki/rpm-gpg/RPM-GPG-KEY-redhat-release","modifiedProductIds":[],"arches":"x86_64","metadataExpire":86400,"uuid":"8a99f9836374c53801638f5dc1904c59","releaseVersion":null},"enabled":false},{"content":{"created":"2017-05-16T11:39:59.000+0000","updated":"2017-09-11T09:22:30.000+0000","id":"5275","type":"yum","label":"rhel-7-server-rhvh-4-build-debug-rpms","name":"Red Hat Virtualization Host 7 Build (Debug RPMs)","vendor":"Red Hat","contentUrl":"/content/dist/rhel/server/7/7Server/$basearch/rhvh-build/4/debug","requiredTags":"rhel-7-server","gpgUrl":"file:///etc/pki/rpm-gpg/RPM-GPG-KEY-redhat-release","modifiedProductIds":[],"arches":"x86_64","metadataExpire":86400,"uuid":"8a99f9835e62e718015e711b092e2a1c","releaseVersion":null},"enabled":false},{"content":{"created":"2017-05-16T11:39:33.000+0000","updated":"2017-09-11T09:22:30.000+0000","id":"5276","type":"yum","label":"rhel-7-server-rhvh-4-build-source-rpms","name":"Red Hat Virtualization Host 7 Build (Source RPMs)","vendor":"Red Hat","contentUrl":"/content/dist/rhel/server/7/7Server/$basearch/rhvh-build/4/source/SRPMS","requiredTags":"rhel-7-server","gpgUrl":"file:///etc/pki/rpm-gpg/RPM-GPG-KEY-redhat-release","modifiedProductIds":[],"arches":"x86_64","metadataExpire":86400,"uuid":"8a99f9835e62e718015e711b092e2a1d","releaseVersion":null},"enabled":false},{"content":{"created":"2017-05-16T11:39:34.000+0000","updated":"2017-09-11T09:22:30.000+0000","id":"5277","type":"yum","label":"rhel-7-server-rhvh-4-build-beta-rpms","name":"Red Hat Virtualization Host 7 Build Beta (RPMs)","vendor":"Red Hat","contentUrl":"/content/beta/rhel/server/7/$basearch/rhvh-build/4/os","requiredTags":"rhel-7-server","gpgUrl":"file:///etc/pki/rpm-gpg/RPM-GPG-KEY-redhat-release,file:///etc/pki/rpm-gpg/RPM-GPG-KEY-redhat-beta","modifiedProductIds":[],"arches":"x86_64","metadataExpire":86400,"uuid":"8a99f9835e62e718015e711b092e2a1f","releaseVersion":null},"enabled":false},{"content":{"created":"2018-04-02T15:31:09.000+0000","updated":"2018-04-02T15:31:09.000+0000","id":"7179","type":"yum","label":"rhel-5-server-rhevh-rpms","name":"Red Hat Enterprise Virtualization Hypervisor (for RHEL 5 Server) (RPMs)","vendor":"Red Hat","contentUrl":"/content/dist/rhel/server/5/$releasever/$basearch/rhevh/os","requiredTags":"rhel-5-server","gpgUrl":"file:///etc/pki/rpm-gpg/RPM-GPG-KEY-redhat-release","modifiedProductIds":[],"arches":"x86_64","metadataExpire":86400,"uuid":"8a99f98362731c75016287d77ea666b2","releaseVersion":null},"enabled":false},{"content":{"created":"2017-05-16T11:39:51.000+0000","updated":"2017-09-11T09:22:30.000+0000","id":"5278","type":"yum","label":"rhel-7-server-rhvh-4-build-beta-debug-rpms","name":"Red Hat Virtualization Host 7 Build Beta (Debug RPMs)","vendor":"Red Hat","contentUrl":"/content/beta/rhel/server/7/$basearch/rhvh-build/4/debug","requiredTags":"rhel-7-server","gpgUrl":"file:///etc/pki/rpm-gpg/RPM-GPG-KEY-redhat-release,file:///etc/pki/rpm-gpg/RPM-GPG-KEY-redhat-beta","modifiedProductIds":[],"arches":"x86_64","metadataExpire":86400,"uuid":"8a99f9835e62e718015e711b092e2a21","releaseVersion":null},"enabled":false},{"content":{"created":"2017-05-16T11:39:52.000+0000","updated":"2017-09-11T09:22:30.000+0000","id":"5279","type":"yum","label":"rhel-7-server-rhvh-4-build-beta-source-rpms","name":"Red Hat Virtualization Host 7 Build Beta (Source RPMs)","vendor":"Red Hat","contentUrl":"/content/beta/rhel/server/7/$basearch/rhvh-build/4/source/SRPMS","requiredTags":"rhel-7-server","gpgUrl":"file:///etc/pki/rpm-gpg/RPM-GPG-KEY-redhat-release,file:///etc/pki/rpm-gpg/RPM-GPG-KEY-redhat-beta","modifiedProductIds":[],"arches":"x86_64","metadataExpire":86400,"uuid":"8a99f9835e62e718015e711b092e2a22","releaseVersion":null},"enabled":false},{"content":{"created":"2017-09-11T14:53:40.000+0000","updated":"2017-09-11T14:53:40.000+0000","id":"1594","type":"yum","label":"rhel-5-server-rhev-mgmt-agent-beta-rpms","name":"Red Hat Enterprise Virtualization Management Agents 5 Beta (RPMs)","vendor":"Red Hat","contentUrl":"/content/beta/rhel/server/5/$releasever/$basearch/rhev-mgmt-agent/3/os","requiredTags":"rhel-5-server","gpgUrl":"file:///etc/pki/rpm-gpg/RPM-GPG-KEY-redhat-release,file:///etc/pki/rpm-gpg/RPM-GPG-KEY-redhat-beta","modifiedProductIds":[],"arches":"x86_64","metadataExpire":86400,"uuid":"8a99f9845e718933015e724a38a5082f","releaseVersion":null},"enabled":false},{"content":{"created":"2017-09-11T09:22:10.000+0000","updated":"2017-09-11T09:22:10.000+0000","id":"1110","type":"yum","label":"rhel-6-server-rhevh-source-rpms","name":"Red Hat Enterprise Virtualization Hypervisor (Source RPMs)","vendor":"Red Hat","contentUrl":"/content/dist/rhel/server/6/$releasever/$basearch/rhevh/source/SRPMS","requiredTags":"rhel-6-server","gpgUrl":"file:///etc/pki/rpm-gpg/RPM-GPG-KEY-redhat-release","modifiedProductIds":[],"arches":"x86_64","metadataExpire":86400,"uuid":"8a99f9835e62e718015e711ab80a23f3","releaseVersion":null},"enabled":false},{"content":{"created":"2017-09-11T09:21:48.000+0000","updated":"2017-09-11T09:21:48.000+0000","id":"1593","type":"yum","label":"rhel-5-server-rhev-mgmt-agent-source-rpms","name":"Red Hat Enterprise Virtualization Management Agents 5 (Source RPMs)","vendor":"Red Hat","contentUrl":"/content/dist/rhel/server/5/$releasever/$basearch/rhev-mgmt-agent/3/source/SRPMS","requiredTags":"rhel-5-server","gpgUrl":"file:///etc/pki/rpm-gpg/RPM-GPG-KEY-redhat-release","modifiedProductIds":[],"arches":"x86_64","metadataExpire":86400,"uuid":"8a99f9835e62e718015e711a65232181","releaseVersion":null},"enabled":false},{"content":{"created":"2017-09-11T09:21:48.000+0000","updated":"2017-09-11T09:21:48.000+0000","id":"1592","type":"yum","label":"rhel-5-server-rhev-mgmt-agent-debug-rpms","name":"Red Hat Enterprise Virtualization Management Agents 5 (Debug RPMs)","vendor":"Red Hat","contentUrl":"/content/dist/rhel/server/5/$releasever/$basearch/rhev-mgmt-agent/3/debug","requiredTags":"rhel-5-server","gpgUrl":"file:///etc/pki/rpm-gpg/RPM-GPG-KEY-redhat-release","modifiedProductIds":[],"arches":"x86_64","metadataExpire":86400,"uuid":"8a99f9835e62e718015e711a65232185","releaseVersion":null},"enabled":false},{"content":{"created":"2017-09-11T09:21:48.000+0000","updated":"2017-09-11T09:21:48.000+0000","id":"1591","type":"yum","label":"rhel-5-server-rhev-mgmt-agent-rpms","name":"Red Hat Enterprise Virtualization Management Agents 5 (RPMs)","vendor":"Red Hat","contentUrl":"/content/dist/rhel/server/5/$releasever/$basearch/rhev-mgmt-agent/3/os","requiredTags":"rhel-5-server","gpgUrl":"file:///etc/pki/rpm-gpg/RPM-GPG-KEY-redhat-release","modifiedProductIds":[],"arches":"x86_64","metadataExpire":86400,"uuid":"8a99f9835e62e718015e711a65232184","releaseVersion":null},"enabled":false},{"content":{"created":"2017-09-11T14:53:40.000+0000","updated":"2017-09-11T14:53:40.000+0000","id":"3252","type":"file","label":"rhel-7-server-rhevh-beta-files","name":"Red Hat Enterprise Virtualization Hypervisor 7 Beta (Files)","vendor":"Red Hat","contentUrl":"/content/beta/rhel/server/7/$basearch/rhevh/files","requiredTags":"rhel-7-server","gpgUrl":"file:///etc/pki/rpm-gpg/RPM-GPG-KEY-redhat-release,file:///etc/pki/rpm-gpg/RPM-GPG-KEY-redhat-beta","modifiedProductIds":[],"arches":"x86_64","metadataExpire":86400,"uuid":"8a99f9845e718933015e724a38a40817","releaseVersion":null},"enabled":false},{"content":{"created":"2017-09-11T14:53:40.000+0000","updated":"2017-09-11T14:53:40.000+0000","id":"3251","type":"yum","label":"rhel-7-server-rhevh-beta-source-rpms","name":"Red Hat Enterprise Virtualization Hypervisor 7 Beta (Source RPMs)","vendor":"Red Hat","contentUrl":"/content/beta/rhel/server/7/$basearch/rhevh/source/SRPMS","requiredTags":"rhel-7-server","gpgUrl":"file:///etc/pki/rpm-gpg/RPM-GPG-KEY-redhat-release,file:///etc/pki/rpm-gpg/RPM-GPG-KEY-redhat-beta","modifiedProductIds":[],"arches":"x86_64","metadataExpire":86400,"uuid":"8a99f9845e718933015e724a38a40816","releaseVersion":null},"enabled":false},{"content":{"created":"2017-09-11T14:53:40.000+0000","updated":"2017-09-11T14:53:40.000+0000","id":"3250","type":"yum","label":"rhel-7-server-rhevh-beta-debug-rpms","name":"Red Hat Enterprise Virtualization Hypervisor 7 Beta (Debug RPMs)","vendor":"Red Hat","contentUrl":"/content/beta/rhel/server/7/$basearch/rhevh/debug","requiredTags":"rhel-7-server","gpgUrl":"file:///etc/pki/rpm-gpg/RPM-GPG-KEY-redhat-release,file:///etc/pki/rpm-gpg/RPM-GPG-KEY-redhat-beta","modifiedProductIds":[],"arches":"x86_64","metadataExpire":86400,"uuid":"8a99f9845e718933015e724a38a40815","releaseVersion":null},"enabled":false},{"content":{"created":"2017-05-16T11:39:23.000+0000","updated":"2017-09-11T09:22:10.000+0000","id":"5150","type":"yum","label":"rhel-7-server-rhv-4-mgmt-agent-beta-debug-rpms","name":"Red Hat Virtualization 4 Management Agents for RHEL 7 Beta (Debug RPMs)","vendor":"Red Hat","contentUrl":"/content/beta/rhel/server/7/$basearch/rhv-mgmt-agent/4/debug","requiredTags":"rhel-7-server","gpgUrl":"file:///etc/pki/rpm-gpg/RPM-GPG-KEY-redhat-release,file:///etc/pki/rpm-gpg/RPM-GPG-KEY-redhat-beta","modifiedProductIds":[],"arches":"x86_64","metadataExpire":86400,"uuid":"8a99f9835e62e718015e711ab80c2425","releaseVersion":null},"enabled":false},{"content":{"created":"2017-09-11T14:53:40.000+0000","updated":"2017-09-11T14:53:40.000+0000","id":"3249","type":"yum","label":"rhel-7-server-rhevh-beta-rpms","name":"Red Hat Enterprise Virtualization Hypervisor 7 Beta (RPMs)","vendor":"Red Hat","contentUrl":"/content/beta/rhel/server/7/$basearch/rhevh/os","requiredTags":"rhel-7-server","gpgUrl":"file:///etc/pki/rpm-gpg/RPM-GPG-KEY-redhat-release,file:///etc/pki/rpm-gpg/RPM-GPG-KEY-redhat-beta","modifiedProductIds":[],"arches":"x86_64","metadataExpire":86400,"uuid":"8a99f9845e718933015e724a38a40818","releaseVersion":null},"enabled":false},{"content":{"created":"2017-09-11T09:21:48.000+0000","updated":"2017-09-11T09:21:48.000+0000","id":"3248","type":"file","label":"rhel-7-server-rhevh-files","name":"Red Hat Enterprise Virtualization Hypervisor 7 (Files)","vendor":"Red Hat","contentUrl":"/content/dist/rhel/server/7/$releasever/$basearch/rhevh/files","requiredTags":"rhel-7-server","gpgUrl":"file:///etc/pki/rpm-gpg/RPM-GPG-KEY-redhat-release","modifiedProductIds":[],"arches":"x86_64","metadataExpire":86400,"uuid":"8a99f9835e62e718015e711a65162043","releaseVersion":null},"enabled":false},{"content":{"created":"2017-09-11T09:21:48.000+0000","updated":"2017-09-11T09:21:48.000+0000","id":"3247","type":"yum","label":"rhel-7-server-rhevh-source-rpms","name":"Red Hat Enterprise Virtualization Hypervisor 7 (Source RPMs)","vendor":"Red Hat","contentUrl":"/content/dist/rhel/server/7/$releasever/$basearch/rhevh/source/SRPMS","requiredTags":"rhel-7-server","gpgUrl":"file:///etc/pki/rpm-gpg/RPM-GPG-KEY-redhat-release","modifiedProductIds":[],"arches":"x86_64","metadataExpire":86400,"uuid":"8a99f9835e62e718015e711a65162045","releaseVersion":null},"enabled":false},{"content":{"created":"2017-09-11T09:21:48.000+0000","updated":"2017-09-11T09:21:48.000+0000","id":"3246","type":"yum","label":"rhel-7-server-rhevh-debug-rpms","name":"Red Hat Enterprise Virtualization Hypervisor 7 (Debug RPMs)","vendor":"Red Hat","contentUrl":"/content/dist/rhel/server/7/$releasever/$basearch/rhevh/debug","requiredTags":"rhel-7-server","gpgUrl":"file:///etc/pki/rpm-gpg/RPM-GPG-KEY-redhat-release","modifiedProductIds":[],"arches":"x86_64","metadataExpire":86400,"uuid":"8a99f9835e62e718015e711a65162048","releaseVersion":null},"enabled":false},{"content":{"created":"2017-09-11T09:22:10.000+0000","updated":"2017-09-11T09:22:10.000+0000","id":"1101","type":"yum","label":"rhel-6-server-rhev-mgmt-agent-source-rpms","name":"Red Hat Enterprise Virtualization Management Agents (Source RPMs)","vendor":"Red Hat","contentUrl":"/content/dist/rhel/server/6/$releasever/$basearch/rhev-mgmt-agent/3/source/SRPMS","requiredTags":"rhel-6-server","gpgUrl":"file:///etc/pki/rpm-gpg/RPM-GPG-KEY-redhat-release","modifiedProductIds":[],"arches":"x86_64","metadataExpire":86400,"uuid":"8a99f9835e62e718015e711ab80a23f0","releaseVersion":null},"enabled":false},{"content":{"created":"2017-09-11T09:21:48.000+0000","updated":"2017-09-11T09:21:48.000+0000","id":"3245","type":"yum","label":"rhel-7-server-rhevh-rpms","name":"Red Hat Enterprise Virtualization Hypervisor 7 (RPMs)","vendor":"Red Hat","contentUrl":"/content/dist/rhel/server/7/$releasever/$basearch/rhevh/os","requiredTags":"rhel-7-server","gpgUrl":"file:///etc/pki/rpm-gpg/RPM-GPG-KEY-redhat-release","modifiedProductIds":[],"arches":"x86_64","metadataExpire":86400,"uuid":"8a99f9835e62e718015e711a6516204b","releaseVersion":null},"enabled":false},{"content":{"created":"2017-09-11T09:22:10.000+0000","updated":"2017-09-11T09:22:10.000+0000","id":"1100","type":"yum","label":"rhel-6-server-rhev-mgmt-agent-debug-rpms","name":"Red Hat Enterprise Virtualization Management Agents (Debug RPMs)","vendor":"Red Hat","contentUrl":"/content/dist/rhel/server/6/$releasever/$basearch/rhev-mgmt-agent/3/debug","requiredTags":"rhel-6-server","gpgUrl":"file:///etc/pki/rpm-gpg/RPM-GPG-KEY-redhat-release","modifiedProductIds":[],"arches":"x86_64","metadataExpire":86400,"uuid":"8a99f9835e62e718015e711ab80a23ed","releaseVersion":null},"enabled":false},{"content":{"created":"2017-05-16T11:39:24.000+0000","updated":"2017-09-11T09:22:30.000+0000","id":"5027","type":"file","label":"rhel-7-server-rhv-4.0-files","name":"Red Hat Virtualization Manager 4.0 (RHEL 7 Server) (Files)","vendor":"Red Hat","contentUrl":"/content/dist/rhel/server/7/7Server/$basearch/rhv/4.0/files","requiredTags":"rhel-7-server","gpgUrl":"file:///etc/pki/rpm-gpg/RPM-GPG-KEY-redhat-release","modifiedProductIds":[],"arches":"x86_64","metadataExpire":86400,"uuid":"8a99f9835e62e718015e711b092b29d1","releaseVersion":null},"enabled":false},{"content":{"created":"2017-05-16T11:39:50.000+0000","updated":"2017-09-11T09:22:30.000+0000","id":"5028","type":"yum","label":"rhel-7-server-rhv-4-beta-rpms","name":"Red Hat Virtualization Manager 4 Beta (RPMs)","vendor":"Red Hat","contentUrl":"/content/beta/rhel/server/7/$basearch/rhv/4/os","requiredTags":"rhel-7-server","gpgUrl":"file:///etc/pki/rpm-gpg/RPM-GPG-KEY-redhat-release,file:///etc/pki/rpm-gpg/RPM-GPG-KEY-redhat-beta","modifiedProductIds":[],"arches":"x86_64","metadataExpire":86400,"uuid":"8a99f9835e62e718015e711b092b29d0","releaseVersion":null},"enabled":false},{"content":{"created":"2017-05-16T11:39:56.000+0000","updated":"2017-09-11T09:22:10.000+0000","id":"5149","type":"yum","label":"rhel-7-server-rhv-4-mgmt-agent-beta-rpms","name":"Red Hat Virtualization 4 Management Agents for RHEL 7 Beta (RPMs)","vendor":"Red Hat","contentUrl":"/content/beta/rhel/server/7/$basearch/rhv-mgmt-agent/4/os","requiredTags":"rhel-7-server","gpgUrl":"file:///etc/pki/rpm-gpg/RPM-GPG-KEY-redhat-release,file:///etc/pki/rpm-gpg/RPM-GPG-KEY-redhat-beta","modifiedProductIds":[],"arches":"x86_64","metadataExpire":86400,"uuid":"8a99f9835e62e718015e711ab80c2428","releaseVersion":null},"enabled":false},{"content":{"created":"2017-05-16T11:39:38.000+0000","updated":"2017-09-11T09:22:30.000+0000","id":"5029","type":"yum","label":"rhel-7-server-rhv-4-beta-debug-rpms","name":"Red Hat Virtualization Manager 4 Beta (Debug RPMs)","vendor":"Red Hat","contentUrl":"/content/beta/rhel/server/7/$basearch/rhv/4/debug","requiredTags":"rhel-7-server","gpgUrl":"file:///etc/pki/rpm-gpg/RPM-GPG-KEY-redhat-release,file:///etc/pki/rpm-gpg/RPM-GPG-KEY-redhat-beta","modifiedProductIds":[],"arches":"x86_64","metadataExpire":86400,"uuid":"8a99f9835e62e718015e711b092b29d2","releaseVersion":null},"enabled":false},{"content":{"created":"2017-05-16T11:39:39.000+0000","updated":"2017-09-11T09:21:48.000+0000","id":"4976","type":"containerimage","label":"rhel-7-server-rhevm-guest-agent-containers","name":"Red Hat Enterprise Virtualization Guest Agent (Containers)","vendor":"Red Hat","contentUrl":"/content/dist/rhel/server/7/7Server/x86_64/rhevm-guest-agent/containers","requiredTags":"rhel-7-server","gpgUrl":"file:///etc/pki/rpm-gpg/RPM-GPG-KEY-redhat-release","modifiedProductIds":[],"arches":"x86_64","metadataExpire":86400,"uuid":"8a99f9835e62e718015e711a65162040","releaseVersion":null},"enabled":false},{"content":{"created":"2017-05-16T11:39:41.000+0000","updated":"2017-09-11T09:21:48.000+0000","id":"4977","type":"containerimage","label":"rhel-7-server-rhevm-guest-agent-beta-containers","name":"Red Hat Enterprise Virtualization Guest Agent - Beta (Containers)","vendor":"Red Hat","contentUrl":"/content/beta/rhel/server/7/x86_64/rhevm-guest-agent/containers","requiredTags":"rhel-7-server","gpgUrl":"file:///etc/pki/rpm-gpg/RPM-GPG-KEY-redhat-beta,file:///etc/pki/rpm-gpg/RPM-GPG-KEY-redhat-release","modifiedProductIds":[],"arches":"x86_64","metadataExpire":86400,"uuid":"8a99f9835e62e718015e711a65162041","releaseVersion":null},"enabled":false},{"content":{"created":"2017-09-11T09:22:10.000+0000","updated":"2017-09-11T09:22:10.000+0000","id":"1109","type":"yum","label":"rhel-6-server-rhevh-debug-rpms","name":"Red Hat Enterprise Virtualization Hypervisor (Debug RPMs)","vendor":"Red Hat","contentUrl":"/content/dist/rhel/server/6/$releasever/$basearch/rhevh/debug","requiredTags":"rhel-6-server","gpgUrl":"file:///etc/pki/rpm-gpg/RPM-GPG-KEY-redhat-release","modifiedProductIds":[],"arches":"x86_64","metadataExpire":86400,"uuid":"8a99f9835e62e718015e711ab80a23e1","releaseVersion":null},"enabled":false},{"content":{"created":"2017-09-11T09:22:10.000+0000","updated":"2017-09-11T09:22:10.000+0000","id":"1108","type":"yum","label":"rhel-6-server-rhevh-rpms","name":"Red Hat Enterprise Virtualization Hypervisor (RPMs)","vendor":"Red Hat","contentUrl":"/content/dist/rhel/server/6/$releasever/$basearch/rhevh/os","requiredTags":"rhel-6-server","gpgUrl":"file:///etc/pki/rpm-gpg/RPM-GPG-KEY-redhat-release","modifiedProductIds":[],"arches":"x86_64","metadataExpire":86400,"uuid":"8a99f9835e62e718015e711ab80a23e0","releaseVersion":null},"enabled":false},{"content":{"created":"2017-09-11T14:53:40.000+0000","updated":"2017-09-11T14:53:40.000+0000","id":"1121","type":"yum","label":"rhel-6-server-rhevm-3-beta-rpms","name":"Red Hat Enterprise Virtualization Manager 3 Beta (RPMs)","vendor":"Red Hat","contentUrl":"/content/beta/rhel/server/6/$releasever/$basearch/rhevm/3/os","requiredTags":"rhel-6-server","gpgUrl":"file:///etc/pki/rpm-gpg/RPM-GPG-KEY-redhat-release,file:///etc/pki/rpm-gpg/RPM-GPG-KEY-redhat-beta","modifiedProductIds":[],"arches":"x86_64","metadataExpire":86400,"uuid":"8a99f9845e718933015e724a38a90887","releaseVersion":null},"enabled":false},{"content":{"created":"2018-04-02T15:31:09.000+0000","updated":"2018-04-02T15:31:09.000+0000","id":"7180","type":"yum","label":"rhel-5-server-rhevh-source-rpms","name":"Red Hat Enterprise Virtualization Hypervisor (for RHEL 5 Server) (Source RPMs)","vendor":"Red Hat","contentUrl":"/content/dist/rhel/server/5/$releasever/$basearch/rhevh/source/SRPMS","requiredTags":"rhel-5-server","gpgUrl":"file:///etc/pki/rpm-gpg/RPM-GPG-KEY-redhat-release","modifiedProductIds":[],"arches":"x86_64","metadataExpire":86400,"uuid":"8a99f98362731c75016287d77e9f66a7","releaseVersion":null},"enabled":false},{"content":{"created":"2017-09-11T14:53:40.000+0000","updated":"2017-09-11T14:53:40.000+0000","id":"1596","type":"yum","label":"rhel-5-server-rhev-mgmt-agent-beta-source-rpms","name":"Red Hat Enterprise Virtualization Management Agents 5 Beta (Source RPMs)","vendor":"Red Hat","contentUrl":"/content/beta/rhel/server/5/$releasever/$basearch/rhev-mgmt-agent/3/source/SRPMS","requiredTags":"rhel-5-server","gpgUrl":"file:///etc/pki/rpm-gpg/RPM-GPG-KEY-redhat-release,file:///etc/pki/rpm-gpg/RPM-GPG-KEY-redhat-beta","modifiedProductIds":[],"arches":"x86_64","metadataExpire":86400,"uuid":"8a99f9845e718933015e724a38a50830","releaseVersion":null},"enabled":false},{"content":{"created":"2017-09-11T14:53:40.000+0000","updated":"2017-09-11T14:53:40.000+0000","id":"1595","type":"yum","label":"rhel-5-server-rhev-mgmt-agent-beta-debug-rpms","name":"Red Hat Enterprise Virtualization Management Agents 5 Beta (Debug RPMs)","vendor":"Red Hat","contentUrl":"/content/beta/rhel/server/5/$releasever/$basearch/rhev-mgmt-agent/3/debug","requiredTags":"rhel-5-server","gpgUrl":"file:///etc/pki/rpm-gpg/RPM-GPG-KEY-redhat-release,file:///etc/pki/rpm-gpg/RPM-GPG-KEY-redhat-beta","modifiedProductIds":[],"arches":"x86_64","metadataExpire":86400,"uuid":"8a99f9845e718933015e724a38a50831","releaseVersion":null},"enabled":false},{"content":{"created":"2017-09-11T09:22:10.000+0000","updated":"2017-09-11T09:22:10.000+0000","id":"1111","type":"file","label":"rhel-6-server-rhevh-files","name":"Red Hat Enterprise Virtualization Hypervisor (Files)","vendor":"Red Hat","contentUrl":"/content/dist/rhel/server/6/$releasever/$basearch/rhevh/files","requiredTags":"rhel-6-server","gpgUrl":"file:///etc/pki/rpm-gpg/RPM-GPG-KEY-redhat-release","modifiedProductIds":[],"arches":"x86_64","metadataExpire":86400,"uuid":"8a99f9835e62e718015e711ab80c2424","releaseVersion":null},"enabled":false},{"content":{"created":"2017-09-11T09:22:30.000+0000","updated":"2017-09-11T09:22:30.000+0000","id":"3790","type":"yum","label":"rhel-6-server-rhevm-3.5-rpms","name":"Red Hat Enterprise Virtualization Manager 3.5 (RPMs)","vendor":"Red Hat","contentUrl":"/content/dist/rhel/server/6/$releasever/$basearch/rhevm/3.5/os","requiredTags":"rhel-6-server","gpgUrl":"file:///etc/pki/rpm-gpg/RPM-GPG-KEY-redhat-release","modifiedProductIds":[],"arches":"x86_64","metadataExpire":86400,"uuid":"8a99f9835e62e718015e711b0920287d","releaseVersion":null},"enabled":false},{"content":{"created":"2018-08-27T13:01:16.000+0000","updated":"2018-08-27T13:01:16.000+0000","id":"7631","type":"containerimage","label":"rhel-7-server-rhevm-guest-agent-beta-multiarch-containers","name":"Red Hat Enterprise Virtualization Guest Agent - Beta (Containers)","vendor":"Red Hat","contentUrl":"/content/beta/rhel/server/7/7Server/multiarch/rhevm-guest-agent/containers","requiredTags":"rhel-7-server","gpgUrl":"file:///etc/pki/rpm-gpg/RPM-GPG-KEY-redhat-beta,file:///etc/pki/rpm-gpg/RPM-GPG-KEY-redhat-release","modifiedProductIds":[],"arches":"x86_64","metadataExpire":86400,"uuid":"8a99f9a1653db52201657b795e172495","releaseVersion":null},"enabled":false},{"content":{"created":"2017-09-11T09:22:30.000+0000","updated":"2017-09-11T09:22:30.000+0000","id":"3791","type":"yum","label":"rhel-6-server-rhevm-3.5-debug-rpms","name":"Red Hat Enterprise Virtualization Manager 3.5 (Debug RPMs)","vendor":"Red Hat","contentUrl":"/content/dist/rhel/server/6/$releasever/$basearch/rhevm/3.5/debug","requiredTags":"rhel-6-server","gpgUrl":"file:///etc/pki/rpm-gpg/RPM-GPG-KEY-redhat-release","modifiedProductIds":[],"arches":"x86_64","metadataExpire":86400,"uuid":"8a99f9835e62e718015e711b09202877","releaseVersion":null},"enabled":false},{"content":{"created":"2017-09-11T09:22:30.000+0000","updated":"2017-09-11T09:22:30.000+0000","id":"3792","type":"yum","label":"rhel-6-server-rhevm-3.5-source-rpms","name":"Red Hat Enterprise Virtualization Manager 3.5 (Source RPMs)","vendor":"Red Hat","contentUrl":"/content/dist/rhel/server/6/$releasever/$basearch/rhevm/3.5/source/SRPMS","requiredTags":"rhel-6-server","gpgUrl":"file:///etc/pki/rpm-gpg/RPM-GPG-KEY-redhat-release","modifiedProductIds":[],"arches":"x86_64","metadataExpire":86400,"uuid":"8a99f9835e62e718015e711b09202876","releaseVersion":null},"enabled":false},{"content":{"created":"2017-09-11T09:22:30.000+0000","updated":"2017-09-11T09:22:30.000+0000","id":"3793","type":"file","label":"rhel-6-server-rhevm-3.5-files","name":"Red Hat Enterprise Virtualization Manager 3.5 (Files)","vendor":"Red Hat","contentUrl":"/content/dist/rhel/server/6/$releasever/$basearch/rhevm/3.5/files","requiredTags":"rhel-6-server","gpgUrl":"file:///etc/pki/rpm-gpg/RPM-GPG-KEY-redhat-release","modifiedProductIds":[],"arches":"x86_64","metadataExpire":86400,"uuid":"8a99f9835e62e718015e711b09202879","releaseVersion":null},"enabled":false},{"content":{"created":"2018-08-27T13:01:16.000+0000","updated":"2018-08-27T13:01:16.000+0000","id":"7632","type":"containerimage","label":"rhel-7-server-rhv-4.1-guest-agent-beta-multiarch-containers","name":"Red Hat Virtualization 4.1 Guest Agent - Beta (Containers)","vendor":"Red Hat","contentUrl":"/content/beta/rhel/server/7/7Server/multiarch/rhv/4.1/containers","requiredTags":"rhel-7-server","gpgUrl":"file:///etc/pki/rpm-gpg/RPM-GPG-KEY-redhat-beta,file:///etc/pki/rpm-gpg/RPM-GPG-KEY-redhat-release","modifiedProductIds":[],"arches":"x86_64","metadataExpire":86400,"uuid":"8a99f9a1653db52201657b795e172497","releaseVersion":null},"enabled":false},{"content":{"created":"2017-09-11T09:22:30.000+0000","updated":"2017-09-11T09:22:30.000+0000","id":"1099","type":"yum","label":"rhel-6-server-rhev-mgmt-agent-rpms","name":"Red Hat Enterprise Virtualization Management Agents (RPMs)","vendor":"Red Hat","contentUrl":"/content/dist/rhel/server/6/$releasever/$basearch/rhev-mgmt-agent/3/os","requiredTags":"rhel-6-server","gpgUrl":"file:///etc/pki/rpm-gpg/RPM-GPG-KEY-redhat-release","modifiedProductIds":[],"arches":"x86_64","metadataExpire":86400,"uuid":"8a99f9835e62e718015e711b092228c9","releaseVersion":null},"enabled":false},{"content":{"created":"2017-09-11T09:22:30.000+0000","updated":"2017-09-11T09:22:30.000+0000","id":"1770","type":"file","label":"rhel-6-server-rhevm-3.1-files","name":"Red Hat Enterprise Virtualization Manager 3.1 (Files)","vendor":"Red Hat","contentUrl":"/content/dist/rhel/server/6/$releasever/$basearch/rhevm/3.1/files","requiredTags":"rhel-6-server","gpgUrl":"file:///etc/pki/rpm-gpg/RPM-GPG-KEY-redhat-release","modifiedProductIds":[],"arches":"x86_64","metadataExpire":86400,"uuid":"8a99f9835e62e718015e711b09202870","releaseVersion":null},"enabled":false},{"content":{"created":"2017-09-11T09:22:30.000+0000","updated":"2017-09-11T09:22:30.000+0000","id":"1098","type":"file","label":"rhel-6-server-rhevm-3-files","name":"Red Hat Enterprise Virtualization Manager 3 (Files)","vendor":"Red Hat","contentUrl":"/content/dist/rhel/server/6/$releasever/$basearch/rhevm/3/files","requiredTags":"rhel-6-server","gpgUrl":"file:///etc/pki/rpm-gpg/RPM-GPG-KEY-redhat-release","modifiedProductIds":[],"arches":"x86_64","metadataExpire":86400,"uuid":"8a99f9835e62e718015e711b092328cb","releaseVersion":null},"enabled":false},{"content":{"created":"2017-09-11T09:22:30.000+0000","updated":"2017-09-11T09:22:30.000+0000","id":"1097","type":"yum","label":"rhel-6-server-rhevm-3-source-rpms","name":"Red Hat Enterprise Virtualization Manager (Source RPMs)","vendor":"Red Hat","contentUrl":"/content/dist/rhel/server/6/$releasever/$basearch/rhevm/3/source/SRPMS","requiredTags":"rhel-6-server","gpgUrl":"file:///etc/pki/rpm-gpg/RPM-GPG-KEY-redhat-release","modifiedProductIds":[],"arches":"x86_64","metadataExpire":86400,"uuid":"8a99f9835e62e718015e711b092228c5","releaseVersion":null},"enabled":false},{"content":{"created":"2017-09-11T09:22:30.000+0000","updated":"2017-09-11T09:22:30.000+0000","id":"1096","type":"yum","label":"rhel-6-server-rhevm-3-debug-rpms","name":"Red Hat Enterprise Virtualization Manager 3 (Debug RPMs)","vendor":"Red Hat","contentUrl":"/content/dist/rhel/server/6/$releasever/$basearch/rhevm/3/debug","requiredTags":"rhel-6-server","gpgUrl":"file:///etc/pki/rpm-gpg/RPM-GPG-KEY-redhat-release","modifiedProductIds":[],"arches":"x86_64","metadataExpire":86400,"uuid":"8a99f9835e62e718015e711b092228c7","releaseVersion":null},"enabled":false},{"content":{"created":"2017-09-11T09:22:30.000+0000","updated":"2017-09-11T09:22:30.000+0000","id":"1095","type":"yum","label":"rhel-6-server-rhevm-3-rpms","name":"Red Hat Enterprise Virtualization Manager 3 (RPMs)","vendor":"Red Hat","contentUrl":"/content/dist/rhel/server/6/$releasever/$basearch/rhevm/3/os","requiredTags":"rhel-6-server","gpgUrl":"file:///etc/pki/rpm-gpg/RPM-GPG-KEY-redhat-release","modifiedProductIds":[],"arches":"x86_64","metadataExpire":86400,"uuid":"8a99f9835e62e718015e711b092228bf","releaseVersion":null},"enabled":false},{"content":{"created":"2017-09-11T09:22:30.000+0000","updated":"2017-09-11T09:22:30.000+0000","id":"1767","type":"yum","label":"rhel-6-server-rhevm-3.1-rpms","name":"Red Hat Enterprise Virtualization Manager 3.1 (RPMs)","vendor":"Red Hat","contentUrl":"/content/dist/rhel/server/6/$releasever/$basearch/rhevm/3.1/os","requiredTags":"rhel-6-server","gpgUrl":"file:///etc/pki/rpm-gpg/RPM-GPG-KEY-redhat-release","modifiedProductIds":[],"arches":"x86_64","metadataExpire":86400,"uuid":"8a99f9835e62e718015e711b091f2854","releaseVersion":null},"enabled":false},{"content":{"created":"2017-09-11T14:53:40.000+0000","updated":"2017-09-11T14:53:40.000+0000","id":"1127","type":"yum","label":"rhel-6-server-rhev-mgmt-agent-beta-source-rpms","name":"Red Hat Enterprise Virtualization Management Agents Beta (Source RPMs)","vendor":"Red Hat","contentUrl":"/content/beta/rhel/server/6/$releasever/$basearch/rhev-mgmt-agent/3/source/SRPMS","requiredTags":"rhel-6-server","gpgUrl":"file:///etc/pki/rpm-gpg/RPM-GPG-KEY-redhat-release,file:///etc/pki/rpm-gpg/RPM-GPG-KEY-redhat-beta","modifiedProductIds":[],"arches":"x86_64","metadataExpire":86400,"uuid":"8a99f9845e718933015e724a38a90886","releaseVersion":null},"enabled":false},{"content":{"created":"2017-09-11T14:53:40.000+0000","updated":"2017-09-11T14:53:40.000+0000","id":"1126","type":"yum","label":"rhel-6-server-rhev-mgmt-agent-beta-debug-rpms","name":"Red Hat Enterprise Virtualization Management Agents Beta (Debug RPMs)","vendor":"Red Hat","contentUrl":"/content/beta/rhel/server/6/$releasever/$basearch/rhev-mgmt-agent/3/debug","requiredTags":"rhel-6-server","gpgUrl":"file:///etc/pki/rpm-gpg/RPM-GPG-KEY-redhat-release,file:///etc/pki/rpm-gpg/RPM-GPG-KEY-redhat-beta","modifiedProductIds":[],"arches":"x86_64","metadataExpire":86400,"uuid":"8a99f9845e718933015e724a38a90885","releaseVersion":null},"enabled":false},{"content":{"created":"2017-09-11T14:53:40.000+0000","updated":"2017-09-11T14:53:40.000+0000","id":"1125","type":"yum","label":"rhel-6-server-rhev-mgmt-agent-beta-rpms","name":"Red Hat Enterprise Virtualization Management Agents Beta (RPMs)","vendor":"Red Hat","contentUrl":"/content/beta/rhel/server/6/$releasever/$basearch/rhev-mgmt-agent/3/os","requiredTags":"rhel-6-server","gpgUrl":"file:///etc/pki/rpm-gpg/RPM-GPG-KEY-redhat-release,file:///etc/pki/rpm-gpg/RPM-GPG-KEY-redhat-beta","modifiedProductIds":[],"arches":"x86_64","metadataExpire":86400,"uuid":"8a99f9845e718933015e724a38a90882","releaseVersion":null},"enabled":false},{"content":{"created":"2017-09-11T14:53:40.000+0000","updated":"2017-09-11T14:53:40.000+0000","id":"1124","type":"file","label":"rhel-6-server-rhevm-3-beta-files","name":"Red Hat Enterprise Virtualization Manager 3 Beta (Files)","vendor":"Red Hat","contentUrl":"/content/beta/rhel/server/6/$releasever/$basearch/rhevm/3/files","requiredTags":"rhel-6-server","gpgUrl":"file:///etc/pki/rpm-gpg/RPM-GPG-KEY-redhat-release,file:///etc/pki/rpm-gpg/RPM-GPG-KEY-redhat-beta","modifiedProductIds":[],"arches":"x86_64","metadataExpire":86400,"uuid":"8a99f9845e718933015e724a38a80880","releaseVersion":null},"enabled":false},{"content":{"created":"2017-09-11T14:53:40.000+0000","updated":"2017-09-11T14:53:40.000+0000","id":"1123","type":"yum","label":"rhel-6-server-rhevm-3-beta-source-rpms","name":"Red Hat Enterprise Virtualization Manager 3 Beta (Source RPMs)","vendor":"Red Hat","contentUrl":"/content/beta/rhel/server/6/$releasever/$basearch/rhevm/3/source/SRPMS","requiredTags":"rhel-6-server","gpgUrl":"file:///etc/pki/rpm-gpg/RPM-GPG-KEY-redhat-release,file:///etc/pki/rpm-gpg/RPM-GPG-KEY-redhat-beta","modifiedProductIds":[],"arches":"x86_64","metadataExpire":86400,"uuid":"8a99f9845e718933015e724a38a90884","releaseVersion":null},"enabled":false},{"content":{"created":"2017-09-11T14:53:40.000+0000","updated":"2017-09-11T14:53:40.000+0000","id":"1122","type":"yum","label":"rhel-6-server-rhevm-3-beta-debug-rpms","name":"Red Hat Enterprise Virtualization Manager 3 Beta (Debug RPMs)","vendor":"Red Hat","contentUrl":"/content/beta/rhel/server/6/$releasever/$basearch/rhevm/3/debug","requiredTags":"rhel-6-server","gpgUrl":"file:///etc/pki/rpm-gpg/RPM-GPG-KEY-redhat-release,file:///etc/pki/rpm-gpg/RPM-GPG-KEY-redhat-beta","modifiedProductIds":[],"arches":"x86_64","metadataExpire":86400,"uuid":"8a99f9845e718933015e724a38a90883","releaseVersion":null},"enabled":false},{"content":{"created":"2017-09-11T09:22:30.000+0000","updated":"2017-09-11T09:22:30.000+0000","id":"1769","type":"yum","label":"rhel-6-server-rhevm-3.1-source-rpms","name":"Red Hat Enterprise Virtualization Manager 3.1 (Source RPMs)","vendor":"Red Hat","contentUrl":"/content/dist/rhel/server/6/$releasever/$basearch/rhevm/3.1/source/SRPMS","requiredTags":"rhel-6-server","gpgUrl":"file:///etc/pki/rpm-gpg/RPM-GPG-KEY-redhat-release","modifiedProductIds":[],"arches":"x86_64","metadataExpire":86400,"uuid":"8a99f9835e62e718015e711b091f2864","releaseVersion":null},"enabled":false},{"content":{"created":"2017-09-11T09:22:30.000+0000","updated":"2017-09-11T09:22:30.000+0000","id":"1768","type":"yum","label":"rhel-6-server-rhevm-3.1-debug-rpms","name":"Red Hat Enterprise Virtualization Manager 3.1 (Debug RPMs)","vendor":"Red Hat","contentUrl":"/content/dist/rhel/server/6/$releasever/$basearch/rhevm/3.1/debug","requiredTags":"rhel-6-server","gpgUrl":"file:///etc/pki/rpm-gpg/RPM-GPG-KEY-redhat-release","modifiedProductIds":[],"arches":"x86_64","metadataExpire":86400,"uuid":"8a99f9835e62e718015e711b091f2866","releaseVersion":null},"enabled":false},{"content":{"created":"2017-09-11T14:53:40.000+0000","updated":"2017-09-11T14:53:40.000+0000","id":"1143","type":"yum","label":"rhel-6-server-rhevh-beta-rpms","name":"Red Hat Enterprise Virtualization Hypervisor Beta (RPMs)","vendor":"Red Hat","contentUrl":"/content/beta/rhel/server/6/$releasever/$basearch/rhevh/os","requiredTags":"rhel-6-server","gpgUrl":"file:///etc/pki/rpm-gpg/RPM-GPG-KEY-redhat-release,file:///etc/pki/rpm-gpg/RPM-GPG-KEY-redhat-beta","modifiedProductIds":[],"arches":"x86_64","metadataExpire":86400,"uuid":"8a99f9845e718933015e724a38a9088b","releaseVersion":null},"enabled":false},{"content":{"created":"2017-05-16T11:39:55.000+0000","updated":"2017-09-11T09:22:10.000+0000","id":"3796","type":"yum","label":"rhel-6-server-rhevm-3-jboss-5-rpms","name":"Red Hat Application Platform for RHEV-M (v.3 x86_64)","vendor":"Red Hat","contentUrl":"/content/dist/rhel/server/6/$releasever/$basearch/rhevm-3-jboss-5/3/os","requiredTags":"rhel-6-server","gpgUrl":"file:///etc/pki/rpm-gpg/RPM-GPG-KEY-redhat-release","modifiedProductIds":[],"arches":"x86_64","metadataExpire":86400,"uuid":"8a99f9835e62e718015e711ab8182594","releaseVersion":null},"enabled":false},{"content":{"created":"2017-05-16T11:39:28.000+0000","updated":"2017-09-11T09:22:10.000+0000","id":"3797","type":"yum","label":"rhel-6-server-rhevm-3-jboss-5-debug-rpms","name":"Red Hat Application Platform for RHEV-M Debug (v.3 x86_64)","vendor":"Red Hat","contentUrl":"/content/dist/rhel/server/6/$releasever/$basearch/rhevm-3-jboss-5/3/debug","requiredTags":"rhel-6-server","gpgUrl":"file:///etc/pki/rpm-gpg/RPM-GPG-KEY-redhat-release","modifiedProductIds":[],"arches":"x86_64","metadataExpire":86400,"uuid":"8a99f9835e62e718015e711ab8182592","releaseVersion":null},"enabled":false},{"content":{"created":"2017-05-16T11:39:29.000+0000","updated":"2017-09-11T09:22:10.000+0000","id":"3798","type":"yum","label":"rhel-6-server-rhevm-3-jboss-5-beta-rpms","name":"Red Hat Application Platform for RHEV-M Beta (v.3 x86_64)","vendor":"Red Hat","contentUrl":"/content/beta/rhel/server/6/$releasever/$basearch/rhevm-3-jboss-5/3/os","requiredTags":"rhel-6-server","gpgUrl":"file:///etc/pki/rpm-gpg/RPM-GPG-KEY-redhat-release-beta,file:///etc/pki/rpm-gpg/RPM-GPG-KEY-redhat-beta","modifiedProductIds":[],"arches":"x86_64","metadataExpire":86400,"uuid":"8a99f9835e62e718015e711ab8182590","releaseVersion":null},"enabled":false},{"content":{"created":"2017-05-16T11:39:35.000+0000","updated":"2017-09-11T09:22:10.000+0000","id":"3799","type":"yum","label":"rhel-6-server-rhevm-3-jboss-5-beta-debug-rpms","name":"Red Hat Application Platform for RHEV-M Beta Debug(v.3 x86_64)","vendor":"Red Hat","contentUrl":"/content/beta/rhel/server/6/$releasever/$basearch/rhevm-3-jboss-5/3/debug","requiredTags":"rhel-6-server","gpgUrl":"file:///etc/pki/rpm-gpg/RPM-GPG-KEY-redhat-release","modifiedProductIds":[],"arches":"x86_64","metadataExpire":86400,"uuid":"8a99f9835e62e718015e711ab8192599","releaseVersion":null},"enabled":false},{"content":{"created":"2017-05-16T11:39:31.000+0000","updated":"2017-09-11T09:22:30.000+0000","id":"5617","type":"containerimage","label":"rhel-7-server-rhv-4.1-guest-agent-beta-containers","name":"Red Hat Virtualization 4.1 Guest Agent - Beta (Containers)","vendor":"Red Hat","contentUrl":"/content/beta/rhel/server/7/x86_64/rhv/4.1/containers","requiredTags":"rhel-7-server","gpgUrl":"file:///etc/pki/rpm-gpg/RPM-GPG-KEY-redhat-beta,file:///etc/pki/rpm-gpg/RPM-GPG-KEY-redhat-release","modifiedProductIds":[],"arches":"x86_64","metadataExpire":86400,"uuid":"8a99f9835e62e718015e711b09252915","releaseVersion":null},"enabled":false},{"content":{"created":"2017-09-11T14:53:40.000+0000","updated":"2017-09-11T14:53:40.000+0000","id":"1146","type":"file","label":"rhel-6-server-rhevh-beta-files","name":"Red Hat Enterprise Virtualization Hypervisor Beta (Files)","vendor":"Red Hat","contentUrl":"/content/beta/rhel/server/6/$releasever/$basearch/rhevh/files","requiredTags":"rhel-6-server","gpgUrl":"file:///etc/pki/rpm-gpg/RPM-GPG-KEY-redhat-release,file:///etc/pki/rpm-gpg/RPM-GPG-KEY-redhat-beta","modifiedProductIds":[],"arches":"x86_64","metadataExpire":86400,"uuid":"8a99f9845e718933015e724a38a90888","releaseVersion":null},"enabled":false},{"content":{"created":"2017-09-11T14:53:40.000+0000","updated":"2017-09-11T14:53:40.000+0000","id":"1145","type":"yum","label":"rhel-6-server-rhevh-beta-source-rpms","name":"Red Hat Enterprise Virtualization Hypervisor Beta (Source RPMs)","vendor":"Red Hat","contentUrl":"/content/beta/rhel/server/6/$releasever/$basearch/rhevh/source/SRPMS","requiredTags":"rhel-6-server","gpgUrl":"file:///etc/pki/rpm-gpg/RPM-GPG-KEY-redhat-release,file:///etc/pki/rpm-gpg/RPM-GPG-KEY-redhat-beta","modifiedProductIds":[],"arches":"x86_64","metadataExpire":86400,"uuid":"8a99f9845e718933015e724a38a90889","releaseVersion":null},"enabled":false},{"content":{"created":"2017-09-11T14:53:40.000+0000","updated":"2017-09-11T14:53:40.000+0000","id":"1144","type":"yum","label":"rhel-6-server-rhevh-beta-debug-rpms","name":"Red Hat Enterprise Virtualization Hypervisor Beta (Debug RPMs)","vendor":"Red Hat","contentUrl":"/content/beta/rhel/server/6/$releasever/$basearch/rhevh/debug","requiredTags":"rhel-6-server","gpgUrl":"file:///etc/pki/rpm-gpg/RPM-GPG-KEY-redhat-release,file:///etc/pki/rpm-gpg/RPM-GPG-KEY-redhat-beta","modifiedProductIds":[],"arches":"x86_64","metadataExpire":86400,"uuid":"8a99f9845e718933015e724a38a9088a","releaseVersion":null},"enabled":false},{"content":{"created":"2017-05-16T11:39:25.000+0000","updated":"2017-09-11T09:21:48.000+0000","id":"5762","type":"yum","label":"rhel-7-server-rhv-4-tools-rpms","name":"Red Hat Virtualization 4 Tools (RHEL 7 Server) (RPMs)","vendor":"Red Hat","contentUrl":"/content/dist/rhel/server/7/7Server/$basearch/rhv-tools/4/os","requiredTags":"rhel-7-server","gpgUrl":"file:///etc/pki/rpm-gpg/RPM-GPG-KEY-redhat-release","modifiedProductIds":[],"arches":"x86_64","metadataExpire":86400,"uuid":"8a99f9835e62e718015e711a6524219f","releaseVersion":null},"enabled":false},{"content":{"created":"2017-05-16T11:39:50.000+0000","updated":"2017-09-11T09:21:48.000+0000","id":"5763","type":"yum","label":"rhel-7-server-rhv-4-tools-source-rpms","name":"Red Hat Virtualization 4 Tools (RHEL 7 Server) (Source RPMs)","vendor":"Red Hat","contentUrl":"/content/dist/rhel/server/7/7Server/$basearch/rhv-tools/4/source/SRPMS","requiredTags":"rhel-7-server","gpgUrl":"file:///etc/pki/rpm-gpg/RPM-GPG-KEY-redhat-release","modifiedProductIds":[],"arches":"x86_64","metadataExpire":86400,"uuid":"8a99f9835e62e718015e711a652421a0","releaseVersion":null},"enabled":false},{"content":{"created":"2017-09-11T09:22:10.000+0000","updated":"2017-09-11T09:22:10.000+0000","id":"4425","type":"yum","label":"rhel-6-server-rhevm-3.6-rpms","name":"Red Hat Enterprise Virtualization Manager 3.6 (RPMs)","vendor":"Red Hat","contentUrl":"/content/dist/rhel/server/6/6Server/$basearch/rhevm/3.6/os","requiredTags":"rhel-6-server","gpgUrl":"file:///etc/pki/rpm-gpg/RPM-GPG-KEY-redhat-release","modifiedProductIds":[],"arches":"x86_64","metadataExpire":86400,"uuid":"8a99f9835e62e718015e711ab80b2413","releaseVersion":null},"enabled":false},{"content":{"created":"2017-09-11T09:22:10.000+0000","updated":"2017-09-11T09:22:10.000+0000","id":"4426","type":"yum","label":"rhel-6-server-rhevm-3.6-debug-rpms","name":"Red Hat Enterprise Virtualization Manager 3.6 (Debug RPMs)","vendor":"Red Hat","contentUrl":"/content/dist/rhel/server/6/6Server/$basearch/rhevm/3.6/debug","requiredTags":"rhel-6-server","gpgUrl":"file:///etc/pki/rpm-gpg/RPM-GPG-KEY-redhat-release","modifiedProductIds":[],"arches":"x86_64","metadataExpire":86400,"uuid":"8a99f9835e62e718015e711ab80b2416","releaseVersion":null},"enabled":false},{"content":{"created":"2017-09-11T09:22:10.000+0000","updated":"2017-09-11T09:22:10.000+0000","id":"4427","type":"yum","label":"rhel-6-server-rhevm-3.6-source-rpms","name":"Red Hat Enterprise Virtualization Manager 3.6 (Source RPMs)","vendor":"Red Hat","contentUrl":"/content/dist/rhel/server/6/6Server/$basearch/rhevm/3.6/source/SRPMS","requiredTags":"rhel-6-server","gpgUrl":"file:///etc/pki/rpm-gpg/RPM-GPG-KEY-redhat-release","modifiedProductIds":[],"arches":"x86_64","metadataExpire":86400,"uuid":"8a99f9835e62e718015e711ab80b2415","releaseVersion":null},"enabled":false},{"content":{"created":"2017-09-11T09:22:10.000+0000","updated":"2017-09-11T09:22:10.000+0000","id":"4428","type":"file","label":"rhel-6-server-rhevm-3.6-files","name":"Red Hat Enterprise Virtualization Manager 3.6 (Files)","vendor":"Red Hat","contentUrl":"/content/dist/rhel/server/6/6Server/$basearch/rhevm/3.6/files","requiredTags":"rhel-6-server","gpgUrl":"file:///etc/pki/rpm-gpg/RPM-GPG-KEY-redhat-release","modifiedProductIds":[],"arches":"x86_64","metadataExpire":86400,"uuid":"8a99f9835e62e718015e711ab80b2417","releaseVersion":null},"enabled":false},{"content":{"created":"2017-05-16T11:39:59.000+0000","updated":"2017-09-11T09:21:48.000+0000","id":"5132","type":"yum","label":"rhel-7-server-rhv-4-mgmt-agent-rpms","name":"Red Hat Virtualization 4 Management Agents for RHEL 7 (RPMs)","vendor":"Red Hat","contentUrl":"/content/dist/rhel/server/7/$releasever/$basearch/rhv-mgmt-agent/4/os","requiredTags":"rhel-7-server","gpgUrl":"file:///etc/pki/rpm-gpg/RPM-GPG-KEY-redhat-release","modifiedProductIds":[],"arches":"x86_64","metadataExpire":86400,"uuid":"8a99f9835e62e718015e711a65152028","releaseVersion":null},"enabled":false},{"content":{"created":"2017-05-16T11:39:43.000+0000","updated":"2017-09-11T09:21:48.000+0000","id":"5133","type":"yum","label":"rhel-7-server-rhv-4-mgmt-agent-debug-rpms","name":"Red Hat Virtualization 4 Management Agents for RHEL 7 (Debug RPMs)","vendor":"Red Hat","contentUrl":"/content/dist/rhel/server/7/$releasever/$basearch/rhv-mgmt-agent/4/debug","requiredTags":"rhel-7-server","gpgUrl":"file:///etc/pki/rpm-gpg/RPM-GPG-KEY-redhat-release","modifiedProductIds":[],"arches":"x86_64","metadataExpire":86400,"uuid":"8a99f9835e62e718015e711a6515202d","releaseVersion":null},"enabled":false},{"content":{"created":"2017-05-16T11:39:45.000+0000","updated":"2017-09-11T09:21:48.000+0000","id":"5134","type":"yum","label":"rhel-7-server-rhv-4-mgmt-agent-source-rpms","name":"Red Hat Virtualization 4 Management Agents for RHEL 7 (Source RPMs)","vendor":"Red Hat","contentUrl":"/content/dist/rhel/server/7/$releasever/$basearch/rhv-mgmt-agent/4/source/SRPMS","requiredTags":"rhel-7-server","gpgUrl":"file:///etc/pki/rpm-gpg/RPM-GPG-KEY-redhat-release","modifiedProductIds":[],"arches":"x86_64","metadataExpire":86400,"uuid":"8a99f9835e62e718015e711a6515202c","releaseVersion":null},"enabled":false},{"content":{"created":"2017-09-11T14:53:40.000+0000","updated":"2017-09-11T14:53:40.000+0000","id":"3112","type":"yum","label":"rhel-7-server-rhev-mgmt-agent-beta-rpms","name":"Red Hat Enterprise Virtualization Management Agents Beta for RHEL 7 (RPMs)","vendor":"Red Hat","contentUrl":"/content/beta/rhel/server/7/$basearch/rhev-mgmt-agent/3/os","requiredTags":"rhel-7-server","gpgUrl":"file:///etc/pki/rpm-gpg/RPM-GPG-KEY-redhat-release,file:///etc/pki/rpm-gpg/RPM-GPG-KEY-redhat-beta","modifiedProductIds":[],"arches":"x86_64","metadataExpire":86400,"uuid":"8a99f9845e718933015e724a38a9088c","releaseVersion":null},"enabled":false},{"content":{"created":"2017-09-11T09:22:10.000+0000","updated":"2017-09-11T09:22:10.000+0000","id":"3111","type":"yum","label":"rhel-7-server-rhev-mgmt-agent-source-rpms","name":"Red Hat Enterprise Virtualization Management Agents for RHEL 7 (Source RPMs)","vendor":"Red Hat","contentUrl":"/content/dist/rhel/server/7/$releasever/$basearch/rhev-mgmt-agent/3/source/SRPMS","requiredTags":"rhel-7-server","gpgUrl":"file:///etc/pki/rpm-gpg/RPM-GPG-KEY-redhat-release","modifiedProductIds":[],"arches":"x86_64","metadataExpire":86400,"uuid":"8a99f9835e62e718015e711ab81324ef","releaseVersion":null},"enabled":false},{"content":{"created":"2017-09-11T09:22:10.000+0000","updated":"2017-09-11T09:22:10.000+0000","id":"3110","type":"yum","label":"rhel-7-server-rhev-mgmt-agent-debug-rpms","name":"Red Hat Enterprise Virtualization Management Agents for RHEL 7 (Debug RPMs)","vendor":"Red Hat","contentUrl":"/content/dist/rhel/server/7/$releasever/$basearch/rhev-mgmt-agent/3/debug","requiredTags":"rhel-7-server","gpgUrl":"file:///etc/pki/rpm-gpg/RPM-GPG-KEY-redhat-release","modifiedProductIds":[],"arches":"x86_64","metadataExpire":86400,"uuid":"8a99f9835e62e718015e711ab81324ee","releaseVersion":null},"enabled":false},{"content":{"created":"2017-09-11T09:22:30.000+0000","updated":"2017-09-11T09:22:30.000+0000","id":"2416","type":"yum","label":"rhel-6-server-rhevm-3.3-debug-rpms","name":"Red Hat Enterprise Virtualization Manager 3.3 (Debug RPMs)","vendor":"Red Hat","contentUrl":"/content/dist/rhel/server/6/$releasever/$basearch/rhevm/3.3/debug","requiredTags":"rhel-6-server","gpgUrl":"file:///etc/pki/rpm-gpg/RPM-GPG-KEY-redhat-release","modifiedProductIds":[],"arches":"x86_64","metadataExpire":86400,"uuid":"8a99f9835e62e718015e711b09202882","releaseVersion":null},"enabled":false},{"content":{"created":"2017-09-11T09:22:10.000+0000","updated":"2017-09-11T09:22:10.000+0000","id":"3109","type":"yum","label":"rhel-7-server-rhev-mgmt-agent-rpms","name":"Red Hat Enterprise Virtualization Management Agents for RHEL 7 (RPMs)","vendor":"Red Hat","contentUrl":"/content/dist/rhel/server/7/$releasever/$basearch/rhev-mgmt-agent/3/os","requiredTags":"rhel-7-server","gpgUrl":"file:///etc/pki/rpm-gpg/RPM-GPG-KEY-redhat-release","modifiedProductIds":[],"arches":"x86_64","metadataExpire":86400,"uuid":"8a99f9835e62e718015e711ab81324f2","releaseVersion":null},"enabled":false},{"content":{"created":"2017-09-11T09:22:30.000+0000","updated":"2017-09-11T09:22:30.000+0000","id":"2415","type":"yum","label":"rhel-6-server-rhevm-3.3-rpms","name":"Red Hat Enterprise Virtualization Manager 3.3 (RPMs)","vendor":"Red Hat","contentUrl":"/content/dist/rhel/server/6/$releasever/$basearch/rhevm/3.3/os","requiredTags":"rhel-6-server","gpgUrl":"file:///etc/pki/rpm-gpg/RPM-GPG-KEY-redhat-release","modifiedProductIds":[],"arches":"x86_64","metadataExpire":86400,"uuid":"8a99f9835e62e718015e711b09202883","releaseVersion":null},"enabled":false},{"content":{"created":"2017-05-16T11:39:45.000+0000","updated":"2017-09-11T09:21:48.000+0000","id":"5764","type":"yum","label":"rhel-7-server-rhv-4-tools-debug-rpms","name":"Red Hat Virtualization 4 Tools (RHEL 7 Server) (Debug RPMs)","vendor":"Red Hat","contentUrl":"/content/dist/rhel/server/7/7Server/$basearch/rhv-tools/4/debug","requiredTags":"rhel-7-server","gpgUrl":"file:///etc/pki/rpm-gpg/RPM-GPG-KEY-redhat-release","modifiedProductIds":[],"arches":"x86_64","metadataExpire":86400,"uuid":"8a99f9835e62e718015e711a652421a5","releaseVersion":null},"enabled":false},{"content":{"created":"2017-05-16T11:39:54.000+0000","updated":"2017-09-11T09:21:48.000+0000","id":"5765","type":"yum","label":"rhel-7-server-rhv-4-tools-beta-rpms","name":"Red Hat Virtualization 4 Tools Beta (RHEL 7 Server) (RPMs)","vendor":"Red Hat","contentUrl":"/content/beta/rhel/server/7/$basearch/rhv-tools/4/os","requiredTags":"rhel-7-server","gpgUrl":"file:///etc/pki/rpm-gpg/RPM-GPG-KEY-redhat-release-beta","modifiedProductIds":[],"arches":"x86_64","metadataExpire":86400,"uuid":"8a99f9835e62e718015e711a652421a4","releaseVersion":null},"enabled":false},{"content":{"created":"2017-05-16T11:39:27.000+0000","updated":"2017-09-11T09:21:48.000+0000","id":"5766","type":"yum","label":"rhel-7-server-rhv-4-tools-beta-source-rpms","name":"Red Hat Virtualization 4 Tools Beta (RHEL 7 Server) (Source RPMs)","vendor":"Red Hat","contentUrl":"/content/beta/rhel/server/7/$basearch/rhv-tools/4/source/SRPMS","requiredTags":"rhel-7-server","gpgUrl":"file:///etc/pki/rpm-gpg/RPM-GPG-KEY-redhat-release-beta","modifiedProductIds":[],"arches":"x86_64","metadataExpire":86400,"uuid":"8a99f9835e62e718015e711a652421a3","releaseVersion":null},"enabled":false},{"content":{"created":"2017-05-16T11:39:57.000+0000","updated":"2017-09-11T09:21:48.000+0000","id":"5767","type":"yum","label":"rhel-7-server-rhv-4-tools-beta-debug-rpms","name":"Red Hat Virtualization 4 Tools Beta (RHEL 7 Server) (Debug RPMs)","vendor":"Red Hat","contentUrl":"/content/beta/rhel/server/7/$basearch/rhv-tools/4/debug","requiredTags":"rhel-7-server","gpgUrl":"file:///etc/pki/rpm-gpg/RPM-GPG-KEY-redhat-release-beta","modifiedProductIds":[],"arches":"x86_64","metadataExpire":86400,"uuid":"8a99f9835e62e718015e711a652421a2","releaseVersion":null},"enabled":false},{"content":{"created":"2017-09-11T09:22:30.000+0000","updated":"2017-09-11T09:22:30.000+0000","id":"2418","type":"file","label":"rhel-6-server-rhevm-3.3-files","name":"Red Hat Enterprise Virtualization Manager 3.3 (Files)","vendor":"Red Hat","contentUrl":"/content/dist/rhel/server/6/$releasever/$basearch/rhevm/3.3/files","requiredTags":"rhel-6-server","gpgUrl":"file:///etc/pki/rpm-gpg/RPM-GPG-KEY-redhat-release","modifiedProductIds":[],"arches":"x86_64","metadataExpire":86400,"uuid":"8a99f9835e62e718015e711b0921288e","releaseVersion":null},"enabled":false},{"content":{"created":"2017-05-16T11:39:57.000+0000","updated":"2017-09-11T09:22:10.000+0000","id":"5925","type":"yum","label":"rhel-6-server-rhevm-3-jboss-5-source-rpms","name":"Red Hat Application Platform for RHEV-M (Source RPMs) (v.3 x86_64)","vendor":"Red Hat","contentUrl":"/content/dist/rhel/server/6/$releasever/$basearch/rhevm-3-jboss-5/3/source/SRPMS","requiredTags":"rhel-6-server","gpgUrl":"file:///etc/pki/rpm-gpg/RPM-GPG-KEY-redhat-release","modifiedProductIds":[],"arches":"x86_64","metadataExpire":86400,"uuid":"8a99f9835e62e718015e711ab81324fa","releaseVersion":null},"enabled":false},{"content":{"created":"2017-09-11T09:22:30.000+0000","updated":"2017-09-11T09:22:30.000+0000","id":"2417","type":"yum","label":"rhel-6-server-rhevm-3.3-source-rpms","name":"Red Hat Enterprise Virtualization Manager 3.3 (Source RPMs)","vendor":"Red Hat","contentUrl":"/content/dist/rhel/server/6/$releasever/$basearch/rhevm/3.3/source/SRPMS","requiredTags":"rhel-6-server","gpgUrl":"file:///etc/pki/rpm-gpg/RPM-GPG-KEY-redhat-release","modifiedProductIds":[],"arches":"x86_64","metadataExpire":86400,"uuid":"8a99f9835e62e718015e711b0921288f","releaseVersion":null},"enabled":false}],"dependentProductIds":[]}