{"created":"2017-09-11T09:21:10.000+0000","updated":"2018-07-20T00:00:40.000+0000","uuid":"8a99f99f643c29720164b5d8c880275c","multiplier":1,"id":"176","name":"Red Hat Developer Toolset (for RHEL Server)","attributes":[{"name":"name","value":"Red Hat Developer Toolset (for RHEL Server)"},{"name":"arch","value":"x86,x86_64"},{"name":"type","value":"SVC"}],"productContent":[{"content":{"created":"2017-09-11T09:20:50.000+0000","updated":"2017-09-11T09:20:50.000+0000","id":"1473","type":"yum","label":"rhel-server-dts-5-rpms","name":"Red Hat Developer Toolset RPMs for Red Hat Enterprise Linux 5 Server","vendor":"Red Hat","contentUrl":"/content/dist/rhel/server/5/$releasever/$basearch/devtoolset/os","requiredTags":"rhel-5-server","gpgUrl":"file:///etc/pki/rpm-gpg/RPM-GPG-KEY-redhat-release","modifiedProductIds":[],"arches":null,"metadataExpire":86400,"uuid":"8a99f9815e62e65a015e711982780c8c","releaseVersion":null},"enabled":false},{"content":{"created":"2017-09-11T09:20:50.000+0000","updated":"2017-09-11T09:20:50.000+0000","id":"1483","type":"yum","label":"rhel-server-dts-5-beta-source-rpms","name":"Red Hat Developer Toolset Beta Source RPMs for Red Hat Enterprise Linux 5 Server","vendor":"Red Hat","contentUrl":"/content/beta/rhel/server/5/$releasever/$basearch/devtoolset/source/SRPMS","requiredTags":"rhel-5-server","gpgUrl":"file:///etc/pki/rpm-gpg/RPM-GPG-KEY-redhat-release,file:///etc/pki/rpm-gpg/RPM-GPG-KEY-redhat-beta","modifiedProductIds":[],"arches":null,"metadataExpire":86400,"uuid":"8a99f9815e62e65a015e711982730c45","releaseVersion":null},"enabled":false},{"content":{"created":"2017-09-11T09:20:50.000+0000","updated":"2017-09-11T09:20:50.000+0000","id":"1461","type":"yum","label":"rhel-server-dts-6-beta-rpms","name":"Red Hat Developer Toolset Beta RPMs for Red Hat Enterprise Linux 6 Server","vendor":"Red Hat","contentUrl":"/content/beta/rhel/server/6/$releasever/$basearch/devtoolset/os","requiredTags":"rhel-6-server","gpgUrl":"file:///etc/pki/rpm-gpg/RPM-GPG-KEY-redhat-release,file:///etc/pki/rpm-gpg/RPM-GPG-KEY-redhat-beta","modifiedProductIds":[],"arches":null,"metadataExpire":86400,"uuid":"8a99f9815e62e65a015e711982770c7c","releaseVersion":null},"enabled":false},{"content":{"created":"2017-09-11T09:20:50.000+0000","updated":"2017-09-11T09:20:50.000+0000","id":"1481","type":"yum","label":"rhel-server-dts-5-beta-debug-rpms","name":"Red Hat Developer Toolset Beta Debug RPMs for Red Hat Enterprise Linux 5 Server","vendor":"Red Hat","contentUrl":"/content/beta/rhel/server/5/$releasever/$basearch/devtoolset/debug","requiredTags":"rhel-5-server","gpgUrl":"file:///etc/pki/rpm-gpg/RPM-GPG-KEY-redhat-release,file:///etc/pki/rpm-gpg/RPM-GPG-KEY-redhat-beta","modifiedProductIds":[],"arches":null,"metadataExpire":86400,"uuid":"8a99f9815e62e65a015e711982730c44","releaseVersion":null},"enabled":false},{"content":{"created":"2017-09-11T09:20:50.000+0000","updated":"2017-09-11T09:20:50.000+0000","id":"1987","type":"yum","label":"rhel-server-dts2-5-source-rpms","name":"Red Hat Developer Toolset 2 Source RPMs for Red Hat Enterprise Linux 5 Server","vendor":"Red Hat","contentUrl":"/content/dist/rhel/server/5/$releasever/$basearch/devtoolset/2/source/SRPMS","requiredTags":"rhel-5-server","gpgUrl":"file:///etc/pki/rpm-gpg/RPM-GPG-KEY-redhat-release","modifiedProductIds":[],"arches":null,"metadataExpire":86400,"uuid":"8a99f9815e62e65a015e711982750c5b","releaseVersion":null},"enabled":false},{"content":{"created":"2017-09-11T09:20:50.000+0000","updated":"2017-09-11T09:20:50.000+0000","id":"1844","type":"yum","label":"rhel-server-dts2-6-beta-debug-rpms","name":"Red Hat Developer Toolset 2 Beta Debug RPMs for Red Hat Enterprise Linux 6 Server","vendor":"Red Hat","contentUrl":"/content/beta/rhel/server/6/$releasever/$basearch/devtoolset/2/debug","requiredTags":"rhel-6-server","gpgUrl":"file:///etc/pki/rpm-gpg/RPM-GPG-KEY-redhat-release,file:///etc/pki/rpm-gpg/RPM-GPG-KEY-redhat-beta","modifiedProductIds":[],"arches":null,"metadataExpire":86400,"uuid":"8a99f9815e62e65a015e711982610b26","releaseVersion":null},"enabled":false},{"content":{"created":"2017-09-11T09:20:50.000+0000","updated":"2017-09-11T09:20:50.000+0000","id":"1986","type":"yum","label":"rhel-server-dts2-5-debug-rpms","name":"Red Hat Developer Toolset 2 Debug RPMs for Red Hat Enterprise Linux 5 Server","vendor":"Red Hat","contentUrl":"/content/dist/rhel/server/5/$releasever/$basearch/devtoolset/2/debug","requiredTags":"rhel-5-server","gpgUrl":"file:///etc/pki/rpm-gpg/RPM-GPG-KEY-redhat-release","modifiedProductIds":[],"arches":null,"metadataExpire":86400,"uuid":"8a99f9815e62e65a015e711982750c5a","releaseVersion":null},"enabled":false},{"content":{"created":"2017-09-11T09:20:50.000+0000","updated":"2017-09-11T09:20:50.000+0000","id":"1469","type":"yum","label":"rhel-server-dts-6-beta-source-rpms","name":"Red Hat Developer Toolset Beta Source RPMs for Red Hat Enterprise Linux 6 Server","vendor":"Red Hat","contentUrl":"/content/beta/rhel/server/6/$releasever/$basearch/devtoolset/source/SRPMS","requiredTags":"rhel-6-server","gpgUrl":"file:///etc/pki/rpm-gpg/RPM-GPG-KEY-redhat-release,file:///etc/pki/rpm-gpg/RPM-GPG-KEY-redhat-beta","modifiedProductIds":[],"arches":null,"metadataExpire":86400,"uuid":"8a99f9815e62e65a015e711982770c82","releaseVersion":null},"enabled":false},{"content":{"created":"2017-09-11T09:20:50.000+0000","updated":"2017-09-11T09:20:50.000+0000","id":"1479","type":"yum","label":"rhel-server-dts-5-beta-rpms","name":"Red Hat Developer Toolset Beta RPMs for Red Hat Enterprise Linux 5 Server","vendor":"Red Hat","contentUrl":"/content/beta/rhel/server/5/$releasever/$basearch/devtoolset/os","requiredTags":"rhel-5-server","gpgUrl":"file:///etc/pki/rpm-gpg/RPM-GPG-KEY-redhat-release,file:///etc/pki/rpm-gpg/RPM-GPG-KEY-redhat-beta","modifiedProductIds":[],"arches":null,"metadataExpire":86400,"uuid":"8a99f9815e62e65a015e711982710c36","releaseVersion":null},"enabled":false},{"content":{"created":"2017-09-11T09:20:50.000+0000","updated":"2017-09-11T09:20:50.000+0000","id":"1457","type":"yum","label":"rhel-server-dts-6-source-rpms","name":"Red Hat Developer Toolset Source RPMs for Red Hat Enterprise Linux 6 Server","vendor":"Red Hat","contentUrl":"/content/dist/rhel/server/6/$releasever/$basearch/devtoolset/source/SRPMS","requiredTags":"rhel-6-server","gpgUrl":"file:///etc/pki/rpm-gpg/RPM-GPG-KEY-redhat-release","modifiedProductIds":[],"arches":null,"metadataExpire":86400,"uuid":"8a99f9815e62e65a015e711982760c6e","releaseVersion":null},"enabled":false},{"content":{"created":"2017-09-11T09:20:50.000+0000","updated":"2017-09-11T09:20:50.000+0000","id":"1985","type":"yum","label":"rhel-server-dts2-5-rpms","name":"Red Hat Developer Toolset 2 RPMs for Red Hat Enterprise Linux 5 Server","vendor":"Red Hat","contentUrl":"/content/dist/rhel/server/5/$releasever/$basearch/devtoolset/2/os","requiredTags":"rhel-5-server","gpgUrl":"file:///etc/pki/rpm-gpg/RPM-GPG-KEY-redhat-release","modifiedProductIds":[],"arches":null,"metadataExpire":86400,"uuid":"8a99f9815e62e65a015e711982750c5e","releaseVersion":null},"enabled":false},{"content":{"created":"2017-09-11T09:20:50.000+0000","updated":"2017-09-11T09:20:50.000+0000","id":"1842","type":"yum","label":"rhel-server-dts2-6-beta-rpms","name":"Red Hat Developer Toolset 2 Beta RPMs for Red Hat Enterprise Linux 6 Server","vendor":"Red Hat","contentUrl":"/content/beta/rhel/server/6/$releasever/$basearch/devtoolset/2/os","requiredTags":"rhel-6-server","gpgUrl":"file:///etc/pki/rpm-gpg/RPM-GPG-KEY-redhat-release,file:///etc/pki/rpm-gpg/RPM-GPG-KEY-redhat-beta","modifiedProductIds":[],"arches":null,"metadataExpire":86400,"uuid":"8a99f9815e62e65a015e711982610b27","releaseVersion":null},"enabled":false},{"content":{"created":"2017-09-11T09:20:50.000+0000","updated":"2017-09-11T09:20:50.000+0000","id":"1983","type":"yum","label":"rhel-server-dts2-6-source-rpms","name":"Red Hat Developer Toolset 2 Source RPMs for Red Hat Enterprise Linux 6 Server","vendor":"Red Hat","contentUrl":"/content/dist/rhel/server/6/$releasever/$basearch/devtoolset/2/source/SRPMS","requiredTags":"rhel-6-server","gpgUrl":"file:///etc/pki/rpm-gpg/RPM-GPG-KEY-redhat-release","modifiedProductIds":[],"arches":null,"metadataExpire":86400,"uuid":"8a99f9815e62e65a015e711982750c58","releaseVersion":null},"enabled":false},{"content":{"created":"2017-09-11T09:20:50.000+0000","updated":"2017-09-11T09:20:50.000+0000","id":"1477","type":"yum","label":"rhel-server-dts-5-source-rpms","name":"Red Hat Developer Toolset Source RPMs for Red Hat Enterprise Linux 5 Server","vendor":"Red Hat","contentUrl":"/content/dist/rhel/server/5/$releasever/$basearch/devtoolset/source/SRPMS","requiredTags":"rhel-5-server","gpgUrl":"file:///etc/pki/rpm-gpg/RPM-GPG-KEY-redhat-release","modifiedProductIds":[],"arches":null,"metadataExpire":86400,"uuid":"8a99f9815e62e65a015e711982710c35","releaseVersion":null},"enabled":false},{"content":{"created":"2017-09-11T09:20:50.000+0000","updated":"2017-09-11T09:20:50.000+0000","id":"1850","type":"yum","label":"rhel-server-dts2-5-beta-source-rpms","name":"Red Hat Developer Toolset 2 Beta Source RPMs for Red Hat Enterprise Linux 5 Server","vendor":"Red Hat","contentUrl":"/content/beta/rhel/server/5/$releasever/$basearch/devtoolset/2/source/SRPMS","requiredTags":"rhel-5-server","gpgUrl":"file:///etc/pki/rpm-gpg/RPM-GPG-KEY-redhat-release,file:///etc/pki/rpm-gpg/RPM-GPG-KEY-redhat-beta","modifiedProductIds":[],"arches":null,"metadataExpire":86400,"uuid":"8a99f9815e62e65a015e7119826e0c06","releaseVersion":null},"enabled":false},{"content":{"created":"2017-09-11T09:20:50.000+0000","updated":"2017-09-11T09:20:50.000+0000","id":"1465","type":"yum","label":"rhel-server-dts-6-beta-debug-rpms","name":"Red Hat Developer Toolset Beta Debug RPMs for Red Hat Enterprise Linux 6 Server","vendor":"Red Hat","contentUrl":"/content/beta/rhel/server/6/$releasever/$basearch/devtoolset/debug","requiredTags":"rhel-6-server","gpgUrl":"file:///etc/pki/rpm-gpg/RPM-GPG-KEY-redhat-release,file:///etc/pki/rpm-gpg/RPM-GPG-KEY-redhat-beta","modifiedProductIds":[],"arches":null,"metadataExpire":86400,"uuid":"8a99f9815e62e65a015e711982770c84","releaseVersion":null},"enabled":false},{"content":{"created":"2017-09-11T09:20:50.000+0000","updated":"2017-09-11T09:20:50.000+0000","id":"1981","type":"yum","label":"rhel-server-dts2-6-debug-rpms","name":"Red Hat Developer Toolset 2 Debug RPMs for Red Hat Enterprise Linux 6 Server","vendor":"Red Hat","contentUrl":"/content/dist/rhel/server/6/$releasever/$basearch/devtoolset/2/debug","requiredTags":"rhel-6-server","gpgUrl":"file:///etc/pki/rpm-gpg/RPM-GPG-KEY-redhat-release","modifiedProductIds":[],"arches":null,"metadataExpire":86400,"uuid":"8a99f9815e62e65a015e711982750c59","releaseVersion":null},"enabled":false},{"content":{"created":"2017-09-11T09:20:50.000+0000","updated":"2017-09-11T09:20:50.000+0000","id":"1453","type":"yum","label":"rhel-server-dts-6-debug-rpms","name":"Red Hat Developer Toolset Debug RPMs for Red Hat Enterprise Linux 6 Server","vendor":"Red Hat","contentUrl":"/content/dist/rhel/server/6/$releasever/$basearch/devtoolset/debug","requiredTags":"rhel-6-server","gpgUrl":"file:///etc/pki/rpm-gpg/RPM-GPG-KEY-redhat-release","modifiedProductIds":[],"arches":null,"metadataExpire":86400,"uuid":"8a99f9815e62e65a015e711982760c72","releaseVersion":null},"enabled":false},{"content":{"created":"2017-09-11T09:20:50.000+0000","updated":"2017-09-11T09:20:50.000+0000","id":"1475","type":"yum","label":"rhel-server-dts-5-debug-rpms","name":"Red Hat Developer Toolset Debug RPMs for Red Hat Enterprise Linux 5 Server","vendor":"Red Hat","contentUrl":"/content/dist/rhel/server/5/$releasever/$basearch/devtoolset/debug","requiredTags":"rhel-5-server","gpgUrl":"file:///etc/pki/rpm-gpg/RPM-GPG-KEY-redhat-release","modifiedProductIds":[],"arches":null,"metadataExpire":86400,"uuid":"8a99f9815e62e65a015e711982710c33","releaseVersion":null},"enabled":false},{"content":{"created":"2017-09-11T09:20:50.000+0000","updated":"2017-09-11T09:20:50.000+0000","id":"1849","type":"yum","label":"rhel-server-dts2-5-beta-debug-rpms","name":"Red Hat Developer Toolset 2 Beta Debug RPMs for Red Hat Enterprise Linux 5 Server","vendor":"Red Hat","contentUrl":"/content/beta/rhel/server/5/$releasever/$basearch/devtoolset/2/debug","requiredTags":"rhel-5-server","gpgUrl":"file:///etc/pki/rpm-gpg/RPM-GPG-KEY-redhat-release,file:///etc/pki/rpm-gpg/RPM-GPG-KEY-redhat-beta","modifiedProductIds":[],"arches":null,"metadataExpire":86400,"uuid":"8a99f9815e62e65a015e711982610b28","releaseVersion":null},"enabled":false},{"content":{"created":"2017-09-11T09:20:50.000+0000","updated":"2017-09-11T09:20:50.000+0000","id":"1848","type":"yum","label":"rhel-server-dts2-5-beta-rpms","name":"Red Hat Developer Toolset 2 Beta RPMs for Red Hat Enterprise Linux 5 Server","vendor":"Red Hat","contentUrl":"/content/beta/rhel/server/5/$releasever/$basearch/devtoolset/2/os","requiredTags":"rhel-5-server","gpgUrl":"file:///etc/pki/rpm-gpg/RPM-GPG-KEY-redhat-release,file:///etc/pki/rpm-gpg/RPM-GPG-KEY-redhat-beta","modifiedProductIds":[],"arches":null,"metadataExpire":86400,"uuid":"8a99f9815e62e65a015e711982610b2a","releaseVersion":null},"enabled":false},{"content":{"created":"2017-09-11T09:20:50.000+0000","updated":"2017-09-11T09:20:50.000+0000","id":"1979","type":"yum","label":"rhel-server-dts2-6-rpms","name":"Red Hat Developer Toolset 2 RPMs for Red Hat Enterprise Linux 6 Server","vendor":"Red Hat","contentUrl":"/content/dist/rhel/server/6/$releasever/$basearch/devtoolset/2/os","requiredTags":"rhel-6-server","gpgUrl":"file:///etc/pki/rpm-gpg/RPM-GPG-KEY-redhat-release","modifiedProductIds":[],"arches":null,"metadataExpire":86400,"uuid":"8a99f9815e62e65a015e711982710c43","releaseVersion":null},"enabled":false},{"content":{"created":"2017-09-11T09:20:50.000+0000","updated":"2017-09-11T09:20:50.000+0000","id":"1846","type":"yum","label":"rhel-server-dts2-6-beta-source-rpms","name":"Red Hat Developer Toolset 2 Beta Source RPMs for Red Hat Enterprise Linux 6 Server","vendor":"Red Hat","contentUrl":"/content/beta/rhel/server/6/$releasever/$basearch/devtoolset/2/source/SRPMS","requiredTags":"rhel-6-server","gpgUrl":"file:///etc/pki/rpm-gpg/RPM-GPG-KEY-redhat-release,file:///etc/pki/rpm-gpg/RPM-GPG-KEY-redhat-beta","modifiedProductIds":[],"arches":null,"metadataExpire":86400,"uuid":"8a99f9815e62e65a015e711982610b2b","releaseVersion":null},"enabled":false},{"content":{"created":"2017-09-11T09:20:50.000+0000","updated":"2017-09-11T09:20:50.000+0000","id":"1449","type":"yum","label":"rhel-server-dts-6-rpms","name":"Red Hat Developer Toolset RPMs for Red Hat Enterprise Linux 6 Server","vendor":"Red Hat","contentUrl":"/content/dist/rhel/server/6/$releasever/$basearch/devtoolset/os","requiredTags":"rhel-6-server","gpgUrl":"file:///etc/pki/rpm-gpg/RPM-GPG-KEY-redhat-release","modifiedProductIds":[],"arches":null,"metadataExpire":86400,"uuid":"8a99f9815e62e65a015e711982610b2c","releaseVersion":null},"enabled":false}],"dependentProductIds":[]}