{"created":"2017-09-11T09:20:42.000+0000","updated":"2017-09-11T09:20:42.000+0000","uuid":"8a99f9815e62e65a015e711963d20969","multiplier":1,"id":"180","name":"Red Hat Beta","attributes":[{"name":"name","value":"Red Hat Beta"},{"name":"arch","value":"ia64,ppc,ppc64,ppc64le,s390,s390x,x86,x86_64"},{"name":"type","value":"SVC"}],"productContent":[{"content":{"created":"2017-09-11T09:20:41.000+0000","updated":"2017-09-11T09:20:41.000+0000","id":"1495","type":"yum","label":"rhel-server-dts-6-rhb-debug-rpms","name":"Red Hat Developer Toolset RHB Debug RPMs for Red Hat Enterprise Linux 6 Server","vendor":"Red Hat","contentUrl":"/content/rhb/rhel/server/6/6Server/$basearch/devtoolset/debug","requiredTags":"rhel-6-server","gpgUrl":"file:///etc/pki/rpm-gpg/RPM-GPG-KEY-redhat-release,file:///etc/pki/rpm-gpg/RPM-GPG-KEY-redhat-beta","modifiedProductIds":[],"arches":"x86,x86_64","metadataExpire":86400,"uuid":"8a99f9815e62e65a015e71195d0d0848","releaseVersion":null},"enabled":false},{"content":{"created":"2017-09-11T09:20:41.000+0000","updated":"2017-09-11T09:20:41.000+0000","id":"1494","type":"yum","label":"rhel-workstation-dts-6-rhb-rpms","name":"Red Hat Developer Toolset RHB RPMs for Red Hat Enterprise Linux 6 Workstation","vendor":"Red Hat","contentUrl":"/content/rhb/rhel/workstation/6/6Workstation/$basearch/devtoolset/os","requiredTags":"rhel-6-workstation","gpgUrl":"file:///etc/pki/rpm-gpg/RPM-GPG-KEY-redhat-release,file:///etc/pki/rpm-gpg/RPM-GPG-KEY-redhat-beta","modifiedProductIds":[],"arches":"x86,x86_64","metadataExpire":86400,"uuid":"8a99f9815e62e65a015e71195d0c0845","releaseVersion":null},"enabled":false},{"content":{"created":"2017-09-11T09:20:41.000+0000","updated":"2017-09-11T09:20:41.000+0000","id":"1493","type":"yum","label":"rhel-client-dts-6-rhb-rpms","name":"Red Hat Developer Toolset RHB RPMs for Red Hat Enterprise Linux 6 Client","vendor":"Red Hat","contentUrl":"/content/rhb/rhel/client/6/6Client/$basearch/devtoolset/os","requiredTags":"rhel-6-client","gpgUrl":"file:///etc/pki/rpm-gpg/RPM-GPG-KEY-redhat-release,file:///etc/pki/rpm-gpg/RPM-GPG-KEY-redhat-beta","modifiedProductIds":[],"arches":"x86,x86_64","metadataExpire":86400,"uuid":"8a99f9815e62e65a015e71195d0d0849","releaseVersion":null},"enabled":false},{"content":{"created":"2017-09-11T09:20:41.000+0000","updated":"2017-09-11T09:20:41.000+0000","id":"1491","type":"yum","label":"rhel-server-dts-6-rhb-rpms","name":"Red Hat Developer Toolset RHB RPMs for Red Hat Enterprise Linux 6 Server","vendor":"Red Hat","contentUrl":"/content/rhb/rhel/server/6/6Server/$basearch/devtoolset/os","requiredTags":"rhel-6-server","gpgUrl":"file:///etc/pki/rpm-gpg/RPM-GPG-KEY-redhat-release,file:///etc/pki/rpm-gpg/RPM-GPG-KEY-redhat-beta","modifiedProductIds":[],"arches":"x86,x86_64","metadataExpire":86400,"uuid":"8a99f9815e62e65a015e71195d0c083f","releaseVersion":null},"enabled":false},{"content":{"created":"2017-09-11T09:20:41.000+0000","updated":"2017-09-11T09:20:41.000+0000","id":"1503","type":"yum","label":"rhel-server-dts-5-rhb-rpms","name":"Red Hat Developer Toolset RHB RPMs for Red Hat Enterprise Linux 5 Server","vendor":"Red Hat","contentUrl":"/content/rhb/rhel/server/5/5Server/$basearch/devtoolset/os","requiredTags":"rhel-5-server","gpgUrl":"file:///etc/pki/rpm-gpg/RPM-GPG-KEY-redhat-release,file:///etc/pki/rpm-gpg/RPM-GPG-KEY-redhat-beta","modifiedProductIds":[],"arches":"x86,x86_64","metadataExpire":86400,"uuid":"8a99f9815e62e65a015e71195d190919","releaseVersion":null},"enabled":false},{"content":{"created":"2017-09-11T09:20:41.000+0000","updated":"2017-09-11T09:20:41.000+0000","id":"1502","type":"yum","label":"rhel-workstation-dts-6-rhb-source-rpms","name":"Red Hat Developer Toolset RHB Source RPMs for Red Hat Enterprise Linux 6 Workstation","vendor":"Red Hat","contentUrl":"/content/rhb/rhel/workstation/6/6Workstation/$basearch/devtoolset/source/SRPMS","requiredTags":"rhel-6-workstation","gpgUrl":"file:///etc/pki/rpm-gpg/RPM-GPG-KEY-redhat-release,file:///etc/pki/rpm-gpg/RPM-GPG-KEY-redhat-beta","modifiedProductIds":[],"arches":"x86,x86_64","metadataExpire":86400,"uuid":"8a99f9815e62e65a015e71195d19091c","releaseVersion":null},"enabled":false},{"content":{"created":"2017-09-11T09:20:41.000+0000","updated":"2017-09-11T09:20:41.000+0000","id":"1501","type":"yum","label":"rhel-client-dts-6-rhb-source-rpms","name":"Red Hat Developer Toolset RHB Source RPMs for Red Hat Enterprise Linux 6 Client","vendor":"Red Hat","contentUrl":"/content/rhb/rhel/client/6/6Client/$basearch/devtoolset/source/SRPMS","requiredTags":"rhel-6-client","gpgUrl":"file:///etc/pki/rpm-gpg/RPM-GPG-KEY-redhat-release,file:///etc/pki/rpm-gpg/RPM-GPG-KEY-redhat-beta","modifiedProductIds":[],"arches":"x86,x86_64","metadataExpire":86400,"uuid":"8a99f9815e62e65a015e71195d190913","releaseVersion":null},"enabled":false},{"content":{"created":"2017-09-11T09:20:41.000+0000","updated":"2017-09-11T09:20:41.000+0000","id":"1511","type":"yum","label":"rhel-workstation-dts-5-rhb-source-rpms","name":"Red Hat Developer Toolset RHB Source RPMs for Red Hat Enterprise Linux 5 Workstation","vendor":"Red Hat","contentUrl":"/content/rhb/rhel/workstation/5/5Client/$basearch/devtoolset/source/SRPMS","requiredTags":"rhel-5-workstation","gpgUrl":"file:///etc/pki/rpm-gpg/RPM-GPG-KEY-redhat-release,file:///etc/pki/rpm-gpg/RPM-GPG-KEY-redhat-beta","modifiedProductIds":[],"arches":"x86,x86_64","metadataExpire":86400,"uuid":"8a99f9815e62e65a015e71195d1608eb","releaseVersion":null},"enabled":false},{"content":{"created":"2017-09-11T09:20:41.000+0000","updated":"2017-09-11T09:20:41.000+0000","id":"1499","type":"yum","label":"rhel-server-dts-6-rhb-source-rpms","name":"Red Hat Developer Toolset RHB Source RPMs for Red Hat Enterprise Linux 6 Server","vendor":"Red Hat","contentUrl":"/content/rhb/rhel/server/6/6Server/$basearch/devtoolset/source/SRPMS","requiredTags":"rhel-6-server","gpgUrl":"file:///etc/pki/rpm-gpg/RPM-GPG-KEY-redhat-release,file:///etc/pki/rpm-gpg/RPM-GPG-KEY-redhat-beta","modifiedProductIds":[],"arches":"x86,x86_64","metadataExpire":86400,"uuid":"8a99f9815e62e65a015e71195d1308ad","releaseVersion":null},"enabled":false},{"content":{"created":"2017-09-11T09:20:41.000+0000","updated":"2017-09-11T09:20:41.000+0000","id":"1510","type":"yum","label":"rhel-workstation-dts-5-rhb-debug-rpms","name":"Red Hat Developer Toolset RHB Debug RPMs for Red Hat Enterprise Linux 5 Workstation","vendor":"Red Hat","contentUrl":"/content/rhb/rhel/workstation/5/5Client/$basearch/devtoolset/debug","requiredTags":"rhel-5-workstation","gpgUrl":"file:///etc/pki/rpm-gpg/RPM-GPG-KEY-redhat-release,file:///etc/pki/rpm-gpg/RPM-GPG-KEY-redhat-beta","modifiedProductIds":[],"arches":"x86,x86_64","metadataExpire":86400,"uuid":"8a99f9815e62e65a015e71195d1708ec","releaseVersion":null},"enabled":false},{"content":{"created":"2017-09-11T09:20:41.000+0000","updated":"2017-09-11T09:20:41.000+0000","id":"1498","type":"yum","label":"rhel-workstation-dts-6-rhb-debug-rpms","name":"Red Hat Developer Toolset RHB Debug RPMs for Red Hat Enterprise Linux 6 Workstation","vendor":"Red Hat","contentUrl":"/content/rhb/rhel/workstation/6/6Workstation/$basearch/devtoolset/debug","requiredTags":"rhel-6-workstation","gpgUrl":"file:///etc/pki/rpm-gpg/RPM-GPG-KEY-redhat-release,file:///etc/pki/rpm-gpg/RPM-GPG-KEY-redhat-beta","modifiedProductIds":[],"arches":"x86,x86_64","metadataExpire":86400,"uuid":"8a99f9815e62e65a015e71195d1308ac","releaseVersion":null},"enabled":false},{"content":{"created":"2017-09-11T09:20:41.000+0000","updated":"2017-09-11T09:20:41.000+0000","id":"1497","type":"yum","label":"rhel-client-dts-6-rhb-debug-rpms","name":"Red Hat Developer Toolset RHB Debug RPMs for Red Hat Enterprise Linux 6 Client","vendor":"Red Hat","contentUrl":"/content/rhb/rhel/client/6/6Client/$basearch/devtoolset/debug","requiredTags":"rhel-6-client","gpgUrl":"file:///etc/pki/rpm-gpg/RPM-GPG-KEY-redhat-release,file:///etc/pki/rpm-gpg/RPM-GPG-KEY-redhat-beta","modifiedProductIds":[],"arches":"x86,x86_64","metadataExpire":86400,"uuid":"8a99f9815e62e65a015e71195d1308ab","releaseVersion":null},"enabled":false},{"content":{"created":"2017-09-11T09:20:41.000+0000","updated":"2017-09-11T09:20:41.000+0000","id":"1509","type":"yum","label":"rhel-workstation-dts-5-rhb-rpms","name":"Red Hat Developer Toolset RHB RPMs for Red Hat Enterprise Linux 5 Workstation","vendor":"Red Hat","contentUrl":"/content/rhb/rhel/workstation/5/5Client/$basearch/devtoolset/os","requiredTags":"rhel-5-workstation","gpgUrl":"file:///etc/pki/rpm-gpg/RPM-GPG-KEY-redhat-release,file:///etc/pki/rpm-gpg/RPM-GPG-KEY-redhat-beta","modifiedProductIds":[],"arches":"x86,x86_64","metadataExpire":86400,"uuid":"8a99f9815e62e65a015e71195d1a0923","releaseVersion":null},"enabled":false},{"content":{"created":"2017-09-11T09:20:41.000+0000","updated":"2017-09-11T09:20:41.000+0000","id":"1508","type":"yum","label":"rhel-client-dts-5-rhb-source-rpms","name":"Red Hat Developer Toolset RHB Source RPMs for Red Hat Enterprise Linux 5 Client","vendor":"Red Hat","contentUrl":"/content/rhb/rhel/client/5/5Client/$basearch/devtoolset/source/SRPMS","requiredTags":"rhel-5-client","gpgUrl":"file:///etc/pki/rpm-gpg/RPM-GPG-KEY-redhat-release,file:///etc/pki/rpm-gpg/RPM-GPG-KEY-redhat-beta","modifiedProductIds":[],"arches":"x86,x86_64","metadataExpire":86400,"uuid":"8a99f9815e62e65a015e71195d1a0926","releaseVersion":null},"enabled":false},{"content":{"created":"2017-09-11T09:20:41.000+0000","updated":"2017-09-11T09:20:41.000+0000","id":"1507","type":"yum","label":"rhel-server-dts-5-rhb-source-rpms","name":"Red Hat Developer Toolset RHB Source RPMs for Red Hat Enterprise Linux 5 Server","vendor":"Red Hat","contentUrl":"/content/rhb/rhel/server/5/5Server/$basearch/devtoolset/source/SRPMS","requiredTags":"rhel-5-server","gpgUrl":"file:///etc/pki/rpm-gpg/RPM-GPG-KEY-redhat-release,file:///etc/pki/rpm-gpg/RPM-GPG-KEY-redhat-beta","modifiedProductIds":[],"arches":"x86,x86_64","metadataExpire":86400,"uuid":"8a99f9815e62e65a015e71195d1a0920","releaseVersion":null},"enabled":false},{"content":{"created":"2017-05-16T11:42:24.000+0000","updated":"2017-09-11T09:20:41.000+0000","id":"3954","type":"kickstart","label":"rhel-7-for-power-le-beta-kickstart","name":"Red Hat Enterprise Linux 7 for IBM Power LE Beta (Kickstart)","vendor":"Red Hat","contentUrl":"/content/rhb/rhel/power-le/7/$basearch/kickstart","requiredTags":"rhel-7-ibm-power-le","gpgUrl":"file:///etc/pki/rpm-gpg/RPM-GPG-KEY-redhat-beta,file:///etc/pki/rpm-gpg/RPM-GPG-KEY-redhat-release","modifiedProductIds":[],"arches":"ppc64le","metadataExpire":86400,"uuid":"8a99f9815e62e65a015e71195d11088f","releaseVersion":null},"enabled":false},{"content":{"created":"2017-09-11T09:20:41.000+0000","updated":"2017-09-11T09:20:41.000+0000","id":"1506","type":"yum","label":"rhel-client-dts-5-rhb-debug-rpms","name":"Red Hat Developer Toolset RHB Debug RPMs for Red Hat Enterprise Linux 5 Client","vendor":"Red Hat","contentUrl":"/content/rhb/rhel/client/5/5Client/$basearch/devtoolset/debug","requiredTags":"rhel-5-client","gpgUrl":"file:///etc/pki/rpm-gpg/RPM-GPG-KEY-redhat-release,file:///etc/pki/rpm-gpg/RPM-GPG-KEY-redhat-beta","modifiedProductIds":[],"arches":"x86,x86_64","metadataExpire":86400,"uuid":"8a99f9815e62e65a015e71195d1a0922","releaseVersion":null},"enabled":false},{"content":{"created":"2017-09-11T09:20:41.000+0000","updated":"2017-09-11T09:20:41.000+0000","id":"1505","type":"yum","label":"rhel-server-dts-5-rhb-debug-rpms","name":"Red Hat Developer Toolset RHB Debug RPMs for Red Hat Enterprise Linux 5 Server","vendor":"Red Hat","contentUrl":"/content/rhb/rhel/server/5/5Server/$basearch/devtoolset/debug","requiredTags":"rhel-5-server","gpgUrl":"file:///etc/pki/rpm-gpg/RPM-GPG-KEY-redhat-release,file:///etc/pki/rpm-gpg/RPM-GPG-KEY-redhat-beta","modifiedProductIds":[],"arches":"x86,x86_64","metadataExpire":86400,"uuid":"8a99f9815e62e65a015e71195d1a091d","releaseVersion":null},"enabled":false},{"content":{"created":"2017-09-11T09:20:41.000+0000","updated":"2017-09-11T09:20:41.000+0000","id":"1504","type":"yum","label":"rhel-client-dts-5-rhb-rpms","name":"Red Hat Developer Toolset RHB RPMs for Red Hat Enterprise Linux 5 Client","vendor":"Red Hat","contentUrl":"/content/rhb/rhel/client/5/5Client/$basearch/devtoolset/os","requiredTags":"rhel-5-client","gpgUrl":"file:///etc/pki/rpm-gpg/RPM-GPG-KEY-redhat-release,file:///etc/pki/rpm-gpg/RPM-GPG-KEY-redhat-beta","modifiedProductIds":[],"arches":"x86,x86_64","metadataExpire":86400,"uuid":"8a99f9815e62e65a015e71195d1a091e","releaseVersion":null},"enabled":false}],"dependentProductIds":[]}