{"created":"2017-09-11T14:53:49.000+0000","updated":"2018-08-27T13:01:17.000+0000","uuid":"8a99f9a1653db52201657b7962bf2498","multiplier":1,"id":"183","name":"JBoss Enterprise Application Platform","attributes":[{"name":"name","value":"JBoss Enterprise Application Platform"},{"name":"arch","value":"ppc64,x86,x86_64"},{"name":"type","value":"SVC"}],"productContent":[{"content":{"created":"2017-09-11T09:21:31.000+0000","updated":"2017-09-11T09:21:31.000+0000","id":"6106","type":"yum","label":"jb-eap-7.1-for-rhel-7-server-beta-rpms","name":"JBoss Enterprise Application Platform 7.1 Beta (RHEL 7 Server) (RPMs)","vendor":"Red Hat","contentUrl":"/content/beta/rhel/server/7/$basearch/jbeap/7.1/os","requiredTags":"rhel-7-server","gpgUrl":"file:///etc/pki/rpm-gpg/RPM-GPG-KEY-redhat-beta","modifiedProductIds":[],"arches":"x86_64","metadataExpire":86400,"uuid":"8a99f9835e62e718015e711a23341d32","releaseVersion":null},"enabled":false},{"content":{"created":"2017-05-16T11:42:59.000+0000","updated":"2017-09-11T09:21:12.000+0000","id":"4488","type":"yum","label":"jb-eap-7.0-for-rhel-7-server-debug-rpms","name":"JBoss Enterprise Application Platform 7.0 (RHEL 7 Server) (Debug RPMs)","vendor":"Red Hat","contentUrl":"/content/dist/rhel/server/7/$releasever/$basearch/jbeap/7.0/debug","requiredTags":"rhel-7-server","gpgUrl":"file:///etc/pki/rpm-gpg/RPM-GPG-KEY-redhat-release","modifiedProductIds":[],"arches":"x86_64","metadataExpire":86400,"uuid":"8a99f9835e62e718015e7119d662137f","releaseVersion":null},"enabled":false},{"content":{"created":"2017-09-11T09:21:31.000+0000","updated":"2017-09-11T09:21:31.000+0000","id":"6105","type":"yum","label":"jb-eap-7.1-for-rhel-6-server-beta-debug-rpms","name":"JBoss Enterprise Application Platform 7.1 Beta (RHEL 6 Server) (Debug RPMs)","vendor":"Red Hat","contentUrl":"/content/beta/rhel/server/6/6Server/$basearch/jbeap/7.1/debug","requiredTags":"rhel-6-server","gpgUrl":"file:///etc/pki/rpm-gpg/RPM-GPG-KEY-redhat-beta","modifiedProductIds":[],"arches":"x86,x86_64","metadataExpire":86400,"uuid":"8a99f9835e62e718015e711a23341d33","releaseVersion":null},"enabled":false},{"content":{"created":"2017-09-11T09:21:31.000+0000","updated":"2017-09-11T09:21:31.000+0000","id":"6108","type":"yum","label":"jb-eap-7.1-for-rhel-7-server-beta-debug-rpms","name":"JBoss Enterprise Application Platform 7.1 Beta (RHEL 7 Server) (Debug RPMs)","vendor":"Red Hat","contentUrl":"/content/beta/rhel/server/7/$basearch/jbeap/7.1/debug","requiredTags":"rhel-7-server","gpgUrl":"file:///etc/pki/rpm-gpg/RPM-GPG-KEY-redhat-beta","modifiedProductIds":[],"arches":"x86_64","metadataExpire":86400,"uuid":"8a99f9835e62e718015e711a23341d30","releaseVersion":null},"enabled":false},{"content":{"created":"2017-09-11T09:21:31.000+0000","updated":"2017-09-11T09:21:31.000+0000","id":"6107","type":"yum","label":"jb-eap-7.1-for-rhel-7-server-beta-source-rpms","name":"JBoss Enterprise Application Platform 7.1 Beta (RHEL 7 Server) (Source RPMs)","vendor":"Red Hat","contentUrl":"/content/beta/rhel/server/7/$basearch/jbeap/7.1/source/SRPMS","requiredTags":"rhel-7-server","gpgUrl":"file:///etc/pki/rpm-gpg/RPM-GPG-KEY-redhat-beta","modifiedProductIds":[],"arches":"x86_64","metadataExpire":86400,"uuid":"8a99f9835e62e718015e711a23341d31","releaseVersion":null},"enabled":false},{"content":{"created":"2017-09-11T09:21:31.000+0000","updated":"2017-09-11T09:21:31.000+0000","id":"6109","type":"yum","label":"jb-eap-textonly-1-for-middleware-rpms","name":"Red Hat JBoss Enterprise Application Platform Text-Only Advisories","vendor":"Red Hat","contentUrl":"/content/dist/middleware/jbeap/1.0/$basearch/os","requiredTags":null,"gpgUrl":"file://","modifiedProductIds":[],"arches":"x86_64","metadataExpire":86400,"uuid":"8a99f9835e62e718015e711a23341d34","releaseVersion":null},"enabled":false},{"content":{"created":"2018-05-30T00:05:47.000+0000","updated":"2018-05-30T00:05:47.000+0000","id":"7378","type":"yum","label":"jb-eap-7.2-for-rhel-6-server-rpms","name":"JBoss Enterprise Application Platform 7.2 (RHEL 6 Server) (RPMs)","vendor":"Red Hat","contentUrl":"/content/dist/rhel/server/6/6Server/$basearch/jbeap/7.2/os","requiredTags":"rhel-6-server","gpgUrl":"file:///etc/pki/rpm-gpg/RPM-GPG-KEY-redhat-release","modifiedProductIds":[],"arches":"x86,x86_64","metadataExpire":86400,"uuid":"8a99f99e6374c5370163af3921e631dc","releaseVersion":null},"enabled":false},{"content":{"created":"2017-09-11T09:21:12.000+0000","updated":"2017-09-11T09:21:12.000+0000","id":"3650","type":"yum","label":"jb-eap-6-for-rhel-7-server-rpms","name":"JBoss Enterprise Application Platform 6 (RHEL 7 Server) (RPMs)","vendor":"Red Hat","contentUrl":"/content/dist/rhel/server/7/$releasever/$basearch/jbeap/6/os","requiredTags":"rhel-7-server","gpgUrl":"file:///etc/pki/rpm-gpg/RPM-GPG-KEY-redhat-release","modifiedProductIds":[],"arches":"x86_64","metadataExpire":86400,"uuid":"8a99f9835e62e718015e7119d65f1342","releaseVersion":null},"enabled":false},{"content":{"created":"2018-05-30T00:05:47.000+0000","updated":"2018-05-30T00:05:47.000+0000","id":"7379","type":"yum","label":"jb-eap-7.2-for-rhel-6-server-source-rpms","name":"JBoss Enterprise Application Platform 7.2 (RHEL 6 Server) (Source RPMs)","vendor":"Red Hat","contentUrl":"/content/dist/rhel/server/6/6Server/$basearch/jbeap/7.2/source/SRPMS","requiredTags":"rhel-6-server","gpgUrl":"file:///etc/pki/rpm-gpg/RPM-GPG-KEY-redhat-release","modifiedProductIds":[],"arches":"x86,x86_64","metadataExpire":86400,"uuid":"8a99f99e6374c5370163af3921e631dd","releaseVersion":null},"enabled":false},{"content":{"created":"2017-09-11T09:21:12.000+0000","updated":"2017-09-11T09:21:12.000+0000","id":"3651","type":"yum","label":"jb-eap-6-for-rhel-7-server-source-rpms","name":"JBoss Enterprise Application Platform 6 (RHEL 7 Server) (Source RPMs)","vendor":"Red Hat","contentUrl":"/content/dist/rhel/server/7/$releasever/$basearch/jbeap/6/source/SRPMS","requiredTags":"rhel-7-server","gpgUrl":"file:///etc/pki/rpm-gpg/RPM-GPG-KEY-redhat-release","modifiedProductIds":[],"arches":"x86_64","metadataExpire":86400,"uuid":"8a99f9835e62e718015e7119d65f1341","releaseVersion":null},"enabled":false},{"content":{"created":"2017-09-11T09:21:12.000+0000","updated":"2017-09-11T09:21:12.000+0000","id":"3883","type":"yum","label":"jb-eap-6-for-rhel-5-server-rpms","name":"JBoss Enterprise Application Platform 6 (RHEL 5 Server) (RPMs)","vendor":"Red Hat","contentUrl":"/content/dist/rhel/server/5/$releasever/$basearch/jbeap/6/os","requiredTags":"rhel-5-server","gpgUrl":"file:///etc/pki/rpm-gpg/RPM-GPG-KEY-redhat-release","modifiedProductIds":[],"arches":"x86,x86_64","metadataExpire":86400,"uuid":"8a99f9835e62e718015e7119d65a12e1","releaseVersion":null},"enabled":false},{"content":{"created":"2017-09-11T09:21:12.000+0000","updated":"2017-09-11T09:21:12.000+0000","id":"3884","type":"yum","label":"jb-eap-6-for-rhel-5-server-source-rpms","name":"JBoss Enterprise Application Platform 6 (RHEL 5 Server) (Source RPMs)","vendor":"Red Hat","contentUrl":"/content/dist/rhel/server/5/$releasever/$basearch/jbeap/6/source/SRPMS","requiredTags":"rhel-5-server","gpgUrl":"file:///etc/pki/rpm-gpg/RPM-GPG-KEY-redhat-release","modifiedProductIds":[],"arches":"x86,x86_64","metadataExpire":86400,"uuid":"8a99f9835e62e718015e7119d65a12e3","releaseVersion":null},"enabled":false},{"content":{"created":"2017-09-11T09:21:12.000+0000","updated":"2017-09-11T09:21:12.000+0000","id":"3885","type":"yum","label":"jb-eap-6-for-rhel-5-server-debug-rpms","name":"JBoss Enterprise Application Platform 6 (RHEL 5 Server) (Debug RPMs)","vendor":"Red Hat","contentUrl":"/content/dist/rhel/server/5/$releasever/$basearch/jbeap/6/debug","requiredTags":"rhel-5-server","gpgUrl":"file:///etc/pki/rpm-gpg/RPM-GPG-KEY-redhat-release","modifiedProductIds":[],"arches":"x86,x86_64","metadataExpire":86400,"uuid":"8a99f9835e62e718015e7119d65a12e5","releaseVersion":null},"enabled":false},{"content":{"created":"2017-05-16T11:42:43.000+0000","updated":"2017-09-11T09:21:31.000+0000","id":"5228","type":"containerimage","label":"rhel-7-server-jb-eap-7.0-containers","name":"JBoss Enterprise Application Platform 7.0 (Containers)","vendor":"Red Hat","contentUrl":"/content/dist/rhel/server/7/7Server/$basearch/jbeap/7.0/containers","requiredTags":"rhel-7-server","gpgUrl":"file:///etc/pki/rpm-gpg/RPM-GPG-KEY-redhat-release","modifiedProductIds":[],"arches":"x86_64","metadataExpire":86400,"uuid":"8a99f9835e62e718015e711a23291c2a","releaseVersion":null},"enabled":false},{"content":{"created":"2017-05-16T11:42:44.000+0000","updated":"2017-09-11T09:21:12.000+0000","id":"4470","type":"yum","label":"jb-eap-7-for-rhel-6-server-debug-rpms","name":"JBoss Enterprise Application Platform 7 (RHEL 6 Server) (Debug RPMs)","vendor":"Red Hat","contentUrl":"/content/dist/rhel/server/6/$releasever/$basearch/jbeap/7/debug","requiredTags":"rhel-6-server","gpgUrl":"file:///etc/pki/rpm-gpg/RPM-GPG-KEY-redhat-release","modifiedProductIds":[],"arches":"x86,x86_64","metadataExpire":86400,"uuid":"8a99f9835e62e718015e7119d66813ed","releaseVersion":null},"enabled":false},{"content":{"created":"2017-09-11T14:53:40.000+0000","updated":"2017-09-11T14:53:40.000+0000","id":"5240","type":"yum","label":"jb-eap-7.1-for-rhel-7-server-rpms","name":"JBoss Enterprise Application Platform 7.1 (RHEL 7 Server) (RPMs)","vendor":"Red Hat","contentUrl":"/content/dist/rhel/server/7/7Server/$basearch/jbeap/7.1/os","requiredTags":"rhel-7-server","gpgUrl":"file:///etc/pki/rpm-gpg/RPM-GPG-KEY-redhat-release","modifiedProductIds":[],"arches":"x86_64","metadataExpire":86400,"uuid":"8a99f9845e718933015e724a38a50829","releaseVersion":null},"enabled":false},{"content":{"created":"2017-09-11T14:53:40.000+0000","updated":"2017-09-11T14:53:40.000+0000","id":"5241","type":"yum","label":"jb-eap-7.1-for-rhel-7-server-source-rpms","name":"JBoss Enterprise Application Platform 7.1 (RHEL 7 Server) (Source RPMs)","vendor":"Red Hat","contentUrl":"/content/dist/rhel/server/7/7Server/$basearch/jbeap/7.1/source/SRPMS","requiredTags":"rhel-7-server","gpgUrl":"file:///etc/pki/rpm-gpg/RPM-GPG-KEY-redhat-release","modifiedProductIds":[],"arches":"x86_64","metadataExpire":86400,"uuid":"8a99f9845e718933015e724a38a5082b","releaseVersion":null},"enabled":false},{"content":{"created":"2017-09-11T14:53:40.000+0000","updated":"2017-09-11T14:53:40.000+0000","id":"5242","type":"yum","label":"jb-eap-7.1-for-rhel-7-server-debug-rpms","name":"JBoss Enterprise Application Platform 7.1 (RHEL 7 Server) (Debug RPMs)","vendor":"Red Hat","contentUrl":"/content/dist/rhel/server/7/7Server/$basearch/jbeap/7.1/debug","requiredTags":"rhel-7-server","gpgUrl":"file:///etc/pki/rpm-gpg/RPM-GPG-KEY-redhat-release","modifiedProductIds":[],"arches":"x86_64","metadataExpire":86400,"uuid":"8a99f9845e718933015e724a38a5082a","releaseVersion":null},"enabled":false},{"content":{"created":"2017-09-11T09:21:31.000+0000","updated":"2017-09-11T09:21:31.000+0000","id":"4154","type":"yum","label":"jb-eap-6.3-for-rhel-5-server-rpms","name":"JBoss Enterprise Application Platform 6.3 (RHEL 5 Server) (RPMs)","vendor":"Red Hat","contentUrl":"/content/dist/rhel/server/5/$releasever/$basearch/jbeap/6.3/os","requiredTags":"rhel-5-server","gpgUrl":"file:///etc/pki/rpm-gpg/RPM-GPG-KEY-redhat-release","modifiedProductIds":[],"arches":"x86,x86_64","metadataExpire":86400,"uuid":"8a99f9835e62e718015e711a233a1dcf","releaseVersion":null},"enabled":false},{"content":{"created":"2017-05-16T11:42:52.000+0000","updated":"2017-09-11T09:22:11.000+0000","id":"5882","type":"yum","label":"jb-eap-6-for-rhel-6-server-debug-rpms","name":"JBoss Enterprise Application Platform 6 (RHEL 6 Server) (Debug RPMs)","vendor":"Red Hat","contentUrl":"/content/dist/rhel/server/6/$releasever/$basearch/jbeap/6/debug","requiredTags":"rhel-6-server","gpgUrl":"file:///etc/pki/rpm-gpg/RPM-GPG-KEY-redhat-release","modifiedProductIds":[],"arches":"x86,x86_64","metadataExpire":86400,"uuid":"8a99f9835e62e718015e711abe1e25e6","releaseVersion":null},"enabled":false},{"content":{"created":"2017-09-11T09:21:31.000+0000","updated":"2017-09-11T09:21:31.000+0000","id":"4155","type":"yum","label":"jb-eap-6.3-for-rhel-5-server-source-rpms","name":"JBoss Enterprise Application Platform 6.3 (RHEL 5 Server) (Source RPMs)","vendor":"Red Hat","contentUrl":"/content/dist/rhel/server/5/$releasever/$basearch/jbeap/6.3/source/SRPMS","requiredTags":"rhel-5-server","gpgUrl":"file:///etc/pki/rpm-gpg/RPM-GPG-KEY-redhat-release","modifiedProductIds":[],"arches":"x86,x86_64","metadataExpire":86400,"uuid":"8a99f9835e62e718015e711a233a1dd0","releaseVersion":null},"enabled":false},{"content":{"created":"2017-05-16T11:42:50.000+0000","updated":"2017-09-11T09:21:12.000+0000","id":"4474","type":"yum","label":"jb-eap-7-for-rhel-7-server-rpms","name":"JBoss Enterprise Application Platform 7 (RHEL 7 Server) (RPMs)","vendor":"Red Hat","contentUrl":"/content/dist/rhel/server/7/$releasever/$basearch/jbeap/7/os","requiredTags":"rhel-7-server","gpgUrl":"file:///etc/pki/rpm-gpg/RPM-GPG-KEY-redhat-release","modifiedProductIds":[],"arches":"x86_64","metadataExpire":86400,"uuid":"8a99f9835e62e718015e7119d66913f8","releaseVersion":null},"enabled":false},{"content":{"created":"2017-09-11T09:22:11.000+0000","updated":"2017-09-11T09:22:11.000+0000","id":"4310","type":"yum","label":"jb-eap-6.4-for-rhel-5-server-source-rpms","name":"JBoss Enterprise Application Platform 6.4 (RHEL 5 Server) (Source RPMs)","vendor":"Red Hat","contentUrl":"/content/dist/rhel/server/5/$releasever/$basearch/jbeap/6.4/source/SRPMS","requiredTags":"rhel-5-server","gpgUrl":"file:///etc/pki/rpm-gpg/RPM-GPG-KEY-redhat-release","modifiedProductIds":[],"arches":"x86,x86_64","metadataExpire":86400,"uuid":"8a99f9835e62e718015e711abe1c25ab","releaseVersion":null},"enabled":false},{"content":{"created":"2017-05-16T11:42:58.000+0000","updated":"2017-09-11T09:21:12.000+0000","id":"4475","type":"yum","label":"jb-eap-7-for-rhel-7-server-source-rpms","name":"JBoss Enterprise Application Platform 7 (RHEL 7 Server) (Source RPMs)","vendor":"Red Hat","contentUrl":"/content/dist/rhel/server/7/$releasever/$basearch/jbeap/7/source/SRPMS","requiredTags":"rhel-7-server","gpgUrl":"file:///etc/pki/rpm-gpg/RPM-GPG-KEY-redhat-release","modifiedProductIds":[],"arches":"x86_64","metadataExpire":86400,"uuid":"8a99f9835e62e718015e7119d66913f6","releaseVersion":null},"enabled":false},{"content":{"created":"2017-05-16T11:43:02.000+0000","updated":"2017-09-11T09:22:11.000+0000","id":"5883","type":"yum","label":"jb-eap-6.3-for-rhel-6-server-debug-rpms","name":"JBoss Enterprise Application Platform 6.3 (RHEL 6 Server) (Debug RPMs)","vendor":"Red Hat","contentUrl":"/content/dist/rhel/server/6/$releasever/$basearch/jbeap/6.3/debug","requiredTags":"rhel-6-server","gpgUrl":"file:///etc/pki/rpm-gpg/RPM-GPG-KEY-redhat-release","modifiedProductIds":[],"arches":"x86,x86_64","metadataExpire":86400,"uuid":"8a99f9835e62e718015e711abe1e25e8","releaseVersion":null},"enabled":false},{"content":{"created":"2017-09-11T09:21:31.000+0000","updated":"2017-09-11T09:21:31.000+0000","id":"4156","type":"yum","label":"jb-eap-6.3-for-rhel-5-server-debug-rpms","name":"JBoss Enterprise Application Platform 6.3 (RHEL 5 Server) (Debug RPMs)","vendor":"Red Hat","contentUrl":"/content/dist/rhel/server/5/$releasever/$basearch/jbeap/6.3/debug","requiredTags":"rhel-5-server","gpgUrl":"file:///etc/pki/rpm-gpg/RPM-GPG-KEY-redhat-release","modifiedProductIds":[],"arches":"x86,x86_64","metadataExpire":86400,"uuid":"8a99f9835e62e718015e711a233a1dcb","releaseVersion":null},"enabled":false},{"content":{"created":"2017-05-16T11:43:05.000+0000","updated":"2017-09-11T09:22:11.000+0000","id":"5884","type":"yum","label":"jb-eap-6.4-for-rhel-6-server-debug-rpms","name":"JBoss Enterprise Application Platform 6.4 (RHEL 6 Server) (Debug RPMs)","vendor":"Red Hat","contentUrl":"/content/dist/rhel/server/6/$releasever/$basearch/jbeap/6.4/debug","requiredTags":"rhel-6-server","gpgUrl":"file:///etc/pki/rpm-gpg/RPM-GPG-KEY-redhat-release","modifiedProductIds":[],"arches":"x86,x86_64","metadataExpire":86400,"uuid":"8a99f9835e62e718015e711abe1e25e7","releaseVersion":null},"enabled":false},{"content":{"created":"2017-09-11T09:21:31.000+0000","updated":"2017-09-11T09:21:31.000+0000","id":"4157","type":"yum","label":"jb-eap-6.3-for-rhel-6-server-rpms","name":"JBoss Enterprise Application Platform 6.3 (RHEL 6 Server) (RPMs)","vendor":"Red Hat","contentUrl":"/content/dist/rhel/server/6/$releasever/$basearch/jbeap/6.3/os","requiredTags":"rhel-6-server","gpgUrl":"file:///etc/pki/rpm-gpg/RPM-GPG-KEY-redhat-release","modifiedProductIds":[],"arches":"x86,x86_64","metadataExpire":86400,"uuid":"8a99f9835e62e718015e711a233a1dcc","releaseVersion":null},"enabled":false},{"content":{"created":"2017-09-11T09:22:11.000+0000","updated":"2017-09-11T09:22:11.000+0000","id":"4311","type":"yum","label":"jb-eap-6.4-for-rhel-5-server-debug-rpms","name":"JBoss Enterprise Application Platform 6.4 (RHEL 5 Server) (Debug RPMs)","vendor":"Red Hat","contentUrl":"/content/dist/rhel/server/5/$releasever/$basearch/jbeap/6.4/debug","requiredTags":"rhel-5-server","gpgUrl":"file:///etc/pki/rpm-gpg/RPM-GPG-KEY-redhat-release","modifiedProductIds":[],"arches":"x86,x86_64","metadataExpire":86400,"uuid":"8a99f9835e62e718015e711abe1c25ac","releaseVersion":null},"enabled":false},{"content":{"created":"2017-05-16T11:42:48.000+0000","updated":"2017-09-11T09:21:12.000+0000","id":"4476","type":"yum","label":"jb-eap-7-for-rhel-7-server-debug-rpms","name":"JBoss Enterprise Application Platform 7 (RHEL 7 Server) (Debug RPMs)","vendor":"Red Hat","contentUrl":"/content/dist/rhel/server/7/$releasever/$basearch/jbeap/7/debug","requiredTags":"rhel-7-server","gpgUrl":"file:///etc/pki/rpm-gpg/RPM-GPG-KEY-redhat-release","modifiedProductIds":[],"arches":"x86_64","metadataExpire":86400,"uuid":"8a99f9835e62e718015e7119d66813f2","releaseVersion":null},"enabled":false},{"content":{"created":"2017-09-11T09:21:31.000+0000","updated":"2017-09-11T09:21:31.000+0000","id":"1560","type":"yum","label":"jb-eap-6-for-rhel-6-server-source-rpms","name":"JBoss Enterprise Application Platform 6 (RHEL 6 Server) (Source RPMs)","vendor":"Red Hat","contentUrl":"/content/dist/rhel/server/6/$releasever/$basearch/jbeap/6/source/SRPMS","requiredTags":"rhel-6-server","gpgUrl":"file:///etc/pki/rpm-gpg/RPM-GPG-KEY-redhat-release","modifiedProductIds":[],"arches":"x86,x86_64","metadataExpire":86400,"uuid":"8a99f9835e62e718015e711a23331d1e","releaseVersion":null},"enabled":false},{"content":{"created":"2018-05-30T00:05:47.000+0000","updated":"2018-05-30T00:05:47.000+0000","id":"7381","type":"yum","label":"jb-eap-7.2-for-rhel-7-server-rpms","name":"JBoss Enterprise Application Platform 7.2 (RHEL 7 Server) (RPMs)","vendor":"Red Hat","contentUrl":"/content/dist/rhel/server/7/7Server/$basearch/jbeap/7.2/os","requiredTags":"rhel-7-server","gpgUrl":"file:///etc/pki/rpm-gpg/RPM-GPG-KEY-redhat-release","modifiedProductIds":[],"arches":"x86_64","metadataExpire":86400,"uuid":"8a99f99e6374c5370163af3921e631de","releaseVersion":null},"enabled":false},{"content":{"created":"2018-05-30T00:05:47.000+0000","updated":"2018-05-30T00:05:47.000+0000","id":"7380","type":"yum","label":"jb-eap-7.2-for-rhel-6-server-debug-rpms","name":"JBoss Enterprise Application Platform 7.2 (RHEL 6 Server) (Debug RPMs)","vendor":"Red Hat","contentUrl":"/content/dist/rhel/server/6/6Server/$basearch/jbeap/7.2/debug","requiredTags":"rhel-6-server","gpgUrl":"file:///etc/pki/rpm-gpg/RPM-GPG-KEY-redhat-release","modifiedProductIds":[],"arches":"x86,x86_64","metadataExpire":86400,"uuid":"8a99f99e6374c5370163af3921e631df","releaseVersion":null},"enabled":false},{"content":{"created":"2018-05-30T00:05:47.000+0000","updated":"2018-05-30T00:05:47.000+0000","id":"7383","type":"yum","label":"jb-eap-7.2-for-rhel-7-server-debug-rpms","name":"JBoss Enterprise Application Platform 7.2 (RHEL 7 Server) (Debug RPMs)","vendor":"Red Hat","contentUrl":"/content/dist/rhel/server/7/7Server/$basearch/jbeap/7.2/debug","requiredTags":"rhel-7-server","gpgUrl":"file:///etc/pki/rpm-gpg/RPM-GPG-KEY-redhat-release","modifiedProductIds":[],"arches":"x86_64","metadataExpire":86400,"uuid":"8a99f99e6374c5370163af3921e631e0","releaseVersion":null},"enabled":false},{"content":{"created":"2018-05-30T00:05:47.000+0000","updated":"2018-05-30T00:05:47.000+0000","id":"7382","type":"yum","label":"jb-eap-7.2-for-rhel-7-server-source-rpms","name":"JBoss Enterprise Application Platform 7.2 (RHEL 7 Server) (Source RPMs)","vendor":"Red Hat","contentUrl":"/content/dist/rhel/server/7/7Server/$basearch/jbeap/7.2/source/SRPMS","requiredTags":"rhel-7-server","gpgUrl":"file:///etc/pki/rpm-gpg/RPM-GPG-KEY-redhat-release","modifiedProductIds":[],"arches":"x86_64","metadataExpire":86400,"uuid":"8a99f99e6374c5370163af3921e631e1","releaseVersion":null},"enabled":false},{"content":{"created":"2017-09-11T09:22:11.000+0000","updated":"2017-09-11T09:22:11.000+0000","id":"4309","type":"yum","label":"jb-eap-6.4-for-rhel-5-server-rpms","name":"JBoss Enterprise Application Platform 6.4 (RHEL 5 Server) (RPMs)","vendor":"Red Hat","contentUrl":"/content/dist/rhel/server/5/$releasever/$basearch/jbeap/6.4/os","requiredTags":"rhel-5-server","gpgUrl":"file:///etc/pki/rpm-gpg/RPM-GPG-KEY-redhat-release","modifiedProductIds":[],"arches":"x86,x86_64","metadataExpire":86400,"uuid":"8a99f9835e62e718015e711abe1b25a4","releaseVersion":null},"enabled":false},{"content":{"created":"2017-09-11T09:21:12.000+0000","updated":"2017-09-11T09:21:12.000+0000","id":"3652","type":"yum","label":"jb-eap-6-for-rhel-7-server-debug-rpms","name":"JBoss Enterprise Application Platform 6 (RHEL 7 Server) (Debug RPMs)","vendor":"Red Hat","contentUrl":"/content/dist/rhel/server/7/$releasever/$basearch/jbeap/6/debug","requiredTags":"rhel-7-server","gpgUrl":"file:///etc/pki/rpm-gpg/RPM-GPG-KEY-redhat-release","modifiedProductIds":[],"arches":"x86_64","metadataExpire":86400,"uuid":"8a99f9835e62e718015e7119d6611363","releaseVersion":null},"enabled":false},{"content":{"created":"2017-09-11T14:53:40.000+0000","updated":"2017-09-11T14:53:40.000+0000","id":"5237","type":"yum","label":"jb-eap-7.1-for-rhel-6-server-rpms","name":"JBoss Enterprise Application Platform 7.1 (RHEL 6 Server) (RPMs)","vendor":"Red Hat","contentUrl":"/content/dist/rhel/server/6/6Server/$basearch/jbeap/7.1/os","requiredTags":"rhel-6-server","gpgUrl":"file:///etc/pki/rpm-gpg/RPM-GPG-KEY-redhat-release","modifiedProductIds":[],"arches":"x86,x86_64","metadataExpire":86400,"uuid":"8a99f9845e718933015e724a38a5082c","releaseVersion":null},"enabled":false},{"content":{"created":"2017-05-16T11:42:54.000+0000","updated":"2017-09-11T09:21:12.000+0000","id":"4468","type":"yum","label":"jb-eap-7-for-rhel-6-server-rpms","name":"JBoss Enterprise Application Platform 7 (RHEL 6 Server) (RPMs)","vendor":"Red Hat","contentUrl":"/content/dist/rhel/server/6/$releasever/$basearch/jbeap/7/os","requiredTags":"rhel-6-server","gpgUrl":"file:///etc/pki/rpm-gpg/RPM-GPG-KEY-redhat-release","modifiedProductIds":[],"arches":"x86,x86_64","metadataExpire":86400,"uuid":"8a99f9835e62e718015e7119d66913fd","releaseVersion":null},"enabled":false},{"content":{"created":"2017-09-11T14:53:40.000+0000","updated":"2017-09-11T14:53:40.000+0000","id":"5238","type":"yum","label":"jb-eap-7.1-for-rhel-6-server-source-rpms","name":"JBoss Enterprise Application Platform 7.1 (RHEL 6 Server) (Source RPMs)","vendor":"Red Hat","contentUrl":"/content/dist/rhel/server/6/6Server/$basearch/jbeap/7.1/source/SRPMS","requiredTags":"rhel-6-server","gpgUrl":"file:///etc/pki/rpm-gpg/RPM-GPG-KEY-redhat-release","modifiedProductIds":[],"arches":"x86,x86_64","metadataExpire":86400,"uuid":"8a99f9845e718933015e724a38a5082d","releaseVersion":null},"enabled":false},{"content":{"created":"2017-09-11T14:53:40.000+0000","updated":"2017-09-11T14:53:40.000+0000","id":"5239","type":"yum","label":"jb-eap-7.1-for-rhel-6-server-debug-rpms","name":"JBoss Enterprise Application Platform 7.1 (RHEL 6 Server) (Debug RPMs)","vendor":"Red Hat","contentUrl":"/content/dist/rhel/server/6/6Server/$basearch/jbeap/7.1/debug","requiredTags":"rhel-6-server","gpgUrl":"file:///etc/pki/rpm-gpg/RPM-GPG-KEY-redhat-release","modifiedProductIds":[],"arches":"x86,x86_64","metadataExpire":86400,"uuid":"8a99f9845e718933015e724a38a5082e","releaseVersion":null},"enabled":false},{"content":{"created":"2017-05-16T11:43:07.000+0000","updated":"2017-09-11T09:21:12.000+0000","id":"4469","type":"yum","label":"jb-eap-7-for-rhel-6-server-source-rpms","name":"JBoss Enterprise Application Platform 7 (RHEL 6 Server) (Source RPMs)","vendor":"Red Hat","contentUrl":"/content/dist/rhel/server/6/$releasever/$basearch/jbeap/7/source/SRPMS","requiredTags":"rhel-6-server","gpgUrl":"file:///etc/pki/rpm-gpg/RPM-GPG-KEY-redhat-release","modifiedProductIds":[],"arches":"x86,x86_64","metadataExpire":86400,"uuid":"8a99f9835e62e718015e7119d66a13ff","releaseVersion":null},"enabled":false},{"content":{"created":"2017-09-11T09:21:31.000+0000","updated":"2017-09-11T09:21:31.000+0000","id":"1559","type":"yum","label":"jb-eap-6-for-rhel-6-server-rpms","name":"JBoss Enterprise Application Platform 6 (RHEL 6 Server) (RPMs)","vendor":"Red Hat","contentUrl":"/content/dist/rhel/server/6/$releasever/$basearch/jbeap/6/os","requiredTags":"rhel-6-server","gpgUrl":"file:///etc/pki/rpm-gpg/RPM-GPG-KEY-redhat-release","modifiedProductIds":[],"arches":"x86,x86_64","metadataExpire":86400,"uuid":"8a99f9835e62e718015e711a23341d2e","releaseVersion":null},"enabled":false},{"content":{"created":"2017-09-11T09:21:31.000+0000","updated":"2017-09-11T09:21:31.000+0000","id":"4161","type":"yum","label":"jb-eap-6.3-for-rhel-7-for-power-rpms","name":"JBoss Enterprise Application Platform 6.3 (RHEL 7 for IBM Power) (RPMs)","vendor":"Red Hat","contentUrl":"/content/dist/rhel/power/7/$releasever/$basearch/jbeap/6.3/os","requiredTags":"rhel-7-ibm-power","gpgUrl":"file:///etc/pki/rpm-gpg/RPM-GPG-KEY-redhat-release","modifiedProductIds":[],"arches":"ppc64","metadataExpire":86400,"uuid":"8a99f9835e62e718015e711a233b1deb","releaseVersion":null},"enabled":false},{"content":{"created":"2017-05-16T11:42:55.000+0000","updated":"2017-09-11T09:21:12.000+0000","id":"4480","type":"yum","label":"jb-eap-7.0-for-rhel-6-server-rpms","name":"JBoss Enterprise Application Platform 7.0 (RHEL 6 Server) (RPMs)","vendor":"Red Hat","contentUrl":"/content/dist/rhel/server/6/$releasever/$basearch/jbeap/7.0/os","requiredTags":"rhel-6-server","gpgUrl":"file:///etc/pki/rpm-gpg/RPM-GPG-KEY-redhat-release","modifiedProductIds":[],"arches":"x86,x86_64","metadataExpire":86400,"uuid":"8a99f9835e62e718015e7119d66a140b","releaseVersion":null},"enabled":false},{"content":{"created":"2017-09-11T09:21:31.000+0000","updated":"2017-09-11T09:21:31.000+0000","id":"4162","type":"yum","label":"jb-eap-6.3-for-rhel-7-for-power-source-rpms","name":"JBoss Enterprise Application Platform 6.3 (RHEL 7 for IBM Power) (Source RPMs)","vendor":"Red Hat","contentUrl":"/content/dist/rhel/power/7/$releasever/$basearch/jbeap/6.3/source/SRPMS","requiredTags":"rhel-7-ibm-power","gpgUrl":"file:///etc/pki/rpm-gpg/RPM-GPG-KEY-redhat-release","modifiedProductIds":[],"arches":"ppc64","metadataExpire":86400,"uuid":"8a99f9835e62e718015e711a233b1dec","releaseVersion":null},"enabled":false},{"content":{"created":"2017-05-16T11:42:47.000+0000","updated":"2017-09-11T09:21:12.000+0000","id":"4481","type":"yum","label":"jb-eap-7.0-for-rhel-6-server-source-rpms","name":"JBoss Enterprise Application Platform 7.0 (RHEL 6 Server) (Source RPMs)","vendor":"Red Hat","contentUrl":"/content/dist/rhel/server/6/$releasever/$basearch/jbeap/7.0/source/SRPMS","requiredTags":"rhel-6-server","gpgUrl":"file:///etc/pki/rpm-gpg/RPM-GPG-KEY-redhat-release","modifiedProductIds":[],"arches":"x86,x86_64","metadataExpire":86400,"uuid":"8a99f9835e62e718015e7119d66a140a","releaseVersion":null},"enabled":false},{"content":{"created":"2018-07-31T16:25:22.000+0000","updated":"2018-07-31T16:25:22.000+0000","id":"7552","type":"containerimage","label":"jb-eap-7.2-for-rhel-7-server-multiarch-containers","name":"JBoss Enterprise Application Platform 7.2 (Containers) Multiarch","vendor":"Red Hat","contentUrl":"/content/dist/rhel/server/7/7Server/multiarch/jbeap/7.2/containers","requiredTags":"rhel-7-server","gpgUrl":"file:///etc/pki/rpm-gpg/RPM-GPG-KEY-redhat-release","modifiedProductIds":[],"arches":"x86_64","metadataExpire":86400,"uuid":"8a99f98364f0201d0164f204431d058a","releaseVersion":null},"enabled":false},{"content":{"created":"2017-05-16T11:43:04.000+0000","updated":"2017-09-11T09:21:12.000+0000","id":"4482","type":"yum","label":"jb-eap-7.0-for-rhel-6-server-debug-rpms","name":"JBoss Enterprise Application Platform 7.0 (RHEL 6 Server) (Debug RPMs)","vendor":"Red Hat","contentUrl":"/content/dist/rhel/server/6/$releasever/$basearch/jbeap/7.0/debug","requiredTags":"rhel-6-server","gpgUrl":"file:///etc/pki/rpm-gpg/RPM-GPG-KEY-redhat-release","modifiedProductIds":[],"arches":"x86,x86_64","metadataExpire":86400,"uuid":"8a99f9835e62e718015e7119d66a140d","releaseVersion":null},"enabled":false},{"content":{"created":"2017-09-11T09:21:31.000+0000","updated":"2017-09-11T09:21:31.000+0000","id":"4163","type":"yum","label":"jb-eap-6.3-for-rhel-7-for-power-debug-rpms","name":"JBoss Enterprise Application Platform 6.3 (RHEL 7 for IBM Power) (Debug RPMs)","vendor":"Red Hat","contentUrl":"/content/dist/rhel/power/7/$releasever/$basearch/jbeap/6.3/debug","requiredTags":"rhel-7-ibm-power","gpgUrl":"file:///etc/pki/rpm-gpg/RPM-GPG-KEY-redhat-release","modifiedProductIds":[],"arches":"ppc64","metadataExpire":86400,"uuid":"8a99f9835e62e718015e711a233b1ded","releaseVersion":null},"enabled":false},{"content":{"created":"2018-07-31T16:25:22.000+0000","updated":"2018-07-31T16:25:22.000+0000","id":"7551","type":"containerimage","label":"jb-eap-7.2-for-rhel-7-server-beta-multiarch-containers","name":"JBoss Enterprise Application Platform 7.2 Beta (Containers) Multiarch","vendor":"Red Hat","contentUrl":"/content/beta/rhel/server/7/multiarch/jbeap/7.2/containers","requiredTags":"rhel-7-server","gpgUrl":"file:///etc/pki/rpm-gpg/RPM-GPG-KEY-redhat-beta,file:///etc/pki/rpm-gpg/RPM-GPG-KEY-redhat-release","modifiedProductIds":[],"arches":"x86_64","metadataExpire":86400,"uuid":"8a99f98364f0201d0164f204431d058b","releaseVersion":null},"enabled":false},{"content":{"created":"2017-09-11T09:21:31.000+0000","updated":"2017-09-11T09:21:31.000+0000","id":"4164","type":"yum","label":"jb-eap-6.3-for-rhel-7-server-rpms","name":"JBoss Enterprise Application Platform 6.3 (RHEL 7 Server) (RPMs)","vendor":"Red Hat","contentUrl":"/content/dist/rhel/server/7/$releasever/$basearch/jbeap/6.3/os","requiredTags":"rhel-7-server","gpgUrl":"file:///etc/pki/rpm-gpg/RPM-GPG-KEY-redhat-release","modifiedProductIds":[],"arches":"x86_64","metadataExpire":86400,"uuid":"8a99f9835e62e718015e711a233b1dee","releaseVersion":null},"enabled":false},{"content":{"created":"2017-09-11T09:21:31.000+0000","updated":"2017-09-11T09:21:31.000+0000","id":"4165","type":"yum","label":"jb-eap-6.3-for-rhel-7-server-source-rpms","name":"JBoss Enterprise Application Platform 6.3 (RHEL 7 Server) (Source RPMs)","vendor":"Red Hat","contentUrl":"/content/dist/rhel/server/7/$releasever/$basearch/jbeap/6.3/source/SRPMS","requiredTags":"rhel-7-server","gpgUrl":"file:///etc/pki/rpm-gpg/RPM-GPG-KEY-redhat-release","modifiedProductIds":[],"arches":"x86_64","metadataExpire":86400,"uuid":"8a99f9835e62e718015e711a233b1def","releaseVersion":null},"enabled":false},{"content":{"created":"2017-09-11T09:21:31.000+0000","updated":"2017-09-11T09:21:31.000+0000","id":"4166","type":"yum","label":"jb-eap-6.3-for-rhel-7-server-debug-rpms","name":"JBoss Enterprise Application Platform 6.3 (RHEL 7 Server) (Debug RPMs)","vendor":"Red Hat","contentUrl":"/content/dist/rhel/server/7/$releasever/$basearch/jbeap/6.3/debug","requiredTags":"rhel-7-server","gpgUrl":"file:///etc/pki/rpm-gpg/RPM-GPG-KEY-redhat-release","modifiedProductIds":[],"arches":"x86_64","metadataExpire":86400,"uuid":"8a99f9835e62e718015e711a233b1df0","releaseVersion":null},"enabled":false},{"content":{"created":"2017-09-11T09:22:11.000+0000","updated":"2017-09-11T09:22:11.000+0000","id":"4320","type":"yum","label":"jb-eap-6.4-for-rhel-7-server-source-rpms","name":"JBoss Enterprise Application Platform 6.4 (RHEL 7 Server) (Source RPMs)","vendor":"Red Hat","contentUrl":"/content/dist/rhel/server/7/$releasever/$basearch/jbeap/6.4/source/SRPMS","requiredTags":"rhel-7-server","gpgUrl":"file:///etc/pki/rpm-gpg/RPM-GPG-KEY-redhat-release","modifiedProductIds":[],"arches":"x86_64","metadataExpire":86400,"uuid":"8a99f9835e62e718015e711abe1c25bd","releaseVersion":null},"enabled":false},{"content":{"created":"2018-08-27T13:01:16.000+0000","updated":"2018-08-27T13:01:16.000+0000","id":"7630","type":"containerimage","label":"rhel-7-server-jb-eap-7.0-multiarch-containers","name":"JBoss Enterprise Application Platform 7.0 (Containers)","vendor":"Red Hat","contentUrl":"/content/dist/rhel/server/7/7Server/multiarch/jbeap/7.0/containers","requiredTags":"rhel-7-server","gpgUrl":"file:///etc/pki/rpm-gpg/RPM-GPG-KEY-redhat-release","modifiedProductIds":[],"arches":"x86_64","metadataExpire":86400,"uuid":"8a99f9a1653db52201657b795e172496","releaseVersion":null},"enabled":false},{"content":{"created":"2017-09-11T09:21:31.000+0000","updated":"2017-09-11T09:21:31.000+0000","id":"6104","type":"yum","label":"jb-eap-7.1-for-rhel-6-server-beta-source-rpms","name":"JBoss Enterprise Application Platform 7.1 Beta (RHEL 6 Server) (Source RPMs)","vendor":"Red Hat","contentUrl":"/content/beta/rhel/server/6/6Server/$basearch/jbeap/7.1/source/SRPMS","requiredTags":"rhel-6-server","gpgUrl":"file:///etc/pki/rpm-gpg/RPM-GPG-KEY-redhat-beta","modifiedProductIds":[],"arches":"x86,x86_64","metadataExpire":86400,"uuid":"8a99f9835e62e718015e711a23391db1","releaseVersion":null},"enabled":false},{"content":{"created":"2017-05-16T11:43:03.000+0000","updated":"2017-09-11T09:21:12.000+0000","id":"4486","type":"yum","label":"jb-eap-7.0-for-rhel-7-server-rpms","name":"JBoss Enterprise Application Platform 7.0 (RHEL 7 Server) (RPMs)","vendor":"Red Hat","contentUrl":"/content/dist/rhel/server/7/$releasever/$basearch/jbeap/7.0/os","requiredTags":"rhel-7-server","gpgUrl":"file:///etc/pki/rpm-gpg/RPM-GPG-KEY-redhat-release","modifiedProductIds":[],"arches":"x86_64","metadataExpire":86400,"uuid":"8a99f9835e62e718015e7119d66b1414","releaseVersion":null},"enabled":false},{"content":{"created":"2017-09-11T09:22:11.000+0000","updated":"2017-09-11T09:22:11.000+0000","id":"4321","type":"yum","label":"jb-eap-6.4-for-rhel-7-server-debug-rpms","name":"JBoss Enterprise Application Platform 6.4 (RHEL 7 Server) (Debug RPMs)","vendor":"Red Hat","contentUrl":"/content/dist/rhel/server/7/$releasever/$basearch/jbeap/6.4/debug","requiredTags":"rhel-7-server","gpgUrl":"file:///etc/pki/rpm-gpg/RPM-GPG-KEY-redhat-release","modifiedProductIds":[],"arches":"x86_64","metadataExpire":86400,"uuid":"8a99f9835e62e718015e711abe1c25bc","releaseVersion":null},"enabled":false},{"content":{"created":"2017-05-16T11:43:01.000+0000","updated":"2017-09-11T09:21:12.000+0000","id":"4487","type":"yum","label":"jb-eap-7.0-for-rhel-7-server-source-rpms","name":"JBoss Enterprise Application Platform 7.0 (RHEL 7 Server) (Source RPMs)","vendor":"Red Hat","contentUrl":"/content/dist/rhel/server/7/$releasever/$basearch/jbeap/7.0/source/SRPMS","requiredTags":"rhel-7-server","gpgUrl":"file:///etc/pki/rpm-gpg/RPM-GPG-KEY-redhat-release","modifiedProductIds":[],"arches":"x86_64","metadataExpire":86400,"uuid":"8a99f9835e62e718015e7119d66b1411","releaseVersion":null},"enabled":false},{"content":{"created":"2017-09-11T09:21:31.000+0000","updated":"2017-09-11T09:21:31.000+0000","id":"6103","type":"yum","label":"jb-eap-7.1-for-rhel-6-server-beta-rpms","name":"JBoss Enterprise Application Platform 7.1 Beta (RHEL 6 Server) (RPMs)","vendor":"Red Hat","contentUrl":"/content/beta/rhel/server/6/6Server/$basearch/jbeap/7.1/os","requiredTags":"rhel-6-server","gpgUrl":"file:///etc/pki/rpm-gpg/RPM-GPG-KEY-redhat-beta","modifiedProductIds":[],"arches":"x86,x86_64","metadataExpire":86400,"uuid":"8a99f9835e62e718015e711a23391db2","releaseVersion":null},"enabled":false},{"content":{"created":"2017-09-11T09:21:31.000+0000","updated":"2017-09-11T09:21:31.000+0000","id":"3552","type":"yum","label":"jb-eap-6-for-rhel-7-for-power-debug-rpms","name":"JBoss Enterprise Application Platform 6 (RHEL 7 for IBM Power) (Debug RPMs)","vendor":"Red Hat","contentUrl":"/content/dist/rhel/power/7/$releasever/$basearch/jbeap/6/debug","requiredTags":"rhel-7-ibm-power","gpgUrl":"file:///etc/pki/rpm-gpg/RPM-GPG-KEY-redhat-release","modifiedProductIds":[],"arches":"ppc64","metadataExpire":86400,"uuid":"8a99f9835e62e718015e711a232f1cc1","releaseVersion":null},"enabled":false},{"content":{"created":"2017-09-11T09:21:31.000+0000","updated":"2017-09-11T09:21:31.000+0000","id":"3551","type":"yum","label":"jb-eap-6-for-rhel-7-for-power-source-rpms","name":"JBoss Enterprise Application Platform 6 (RHEL 7 for IBM Power) (Source RPMs)","vendor":"Red Hat","contentUrl":"/content/dist/rhel/power/7/$releasever/$basearch/jbeap/6/source/SRPMS","requiredTags":"rhel-7-ibm-power","gpgUrl":"file:///etc/pki/rpm-gpg/RPM-GPG-KEY-redhat-release","modifiedProductIds":[],"arches":"ppc64","metadataExpire":86400,"uuid":"8a99f9835e62e718015e711a232f1cbf","releaseVersion":null},"enabled":false},{"content":{"created":"2017-09-11T09:21:31.000+0000","updated":"2017-09-11T09:21:31.000+0000","id":"3550","type":"yum","label":"jb-eap-6-for-rhel-7-for-power-rpms","name":"JBoss Enterprise Application Platform 6 (RHEL 7 for IBM Power) (RPMs)","vendor":"Red Hat","contentUrl":"/content/dist/rhel/power/7/$releasever/$basearch/jbeap/6/os","requiredTags":"rhel-7-ibm-power","gpgUrl":"file:///etc/pki/rpm-gpg/RPM-GPG-KEY-redhat-release","modifiedProductIds":[],"arches":"ppc64","metadataExpire":86400,"uuid":"8a99f9835e62e718015e711a232f1cbe","releaseVersion":null},"enabled":false},{"content":{"created":"2017-09-11T09:21:31.000+0000","updated":"2017-09-11T09:21:31.000+0000","id":"4160","type":"yum","label":"jb-eap-6.3-for-rhel-6-for-power-source-rpms","name":"JBoss Enterprise Application Platform 6.3 (RHEL 6 for IBM Power) (Source RPMs)","vendor":"Red Hat","contentUrl":"/content/dist/rhel/power/6/$releasever/$basearch/jbeap/6.3/source/SRPMS","requiredTags":"rhel-6-ibm-power","gpgUrl":"file:///etc/pki/rpm-gpg/RPM-GPG-KEY-redhat-release","modifiedProductIds":[],"arches":"ppc64","metadataExpire":86400,"uuid":"8a99f9835e62e718015e711a233b1dea","releaseVersion":null},"enabled":false},{"content":{"created":"2017-09-11T09:21:31.000+0000","updated":"2017-09-11T09:21:31.000+0000","id":"3549","type":"yum","label":"jb-eap-6-for-rhel-6-for-power-source-rpms","name":"JBoss Enterprise Application Platform 6 (RHEL 6 for IBM Power) (Source RPMs)","vendor":"Red Hat","contentUrl":"/content/dist/rhel/power/6/$releasever/$basearch/jbeap/6/source/SRPMS","requiredTags":"rhel-6-ibm-power","gpgUrl":"file:///etc/pki/rpm-gpg/RPM-GPG-KEY-redhat-release","modifiedProductIds":[],"arches":"ppc64","metadataExpire":86400,"uuid":"8a99f9835e62e718015e711a23301cca","releaseVersion":null},"enabled":false},{"content":{"created":"2017-09-11T09:21:31.000+0000","updated":"2017-09-11T09:21:31.000+0000","id":"1525","type":"yum","label":"jb-eap-4.3-for-rhel-5-server-source-rpms","name":"JBoss Enterprise Application Platform 4.3 (RHEL 5 Server) (Source RPMs)","vendor":"Red Hat","contentUrl":"/content/dist/rhel/server/5/$releasever/$basearch/jbeap/4.3.0/source/SRPMS","requiredTags":"rhel-5-server","gpgUrl":"file:///etc/pki/rpm-gpg/RPM-GPG-KEY-redhat-release","modifiedProductIds":[],"arches":"x86,x86_64","metadataExpire":86400,"uuid":"8a99f9835e62e718015e711a232e1cab","releaseVersion":null},"enabled":false},{"content":{"created":"2017-09-11T09:21:31.000+0000","updated":"2017-09-11T09:21:31.000+0000","id":"3548","type":"yum","label":"jb-eap-6-for-rhel-6-for-power-rpms","name":"JBoss Enterprise Application Platform 6 (RHEL 6 for IBM Power) (RPMs)","vendor":"Red Hat","contentUrl":"/content/dist/rhel/power/6/$releasever/$basearch/jbeap/6/os","requiredTags":"rhel-6-ibm-power","gpgUrl":"file:///etc/pki/rpm-gpg/RPM-GPG-KEY-redhat-release","modifiedProductIds":[],"arches":"ppc64","metadataExpire":86400,"uuid":"8a99f9835e62e718015e711a23301ccd","releaseVersion":null},"enabled":false},{"content":{"created":"2017-09-11T09:21:31.000+0000","updated":"2017-09-11T09:21:31.000+0000","id":"1524","type":"yum","label":"jb-eap-4.3-for-rhel-5-server-rpms","name":"JBoss Enterprise Application Platform 4.3 (RHEL 5 Server) (RPMs)","vendor":"Red Hat","contentUrl":"/content/dist/rhel/server/5/$releasever/$basearch/jbeap/4.3.0/os","requiredTags":"rhel-5-server","gpgUrl":"file:///etc/pki/rpm-gpg/RPM-GPG-KEY-redhat-release","modifiedProductIds":[],"arches":"x86,x86_64","metadataExpire":86400,"uuid":"8a99f9835e62e718015e711a232e1cad","releaseVersion":null},"enabled":false},{"content":{"created":"2017-09-11T09:22:11.000+0000","updated":"2017-09-11T09:22:11.000+0000","id":"4312","type":"yum","label":"jb-eap-6.4-for-rhel-6-server-rpms","name":"JBoss Enterprise Application Platform 6.4 (RHEL 6 Server) (RPMs)","vendor":"Red Hat","contentUrl":"/content/dist/rhel/server/6/$releasever/$basearch/jbeap/6.4/os","requiredTags":"rhel-6-server","gpgUrl":"file:///etc/pki/rpm-gpg/RPM-GPG-KEY-redhat-release","modifiedProductIds":[],"arches":"x86,x86_64","metadataExpire":86400,"uuid":"8a99f9835e62e718015e711abe1c25b2","releaseVersion":null},"enabled":false},{"content":{"created":"2017-09-11T09:21:31.000+0000","updated":"2017-09-11T09:21:31.000+0000","id":"4158","type":"yum","label":"jb-eap-6.3-for-rhel-6-server-source-rpms","name":"JBoss Enterprise Application Platform 6.3 (RHEL 6 Server) (Source RPMs)","vendor":"Red Hat","contentUrl":"/content/dist/rhel/server/6/$releasever/$basearch/jbeap/6.3/source/SRPMS","requiredTags":"rhel-6-server","gpgUrl":"file:///etc/pki/rpm-gpg/RPM-GPG-KEY-redhat-release","modifiedProductIds":[],"arches":"x86,x86_64","metadataExpire":86400,"uuid":"8a99f9835e62e718015e711a233a1dd4","releaseVersion":null},"enabled":false},{"content":{"created":"2017-05-16T11:42:49.000+0000","updated":"2017-09-11T09:22:11.000+0000","id":"5885","type":"yum","label":"jb-eap-6-for-rhel-6-for-power-debug-rpms","name":"JBoss Enterprise Application Platform 6 (RHEL 6 for IBM Power) (Debug RPMs)","vendor":"Red Hat","contentUrl":"/content/dist/rhel/power/6/$releasever/$basearch/jbeap/6/debug","requiredTags":"rhel-6-ibm-power","gpgUrl":"file:///etc/pki/rpm-gpg/RPM-GPG-KEY-redhat-release","modifiedProductIds":[],"arches":"ppc64","metadataExpire":86400,"uuid":"8a99f9835e62e718015e711abe1e25e4","releaseVersion":null},"enabled":false},{"content":{"created":"2017-09-11T09:22:11.000+0000","updated":"2017-09-11T09:22:11.000+0000","id":"4313","type":"yum","label":"jb-eap-6.4-for-rhel-6-server-source-rpms","name":"JBoss Enterprise Application Platform 6.4 (RHEL 6 Server) (Source RPMs)","vendor":"Red Hat","contentUrl":"/content/dist/rhel/server/6/$releasever/$basearch/jbeap/6.4/source/SRPMS","requiredTags":"rhel-6-server","gpgUrl":"file:///etc/pki/rpm-gpg/RPM-GPG-KEY-redhat-release","modifiedProductIds":[],"arches":"x86,x86_64","metadataExpire":86400,"uuid":"8a99f9835e62e718015e711abe1c25b1","releaseVersion":null},"enabled":false},{"content":{"created":"2017-05-16T11:43:00.000+0000","updated":"2017-09-11T09:22:11.000+0000","id":"5886","type":"yum","label":"jb-eap-6.3-for-rhel-6-for-power-debug-rpms","name":"JBoss Enterprise Application Platform 6.3 (RHEL 6 for IBM Power) (Debug RPMs)","vendor":"Red Hat","contentUrl":"/content/dist/rhel/power/6/$releasever/$basearch/jbeap/6.3/debug","requiredTags":"rhel-6-ibm-power","gpgUrl":"file:///etc/pki/rpm-gpg/RPM-GPG-KEY-redhat-release","modifiedProductIds":[],"arches":"ppc64","metadataExpire":86400,"uuid":"8a99f9835e62e718015e711abe1e25e5","releaseVersion":null},"enabled":false},{"content":{"created":"2017-09-11T09:21:31.000+0000","updated":"2017-09-11T09:21:31.000+0000","id":"4159","type":"yum","label":"jb-eap-6.3-for-rhel-6-for-power-rpms","name":"JBoss Enterprise Application Platform 6.3 (RHEL 6 for IBM Power) (RPMs)","vendor":"Red Hat","contentUrl":"/content/dist/rhel/power/6/$releasever/$basearch/jbeap/6.3/os","requiredTags":"rhel-6-ibm-power","gpgUrl":"file:///etc/pki/rpm-gpg/RPM-GPG-KEY-redhat-release","modifiedProductIds":[],"arches":"ppc64","metadataExpire":86400,"uuid":"8a99f9835e62e718015e711a233a1dd2","releaseVersion":null},"enabled":false},{"content":{"created":"2017-09-11T09:22:11.000+0000","updated":"2017-09-11T09:22:11.000+0000","id":"4314","type":"yum","label":"jb-eap-6.4-for-rhel-6-for-power-rpms","name":"JBoss Enterprise Application Platform 6.4 (RHEL 6 for IBM Power) (RPMs)","vendor":"Red Hat","contentUrl":"/content/dist/rhel/power/6/$releasever/$basearch/jbeap/6.4/os","requiredTags":"rhel-6-ibm-power","gpgUrl":"file:///etc/pki/rpm-gpg/RPM-GPG-KEY-redhat-release","modifiedProductIds":[],"arches":"ppc64","metadataExpire":86400,"uuid":"8a99f9835e62e718015e711abe1c25ae","releaseVersion":null},"enabled":false},{"content":{"created":"2017-05-16T11:43:04.000+0000","updated":"2017-09-11T09:22:11.000+0000","id":"5887","type":"yum","label":"jb-eap-6.4-for-rhel-6-for-power-debug-rpms","name":"JBoss Enterprise Application Platform 6.4 (RHEL 6 for IBM Power) (Debug RPMs)","vendor":"Red Hat","contentUrl":"/content/dist/rhel/power/6/$releasever/$basearch/jbeap/6.4/debug","requiredTags":"rhel-6-ibm-power","gpgUrl":"file:///etc/pki/rpm-gpg/RPM-GPG-KEY-redhat-release","modifiedProductIds":[],"arches":"ppc64","metadataExpire":86400,"uuid":"8a99f9835e62e718015e711abe1e25e3","releaseVersion":null},"enabled":false},{"content":{"created":"2017-09-11T09:22:11.000+0000","updated":"2017-09-11T09:22:11.000+0000","id":"4315","type":"yum","label":"jb-eap-6.4-for-rhel-6-for-power-source-rpms","name":"JBoss Enterprise Application Platform 6.4 (RHEL 6 for IBM Power) (Source RPMs)","vendor":"Red Hat","contentUrl":"/content/dist/rhel/power/6/$releasever/$basearch/jbeap/6.4/source/SRPMS","requiredTags":"rhel-6-ibm-power","gpgUrl":"file:///etc/pki/rpm-gpg/RPM-GPG-KEY-redhat-release","modifiedProductIds":[],"arches":"ppc64","metadataExpire":86400,"uuid":"8a99f9835e62e718015e711abe1c25ad","releaseVersion":null},"enabled":false},{"content":{"created":"2017-09-11T09:22:11.000+0000","updated":"2017-09-11T09:22:11.000+0000","id":"4316","type":"yum","label":"jb-eap-6.4-for-rhel-7-for-power-rpms","name":"JBoss Enterprise Application Platform 6.4 (RHEL 7 for IBM Power) (RPMs)","vendor":"Red Hat","contentUrl":"/content/dist/rhel/power/7/$releasever/$basearch/jbeap/6.4/os","requiredTags":"rhel-7-ibm-power","gpgUrl":"file:///etc/pki/rpm-gpg/RPM-GPG-KEY-redhat-release","modifiedProductIds":[],"arches":"ppc64","metadataExpire":86400,"uuid":"8a99f9835e62e718015e711abe1c25ba","releaseVersion":null},"enabled":false},{"content":{"created":"2017-09-11T09:21:31.000+0000","updated":"2017-09-11T09:21:31.000+0000","id":"1529","type":"yum","label":"jb-eap-5-for-rhel-6-server-source-rpms","name":"JBoss Enterprise Application Platform 5 (RHEL 6 Server) (Source RPMs)","vendor":"Red Hat","contentUrl":"/content/dist/rhel/server/6/$releasever/$basearch/jbeap/5/source/SRPMS","requiredTags":"rhel-6-server","gpgUrl":"file:///etc/pki/rpm-gpg/RPM-GPG-KEY-redhat-release","modifiedProductIds":[],"arches":"x86,x86_64","metadataExpire":86400,"uuid":"8a99f9835e62e718015e711a232f1cb5","releaseVersion":null},"enabled":false},{"content":{"created":"2017-09-11T09:22:11.000+0000","updated":"2017-09-11T09:22:11.000+0000","id":"4317","type":"yum","label":"jb-eap-6.4-for-rhel-7-for-power-source-rpms","name":"JBoss Enterprise Application Platform 6.4 (RHEL 7 for IBM Power) (Source RPMs)","vendor":"Red Hat","contentUrl":"/content/dist/rhel/power/7/$releasever/$basearch/jbeap/6.4/source/SRPMS","requiredTags":"rhel-7-ibm-power","gpgUrl":"file:///etc/pki/rpm-gpg/RPM-GPG-KEY-redhat-release","modifiedProductIds":[],"arches":"ppc64","metadataExpire":86400,"uuid":"8a99f9835e62e718015e711abe1c25b9","releaseVersion":null},"enabled":false},{"content":{"created":"2017-09-11T09:21:31.000+0000","updated":"2017-09-11T09:21:31.000+0000","id":"1528","type":"yum","label":"jb-eap-5-for-rhel-6-server-rpms","name":"JBoss Enterprise Application Platform 5 (RHEL 6 Server) (RPMs)","vendor":"Red Hat","contentUrl":"/content/dist/rhel/server/6/$releasever/$basearch/jbeap/5/os","requiredTags":"rhel-6-server","gpgUrl":"file:///etc/pki/rpm-gpg/RPM-GPG-KEY-redhat-release","modifiedProductIds":[],"arches":"x86,x86_64","metadataExpire":86400,"uuid":"8a99f9835e62e718015e711a232f1cb6","releaseVersion":null},"enabled":false},{"content":{"created":"2017-09-11T09:21:31.000+0000","updated":"2017-09-11T09:21:31.000+0000","id":"1527","type":"yum","label":"jb-eap-5-for-rhel-5-server-source-rpms","name":"JBoss Enterprise Application Platform 5 (RHEL 5 Server) (Source RPMs)","vendor":"Red Hat","contentUrl":"/content/dist/rhel/server/5/$releasever/$basearch/jbeap/5/source/SRPMS","requiredTags":"rhel-5-server","gpgUrl":"file:///etc/pki/rpm-gpg/RPM-GPG-KEY-redhat-release","modifiedProductIds":[],"arches":"x86,x86_64","metadataExpire":86400,"uuid":"8a99f9835e62e718015e711a232f1cb2","releaseVersion":null},"enabled":false},{"content":{"created":"2017-09-11T09:22:11.000+0000","updated":"2017-09-11T09:22:11.000+0000","id":"4318","type":"yum","label":"jb-eap-6.4-for-rhel-7-for-power-debug-rpms","name":"JBoss Enterprise Application Platform 6.4 (RHEL 7 for IBM Power) (Debug RPMs)","vendor":"Red Hat","contentUrl":"/content/dist/rhel/power/7/$releasever/$basearch/jbeap/6.4/debug","requiredTags":"rhel-7-ibm-power","gpgUrl":"file:///etc/pki/rpm-gpg/RPM-GPG-KEY-redhat-release","modifiedProductIds":[],"arches":"ppc64","metadataExpire":86400,"uuid":"8a99f9835e62e718015e711abe1c25b6","releaseVersion":null},"enabled":false},{"content":{"created":"2017-09-11T09:22:11.000+0000","updated":"2017-09-11T09:22:11.000+0000","id":"4319","type":"yum","label":"jb-eap-6.4-for-rhel-7-server-rpms","name":"JBoss Enterprise Application Platform 6.4 (RHEL 7 Server) (RPMs)","vendor":"Red Hat","contentUrl":"/content/dist/rhel/server/7/$releasever/$basearch/jbeap/6.4/os","requiredTags":"rhel-7-server","gpgUrl":"file:///etc/pki/rpm-gpg/RPM-GPG-KEY-redhat-release","modifiedProductIds":[],"arches":"x86_64","metadataExpire":86400,"uuid":"8a99f9835e62e718015e711abe1c25b4","releaseVersion":null},"enabled":false},{"content":{"created":"2017-09-11T09:21:31.000+0000","updated":"2017-09-11T09:21:31.000+0000","id":"1526","type":"yum","label":"jb-eap-5-for-rhel-5-server-rpms","name":"JBoss Enterprise Application Platform 5 (RHEL 5 Server) (RPMs)","vendor":"Red Hat","contentUrl":"/content/dist/rhel/server/5/$releasever/$basearch/jbeap/5/os","requiredTags":"rhel-5-server","gpgUrl":"file:///etc/pki/rpm-gpg/RPM-GPG-KEY-redhat-release","modifiedProductIds":[],"arches":"x86,x86_64","metadataExpire":86400,"uuid":"8a99f9835e62e718015e711a232f1cb3","releaseVersion":null},"enabled":false}],"dependentProductIds":[]}