{"created":"2017-09-11T09:21:10.000+0000","updated":"2018-04-09T10:45:43.000+0000","uuid":"8a99f98462a61b010162aadeb0a83c83","multiplier":1,"id":"201","name":"Red Hat Software Collections (for RHEL Server)","attributes":[{"name":"name","value":"Red Hat Software Collections (for RHEL Server)"},{"name":"arch","value":"x86_64"},{"name":"type","value":"SVC"}],"productContent":[{"content":{"created":"2017-09-11T09:20:55.000+0000","updated":"2017-09-11T09:20:55.000+0000","id":"4062","type":"yum","label":"rhel-server-rhscl-7-eus-source-rpms","name":"Red Hat Software Collections Source RPMs for Red Hat Enterprise Linux 7 RHEL 7 Server EUS","vendor":"Red Hat","contentUrl":"/content/eus/rhel/server/7/$releasever/$basearch/rhscl/1/source/SRPMS","requiredTags":"rhel-7-server","gpgUrl":"file:///etc/pki/rpm-gpg/RPM-GPG-KEY-redhat-release","modifiedProductIds":[],"arches":"x86_64","metadataExpire":86400,"uuid":"8a99f9815e62e65a015e711994ea10d6","releaseVersion":null},"enabled":false},{"content":{"created":"2017-09-11T09:20:55.000+0000","updated":"2017-09-11T09:20:55.000+0000","id":"4063","type":"yum","label":"rhel-server-rhscl-7-eus-debug-rpms","name":"Red Hat Software Collections Debug RPMs for Red Hat Enterprise Linux 7 RHEL 7 Server EUS","vendor":"Red Hat","contentUrl":"/content/eus/rhel/server/7/$releasever/$basearch/rhscl/1/debug","requiredTags":"rhel-7-server","gpgUrl":"file:///etc/pki/rpm-gpg/RPM-GPG-KEY-redhat-release","modifiedProductIds":[],"arches":"x86_64","metadataExpire":86400,"uuid":"8a99f9815e62e65a015e711994ea10d9","releaseVersion":null},"enabled":false},{"content":{"created":"2018-04-06T00:00:12.000+0000","updated":"2018-04-06T00:00:12.000+0000","id":"7026","type":"containerimage","label":"rhel-server-rhscl-7-multiarch-containers","name":"Red Hat Software Collections (Containers) for Red Hat Enterprise Linux 7 Server Multiarch","vendor":"Red Hat","contentUrl":"/content/dist/rhel/server/7/$releasever/multiarch/rhscl/1/containers","requiredTags":"rhel-7-server","gpgUrl":"file:///etc/pki/rpm-gpg/RPM-GPG-KEY-redhat-release,file:///etc/pki/rpm-gpg/RPM-GPG-KEY-redhat-release","modifiedProductIds":[],"arches":null,"metadataExpire":86400,"uuid":"8a99f99e6291326c0162991c9ce10294","releaseVersion":null},"enabled":false},{"content":{"created":"2017-09-11T09:20:55.000+0000","updated":"2017-09-11T09:20:55.000+0000","id":"4061","type":"yum","label":"rhel-server-rhscl-7-eus-rpms","name":"Red Hat Software Collections RPMs for Red Hat Enterprise Linux 7 RHEL 7 Server EUS","vendor":"Red Hat","contentUrl":"/content/eus/rhel/server/7/$releasever/$basearch/rhscl/1/os","requiredTags":"rhel-7-server","gpgUrl":"file:///etc/pki/rpm-gpg/RPM-GPG-KEY-redhat-release","modifiedProductIds":[],"arches":"x86_64","metadataExpire":86400,"uuid":"8a99f9815e62e65a015e711994ea10d5","releaseVersion":null},"enabled":false},{"content":{"created":"2017-09-11T09:20:50.000+0000","updated":"2017-09-11T09:20:50.000+0000","id":"4958","type":"file","label":"rhel-7-server-rhscl-source-isos","name":"Red Hat Software Collections (Source ISOs) for Red Hat Enterprise Linux 7 Server","vendor":"Red Hat","contentUrl":"/content/dist/rhel/server/7/$releasever/$basearch/rhscl/1/source/iso","requiredTags":"rhel-7-server","gpgUrl":"http://","modifiedProductIds":[],"arches":"x86_64","metadataExpire":86400,"uuid":"8a99f9815e62e65a015e7119826d0bee","releaseVersion":null},"enabled":false},{"content":{"created":"2017-09-11T09:20:50.000+0000","updated":"2017-09-11T09:20:50.000+0000","id":"1998","type":"yum","label":"rhel-server-rhscl-6-debug-rpms","name":"Red Hat Software Collections Debug RPMs for Red Hat Enterprise Linux 6 Server","vendor":"Red Hat","contentUrl":"/content/dist/rhel/server/6/$releasever/$basearch/rhscl/1/debug","requiredTags":"rhel-6-server","gpgUrl":"file:///etc/pki/rpm-gpg/RPM-GPG-KEY-redhat-release,file:///etc/pki/rpm-gpg/RPM-GPG-KEY-redhat-release","modifiedProductIds":[],"arches":"x86_64","metadataExpire":86400,"uuid":"8a99f9815e62e65a015e711982770c7b","releaseVersion":null},"enabled":false},{"content":{"created":"2017-09-11T09:20:50.000+0000","updated":"2017-09-11T09:20:50.000+0000","id":"1997","type":"yum","label":"rhel-server-rhscl-6-rpms","name":"Red Hat Software Collections RPMs for Red Hat Enterprise Linux 6 Server","vendor":"Red Hat","contentUrl":"/content/dist/rhel/server/6/$releasever/$basearch/rhscl/1/os","requiredTags":"rhel-6-server","gpgUrl":"file:///etc/pki/rpm-gpg/RPM-GPG-KEY-redhat-release,file:///etc/pki/rpm-gpg/RPM-GPG-KEY-redhat-release","modifiedProductIds":[],"arches":"x86_64","metadataExpire":86400,"uuid":"8a99f9815e62e65a015e711982770c7a","releaseVersion":null},"enabled":false},{"content":{"created":"2017-09-11T09:20:50.000+0000","updated":"2017-09-11T09:20:50.000+0000","id":"2810","type":"yum","label":"rhel-server-rhscl-7-source-rpms","name":"Red Hat Software Collections Source RPMs for Red Hat Enterprise Linux 7 Server","vendor":"Red Hat","contentUrl":"/content/dist/rhel/server/7/$releasever/$basearch/rhscl/1/source/SRPMS","requiredTags":"rhel-7-server","gpgUrl":"file:///etc/pki/rpm-gpg/RPM-GPG-KEY-redhat-release,file:///etc/pki/rpm-gpg/RPM-GPG-KEY-redhat-release","modifiedProductIds":[],"arches":"x86_64","metadataExpire":86400,"uuid":"8a99f9815e62e65a015e7119826d0bfa","releaseVersion":null},"enabled":false},{"content":{"created":"2017-09-11T09:20:50.000+0000","updated":"2017-09-11T09:20:50.000+0000","id":"2005","type":"yum","label":"rhel-server-rhscl-6-eus-debug-rpms","name":"Red Hat Software Collections Debug RPMs for Red Hat Enterprise Linux 6 RHEL 6 Server EUS","vendor":"Red Hat","contentUrl":"/content/eus/rhel/server/6/$releasever/$basearch/rhscl/1/debug","requiredTags":"rhel-6-server","gpgUrl":"file:///etc/pki/rpm-gpg/RPM-GPG-KEY-redhat-release","modifiedProductIds":[],"arches":"x86_64","metadataExpire":86400,"uuid":"8a99f9815e62e65a015e7119825e0af2","releaseVersion":null},"enabled":false},{"content":{"created":"2017-09-11T09:20:50.000+0000","updated":"2017-09-11T09:20:50.000+0000","id":"2004","type":"yum","label":"rhel-server-rhscl-6-eus-source-rpms","name":"Red Hat Software Collections Source RPMs for Red Hat Enterprise Linux 6 RHEL 6 Server EUS","vendor":"Red Hat","contentUrl":"/content/eus/rhel/server/6/$releasever/$basearch/rhscl/1/source/SRPMS","requiredTags":"rhel-6-server","gpgUrl":"file:///etc/pki/rpm-gpg/RPM-GPG-KEY-redhat-release","modifiedProductIds":[],"arches":"x86_64","metadataExpire":86400,"uuid":"8a99f9815e62e65a015e7119825e0af1","releaseVersion":null},"enabled":false},{"content":{"created":"2017-09-11T09:20:50.000+0000","updated":"2017-09-11T09:20:50.000+0000","id":"2003","type":"yum","label":"rhel-server-rhscl-6-eus-rpms","name":"Red Hat Software Collections RPMs for Red Hat Enterprise Linux 6 RHEL 6 Server EUS","vendor":"Red Hat","contentUrl":"/content/eus/rhel/server/6/$releasever/$basearch/rhscl/1/os","requiredTags":"rhel-6-server","gpgUrl":"file:///etc/pki/rpm-gpg/RPM-GPG-KEY-redhat-release","modifiedProductIds":[],"arches":"x86_64","metadataExpire":86400,"uuid":"8a99f9815e62e65a015e7119825e0af3","releaseVersion":null},"enabled":false},{"content":{"created":"2017-09-11T09:20:50.000+0000","updated":"2017-09-11T09:20:50.000+0000","id":"2809","type":"yum","label":"rhel-server-rhscl-7-debug-rpms","name":"Red Hat Software Collections Debug RPMs for Red Hat Enterprise Linux 7 Server","vendor":"Red Hat","contentUrl":"/content/dist/rhel/server/7/$releasever/$basearch/rhscl/1/debug","requiredTags":"rhel-7-server","gpgUrl":"file:///etc/pki/rpm-gpg/RPM-GPG-KEY-redhat-release,file:///etc/pki/rpm-gpg/RPM-GPG-KEY-redhat-release","modifiedProductIds":[],"arches":"x86_64","metadataExpire":86400,"uuid":"8a99f9815e62e65a015e7119826e0c08","releaseVersion":null},"enabled":false},{"content":{"created":"2017-09-11T09:20:50.000+0000","updated":"2018-04-09T10:45:43.000+0000","id":"4620","type":"containerimage","label":"rhel-server-rhscl-7-containers","name":"Red Hat Software Collections (Containers) for Red Hat Enterprise Linux 7 Server","vendor":"Red Hat","contentUrl":"/content/dist/rhel/server/7/7Server/$basearch/rhscl/1/containers","requiredTags":"rhel-7-server","gpgUrl":"file:///etc/pki/rpm-gpg/RPM-GPG-KEY-redhat-release,file:///etc/pki/rpm-gpg/RPM-GPG-KEY-redhat-release","modifiedProductIds":[],"arches":"x86_64","metadataExpire":86400,"uuid":"8a99f98462a61b010162aadeaea03c82","releaseVersion":null},"enabled":false},{"content":{"created":"2017-09-11T09:20:50.000+0000","updated":"2017-09-11T09:20:50.000+0000","id":"2808","type":"yum","label":"rhel-server-rhscl-7-rpms","name":"Red Hat Software Collections RPMs for Red Hat Enterprise Linux 7 Server","vendor":"Red Hat","contentUrl":"/content/dist/rhel/server/7/$releasever/$basearch/rhscl/1/os","requiredTags":"rhel-7-server","gpgUrl":"file:///etc/pki/rpm-gpg/RPM-GPG-KEY-redhat-release,file:///etc/pki/rpm-gpg/RPM-GPG-KEY-redhat-release","modifiedProductIds":[],"arches":"x86_64","metadataExpire":86400,"uuid":"8a99f9815e62e65a015e7119826e0c07","releaseVersion":null},"enabled":false},{"content":{"created":"2017-09-11T09:20:50.000+0000","updated":"2017-09-11T09:20:50.000+0000","id":"4955","type":"file","label":"rhel-6-server-rhscl-isos","name":"Red Hat Software Collections (ISOs) for Red Hat Enterprise Linux 6 Server","vendor":"Red Hat","contentUrl":"/content/dist/rhel/server/6/$releasever/$basearch/rhscl/1/iso","requiredTags":"rhel-6-server","gpgUrl":"http://","modifiedProductIds":[],"arches":"x86_64","metadataExpire":86400,"uuid":"8a99f9815e62e65a015e7119826d0bf2","releaseVersion":null},"enabled":false},{"content":{"created":"2017-09-11T09:20:50.000+0000","updated":"2017-09-11T09:20:50.000+0000","id":"4956","type":"file","label":"rhel-7-server-rhscl-isos","name":"Red Hat Software Collections (ISOs) for Red Hat Enterprise Linux 7 Server","vendor":"Red Hat","contentUrl":"/content/dist/rhel/server/7/$releasever/$basearch/rhscl/1/iso","requiredTags":"rhel-7-server","gpgUrl":"http://","modifiedProductIds":[],"arches":"x86_64","metadataExpire":86400,"uuid":"8a99f9815e62e65a015e7119826d0bf3","releaseVersion":null},"enabled":false},{"content":{"created":"2017-09-11T09:20:50.000+0000","updated":"2017-09-11T09:20:50.000+0000","id":"1999","type":"yum","label":"rhel-server-rhscl-6-source-rpms","name":"Red Hat Software Collections Source RPMs for Red Hat Enterprise Linux 6 Server","vendor":"Red Hat","contentUrl":"/content/dist/rhel/server/6/$releasever/$basearch/rhscl/1/source/SRPMS","requiredTags":"rhel-6-server","gpgUrl":"file:///etc/pki/rpm-gpg/RPM-GPG-KEY-redhat-release,file:///etc/pki/rpm-gpg/RPM-GPG-KEY-redhat-release","modifiedProductIds":[],"arches":"x86_64","metadataExpire":86400,"uuid":"8a99f9815e62e65a015e711982770c7e","releaseVersion":null},"enabled":false},{"content":{"created":"2017-09-11T09:20:50.000+0000","updated":"2017-09-11T09:20:50.000+0000","id":"4957","type":"file","label":"rhel-6-server-rhscl-source-isos","name":"Red Hat Software Collections (Source ISOs) for Red Hat Enterprise Linux 6 Server","vendor":"Red Hat","contentUrl":"/content/dist/rhel/server/6/$releasever/$basearch/rhscl/1/source/iso","requiredTags":"rhel-6-server","gpgUrl":"http://","modifiedProductIds":[],"arches":"x86_64","metadataExpire":86400,"uuid":"8a99f9815e62e65a015e7119826d0bf4","releaseVersion":null},"enabled":false}],"dependentProductIds":[]}