{"created":"2018-04-05T20:08:19.000+0000","updated":"2018-04-05T20:08:19.000+0000","uuid":"8a99f99f6296abef0162984854730004","multiplier":1,"id":"205","name":"Red Hat Software Collections Beta (for RHEL Server)","attributes":[{"name":"name","value":"Red Hat Software Collections Beta (for RHEL Server)"},{"name":"arch","value":"x86_64"},{"name":"type","value":"SVC"}],"productContent":[{"content":{"created":"2017-09-11T09:20:47.000+0000","updated":"2017-09-11T09:20:47.000+0000","id":"2757","type":"yum","label":"rhel-server-rhscl-7-beta-source-rpms","name":"Red Hat Software Collections Beta Source RPMs for Red Hat Enterprise Linux 7 Server","vendor":"Red Hat","contentUrl":"/content/beta/rhel/server/7/$basearch/rhscl/1/source/SRPMS","requiredTags":"rhel-7-server","gpgUrl":"file:///etc/pki/rpm-gpg/RPM-GPG-KEY-redhat-release,file:///etc/pki/rpm-gpg/RPM-GPG-KEY-redhat-beta","modifiedProductIds":[],"arches":"x86_64","metadataExpire":86400,"uuid":"8a99f9815e62e65a015e7119750a0a57","releaseVersion":null},"enabled":false},{"content":{"created":"2017-09-11T09:20:47.000+0000","updated":"2017-09-11T09:20:47.000+0000","id":"1866","type":"yum","label":"rhel-server-rhscl-6-beta-source-rpms","name":"Red Hat Software Collections Beta Source RPMs for Red Hat Enterprise Linux 6 Server","vendor":"Red Hat","contentUrl":"/content/beta/rhel/server/6/$releasever/$basearch/rhscl/1/source/SRPMS","requiredTags":"rhel-6-server","gpgUrl":"file:///etc/pki/rpm-gpg/RPM-GPG-KEY-redhat-release,file:///etc/pki/rpm-gpg/RPM-GPG-KEY-redhat-beta","modifiedProductIds":[],"arches":"x86_64","metadataExpire":86400,"uuid":"8a99f9815e62e65a015e711975180ac2","releaseVersion":null},"enabled":false},{"content":{"created":"2017-09-11T09:20:47.000+0000","updated":"2017-09-11T09:20:47.000+0000","id":"2756","type":"yum","label":"rhel-server-rhscl-7-beta-debug-rpms","name":"Red Hat Software Collections Beta Debug RPMs for Red Hat Enterprise Linux 7 Server","vendor":"Red Hat","contentUrl":"/content/beta/rhel/server/7/$basearch/rhscl/1/debug","requiredTags":"rhel-7-server","gpgUrl":"file:///etc/pki/rpm-gpg/RPM-GPG-KEY-redhat-release,file:///etc/pki/rpm-gpg/RPM-GPG-KEY-redhat-beta","modifiedProductIds":[],"arches":"x86_64","metadataExpire":86400,"uuid":"8a99f9815e62e65a015e7119750a0a5a","releaseVersion":null},"enabled":false},{"content":{"created":"2017-09-11T09:20:47.000+0000","updated":"2017-09-11T09:20:47.000+0000","id":"1865","type":"yum","label":"rhel-server-rhscl-6-beta-debug-rpms","name":"Red Hat Software Collections Beta Debug RPMs for Red Hat Enterprise Linux 6 Server","vendor":"Red Hat","contentUrl":"/content/beta/rhel/server/6/$releasever/$basearch/rhscl/1/debug","requiredTags":"rhel-6-server","gpgUrl":"file:///etc/pki/rpm-gpg/RPM-GPG-KEY-redhat-release,file:///etc/pki/rpm-gpg/RPM-GPG-KEY-redhat-beta","modifiedProductIds":[],"arches":"x86_64","metadataExpire":86400,"uuid":"8a99f9815e62e65a015e711975180ac3","releaseVersion":null},"enabled":false},{"content":{"created":"2017-09-11T09:20:47.000+0000","updated":"2017-09-11T09:20:47.000+0000","id":"1864","type":"yum","label":"rhel-server-rhscl-6-beta-rpms","name":"Red Hat Software Collections Beta RPMs for Red Hat Enterprise Linux 6 Server","vendor":"Red Hat","contentUrl":"/content/beta/rhel/server/6/$releasever/$basearch/rhscl/1/os","requiredTags":"rhel-6-server","gpgUrl":"file:///etc/pki/rpm-gpg/RPM-GPG-KEY-redhat-release,file:///etc/pki/rpm-gpg/RPM-GPG-KEY-redhat-beta","modifiedProductIds":[],"arches":"x86_64","metadataExpire":86400,"uuid":"8a99f9815e62e65a015e711975180ac1","releaseVersion":null},"enabled":false},{"content":{"created":"2017-09-11T09:20:47.000+0000","updated":"2017-09-11T09:20:47.000+0000","id":"2755","type":"yum","label":"rhel-server-rhscl-7-beta-rpms","name":"Red Hat Software Collections Beta RPMs for Red Hat Enterprise Linux 7 Server","vendor":"Red Hat","contentUrl":"/content/beta/rhel/server/7/$basearch/rhscl/1/os","requiredTags":"rhel-7-server","gpgUrl":"file:///etc/pki/rpm-gpg/RPM-GPG-KEY-redhat-release,file:///etc/pki/rpm-gpg/RPM-GPG-KEY-redhat-beta","modifiedProductIds":[],"arches":"x86_64","metadataExpire":86400,"uuid":"8a99f9815e62e65a015e7119750a0a55","releaseVersion":null},"enabled":false},{"content":{"created":"2018-04-05T20:08:17.000+0000","updated":"2018-04-05T20:08:17.000+0000","id":"7027","type":"containerimage","label":"rhel-server-rhscl-7-beta-multiarch-containers","name":"Red Hat Software Collections Beta (Containers) for Red Hat Enterprise Linux 7 Server Multiarch","vendor":"Red Hat","contentUrl":"/content/beta/rhel/server/7/multiarch/rhscl/1/containers","requiredTags":"rhel-7-server","gpgUrl":"file:///etc/pki/rpm-gpg/RPM-GPG-KEY-redhat-release,file:///etc/pki/rpm-gpg/RPM-GPG-KEY-redhat-beta","modifiedProductIds":[],"arches":null,"metadataExpire":86400,"uuid":"8a99f99f6296abef016298484c700002","releaseVersion":null},"enabled":false},{"content":{"created":"2017-09-11T09:20:47.000+0000","updated":"2017-09-11T09:20:47.000+0000","id":"4951","type":"file","label":"rhel-6-server-rhscl-beta-isos","name":"Red Hat Software Collections Beta (ISOs) for Red Hat Enterprise Linux 6 Server","vendor":"Red Hat","contentUrl":"/content/beta/rhel/server/6/$releasever/$basearch/rhscl/1/iso","requiredTags":"rhel-6-server","gpgUrl":"http://","modifiedProductIds":[],"arches":"x86_64","metadataExpire":86400,"uuid":"8a99f9815e62e65a015e711975170ab2","releaseVersion":null},"enabled":false},{"content":{"created":"2017-09-11T09:20:47.000+0000","updated":"2017-09-11T09:20:47.000+0000","id":"4621","type":"containerimage","label":"rhel-server-rhscl-7-beta-containers","name":"Red Hat Software Collections Beta (Containers) for Red Hat Enterprise Linux 7 Server","vendor":"Red Hat","contentUrl":"/content/beta/rhel/server/7/$basearch/rhscl/1/containers","requiredTags":"rhel-7-server","gpgUrl":"file:///etc/pki/rpm-gpg/RPM-GPG-KEY-redhat-release,file:///etc/pki/rpm-gpg/RPM-GPG-KEY-redhat-beta","modifiedProductIds":[],"arches":"x86_64","metadataExpire":86400,"uuid":"8a99f9815e62e65a015e7119750209cf","releaseVersion":null},"enabled":false},{"content":{"created":"2017-09-11T09:20:47.000+0000","updated":"2017-09-11T09:20:47.000+0000","id":"4952","type":"file","label":"rhel-7-server-rhscl-beta-isos","name":"Red Hat Software Collections Beta (ISOs) for Red Hat Enterprise Linux 7 Server","vendor":"Red Hat","contentUrl":"/content/beta/rhel/server/7/$basearch/rhscl/1/iso","requiredTags":"rhel-7-server","gpgUrl":"http://","modifiedProductIds":[],"arches":"x86_64","metadataExpire":86400,"uuid":"8a99f9815e62e65a015e711975170ab3","releaseVersion":null},"enabled":false},{"content":{"created":"2017-09-11T09:20:47.000+0000","updated":"2017-09-11T09:20:47.000+0000","id":"4953","type":"file","label":"rhel-6-server-rhscl-beta-source-isos","name":"Red Hat Software Collections Beta (Source ISOs) for Red Hat Enterprise Linux 6 Server","vendor":"Red Hat","contentUrl":"/content/beta/rhel/server/6/$releasever/$basearch/rhscl/1/source/iso","requiredTags":"rhel-6-server","gpgUrl":"http://","modifiedProductIds":[],"arches":"x86_64","metadataExpire":86400,"uuid":"8a99f9815e62e65a015e711975170ab6","releaseVersion":null},"enabled":false},{"content":{"created":"2017-09-11T09:20:47.000+0000","updated":"2017-09-11T09:20:47.000+0000","id":"4954","type":"file","label":"rhel-7-server-rhscl-beta-source-isos","name":"Red Hat Software Collections Beta (Source ISOs) for Red Hat Enterprise Linux 7 Server","vendor":"Red Hat","contentUrl":"/content/beta/rhel/server/7/$basearch/rhscl/1/source/iso","requiredTags":"rhel-7-server","gpgUrl":"http://","modifiedProductIds":[],"arches":"x86_64","metadataExpire":86400,"uuid":"8a99f9815e62e65a015e711975170ab1","releaseVersion":null},"enabled":false}],"dependentProductIds":[]}