{"created":"2017-09-11T09:20:42.000+0000","updated":"2017-09-11T09:20:42.000+0000","uuid":"8a99f9815e62e65a015e711963d4096b","multiplier":1,"id":"240","name":"Oracle Java (for RHEL Server)","attributes":[{"name":"name","value":"Oracle Java (for RHEL Server)"},{"name":"arch","value":"x86,x86_64"},{"name":"type","value":"SVC"}],"productContent":[{"content":{"created":"2017-09-11T09:20:41.000+0000","updated":"2017-09-11T09:20:41.000+0000","id":"3255","type":"yum","label":"rhel-7-server-thirdparty-oracle-java-source-rpms","name":"Red Hat Enterprise Linux 7 Server - Oracle Java (Source RPMs)","vendor":"Red Hat","contentUrl":"/content/dist/rhel/server/7/$releasever/$basearch/oracle-java/source/SRPMS","requiredTags":"rhel-7-server","gpgUrl":"file:///etc/pki/rpm-gpg/RPM-GPG-KEY-redhat-release","modifiedProductIds":[],"arches":"x86_64","metadataExpire":86400,"uuid":"8a99f9815e62e65a015e71195d100881","releaseVersion":null},"enabled":false},{"content":{"created":"2017-09-11T09:20:41.000+0000","updated":"2017-09-11T09:20:41.000+0000","id":"2694","type":"yum","label":"rhel-5-server-thirdparty-oracle-java-source-rpms","name":"Red Hat Enterprise Linux 5 Server - Oracle Java (Source RPMs)","vendor":"Red Hat","contentUrl":"/content/dist/rhel/server/5/$releasever/$basearch/oracle-java/source/SRPMS","requiredTags":"rhel-5-server","gpgUrl":"file:///etc/pki/rpm-gpg/RPM-GPG-KEY-redhat-release","modifiedProductIds":[],"arches":null,"metadataExpire":86400,"uuid":"8a99f9815e62e65a015e71195d1508ce","releaseVersion":null},"enabled":false},{"content":{"created":"2017-09-11T09:20:41.000+0000","updated":"2017-09-11T09:20:41.000+0000","id":"3254","type":"yum","label":"rhel-7-server-thirdparty-oracle-java-rpms","name":"Red Hat Enterprise Linux 7 Server - Oracle Java (RPMs)","vendor":"Red Hat","contentUrl":"/content/dist/rhel/server/7/$releasever/$basearch/oracle-java/os","requiredTags":"rhel-7-server","gpgUrl":"file:///etc/pki/rpm-gpg/RPM-GPG-KEY-redhat-release","modifiedProductIds":[],"arches":"x86_64","metadataExpire":86400,"uuid":"8a99f9815e62e65a015e71195d10087e","releaseVersion":null},"enabled":false},{"content":{"created":"2017-09-11T09:20:41.000+0000","updated":"2017-09-11T09:20:41.000+0000","id":"2693","type":"yum","label":"rhel-5-server-thirdparty-oracle-java-rpms","name":"Red Hat Enterprise Linux 5 Server - Oracle Java (RPMs)","vendor":"Red Hat","contentUrl":"/content/dist/rhel/server/5/$releasever/$basearch/oracle-java/os","requiredTags":"rhel-5-server","gpgUrl":"file:///etc/pki/rpm-gpg/RPM-GPG-KEY-redhat-release","modifiedProductIds":[],"arches":null,"metadataExpire":86400,"uuid":"8a99f9815e62e65a015e71195d1508d0","releaseVersion":null},"enabled":false},{"content":{"created":"2017-09-11T09:20:41.000+0000","updated":"2017-09-11T09:20:41.000+0000","id":"3253","type":"file","label":"rhel-7-server-thirdparty-oracle-java-isos","name":"Red Hat Enterprise Linux 7 Server - Oracle Java (ISOs)","vendor":"Red Hat","contentUrl":"/content/dist/rhel/server/7/$releasever/$basearch/oracle-java/iso","requiredTags":"rhel-7-server","gpgUrl":"http://","modifiedProductIds":[],"arches":"x86_64","metadataExpire":86400,"uuid":"8a99f9815e62e65a015e71195d100882","releaseVersion":null},"enabled":false},{"content":{"created":"2017-09-11T09:20:41.000+0000","updated":"2017-09-11T09:20:41.000+0000","id":"2692","type":"file","label":"rhel-5-server-thirdparty-oracle-java-isos","name":"Red Hat Enterprise Linux 5 Server - Oracle Java (ISOs)","vendor":"Red Hat","contentUrl":"/content/dist/rhel/server/5/$releasever/$basearch/oracle-java/iso","requiredTags":"rhel-5-server","gpgUrl":"http://","modifiedProductIds":[],"arches":null,"metadataExpire":86400,"uuid":"8a99f9815e62e65a015e71195d1408c9","releaseVersion":null},"enabled":false},{"content":{"created":"2017-09-11T09:20:41.000+0000","updated":"2017-09-11T09:20:41.000+0000","id":"2702","type":"yum","label":"rhel-6-server-thirdparty-oracle-java-beta-rpms","name":"Red Hat Enterprise Linux 6 Server - Oracle Java Beta (RPMs)","vendor":"Red Hat","contentUrl":"/content/beta/rhel/server/6/$releasever/$basearch/oracle-java/os","requiredTags":"rhel-6-server","gpgUrl":"file:///etc/pki/rpm-gpg/RPM-GPG-KEY-redhat-beta,file:///etc/pki/rpm-gpg/RPM-GPG-KEY-redhat-release","modifiedProductIds":[],"arches":null,"metadataExpire":86400,"uuid":"8a99f9815e62e65a015e71195d1c0942","releaseVersion":null},"enabled":false},{"content":{"created":"2017-09-11T09:20:41.000+0000","updated":"2017-09-11T09:20:41.000+0000","id":"2701","type":"file","label":"rhel-6-server-thirdparty-oracle-java-beta-isos","name":"Red Hat Enterprise Linux 6 Server - Oracle Java Beta (ISOs)","vendor":"Red Hat","contentUrl":"/content/beta/rhel/server/6/$releasever/$basearch/oracle-java/iso","requiredTags":"rhel-6-server","gpgUrl":"http://","modifiedProductIds":[],"arches":null,"metadataExpire":86400,"uuid":"8a99f9815e62e65a015e71195d1c0941","releaseVersion":null},"enabled":false},{"content":{"created":"2017-09-11T09:20:41.000+0000","updated":"2017-09-11T09:20:41.000+0000","id":"2700","type":"yum","label":"rhel-6-server-thirdparty-oracle-java-source-rpms","name":"Red Hat Enterprise Linux 6 Server - Oracle Java (Source RPMs)","vendor":"Red Hat","contentUrl":"/content/dist/rhel/server/6/$releasever/$basearch/oracle-java/source/SRPMS","requiredTags":"rhel-6-server","gpgUrl":"file:///etc/pki/rpm-gpg/RPM-GPG-KEY-redhat-release","modifiedProductIds":[],"arches":null,"metadataExpire":86400,"uuid":"8a99f9815e62e65a015e71195d1c0943","releaseVersion":null},"enabled":false},{"content":{"created":"2017-09-11T09:20:41.000+0000","updated":"2017-09-11T09:20:41.000+0000","id":"2699","type":"yum","label":"rhel-6-server-thirdparty-oracle-java-rpms","name":"Red Hat Enterprise Linux 6 Server - Oracle Java (RPMs)","vendor":"Red Hat","contentUrl":"/content/dist/rhel/server/6/$releasever/$basearch/oracle-java/os","requiredTags":"rhel-6-server","gpgUrl":"file:///etc/pki/rpm-gpg/RPM-GPG-KEY-redhat-release","modifiedProductIds":[],"arches":null,"metadataExpire":86400,"uuid":"8a99f9815e62e65a015e71195d1308b6","releaseVersion":null},"enabled":false},{"content":{"created":"2017-09-11T09:20:41.000+0000","updated":"2017-09-11T09:20:41.000+0000","id":"2698","type":"file","label":"rhel-6-server-thirdparty-oracle-java-isos","name":"Red Hat Enterprise Linux 6 Server - Oracle Java (ISOs)","vendor":"Red Hat","contentUrl":"/content/dist/rhel/server/6/$releasever/$basearch/oracle-java/iso","requiredTags":"rhel-6-server","gpgUrl":"http://","modifiedProductIds":[],"arches":null,"metadataExpire":86400,"uuid":"8a99f9815e62e65a015e71195d1308b2","releaseVersion":null},"enabled":false},{"content":{"created":"2017-09-11T09:20:41.000+0000","updated":"2017-09-11T09:20:41.000+0000","id":"2697","type":"yum","label":"rhel-5-server-thirdparty-oracle-java-beta-source-rpms","name":"Red Hat Enterprise Linux 5 Server - Oracle Java Beta (Source RPMs)","vendor":"Red Hat","contentUrl":"/content/beta/rhel/server/5/$releasever/$basearch/oracle-java/source/SRPMS","requiredTags":"rhel-5-server","gpgUrl":"file:///etc/pki/rpm-gpg/RPM-GPG-KEY-redhat-beta,file:///etc/pki/rpm-gpg/RPM-GPG-KEY-redhat-release","modifiedProductIds":[],"arches":null,"metadataExpire":86400,"uuid":"8a99f9815e62e65a015e71195d1308af","releaseVersion":null},"enabled":false},{"content":{"created":"2017-09-11T09:20:41.000+0000","updated":"2017-09-11T09:20:41.000+0000","id":"3258","type":"yum","label":"rhel-7-server-thirdparty-oracle-java-beta-source-rpms","name":"Red Hat Enterprise Linux 7 Server - Oracle Java Beta (Source RPMs)","vendor":"Red Hat","contentUrl":"/content/beta/rhel/server/7/$basearch/oracle-java/source/SRPMS","requiredTags":"rhel-7-server","gpgUrl":"file:///etc/pki/rpm-gpg/RPM-GPG-KEY-redhat-beta,file:///etc/pki/rpm-gpg/RPM-GPG-KEY-redhat-release","modifiedProductIds":[],"arches":"x86_64","metadataExpire":86400,"uuid":"8a99f9815e62e65a015e71195d1408bb","releaseVersion":null},"enabled":false},{"content":{"created":"2017-09-11T09:20:41.000+0000","updated":"2017-09-11T09:20:41.000+0000","id":"2696","type":"yum","label":"rhel-5-server-thirdparty-oracle-java-beta-rpms","name":"Red Hat Enterprise Linux 5 Server - Oracle Java Beta (RPMs)","vendor":"Red Hat","contentUrl":"/content/beta/rhel/server/5/$releasever/$basearch/oracle-java/os","requiredTags":"rhel-5-server","gpgUrl":"file:///etc/pki/rpm-gpg/RPM-GPG-KEY-redhat-beta,file:///etc/pki/rpm-gpg/RPM-GPG-KEY-redhat-release","modifiedProductIds":[],"arches":null,"metadataExpire":86400,"uuid":"8a99f9815e62e65a015e71195d1308b4","releaseVersion":null},"enabled":false},{"content":{"created":"2017-09-11T09:20:41.000+0000","updated":"2017-09-11T09:20:41.000+0000","id":"3257","type":"yum","label":"rhel-7-server-thirdparty-oracle-java-beta-rpms","name":"Red Hat Enterprise Linux 7 Server - Oracle Java Beta (RPMs)","vendor":"Red Hat","contentUrl":"/content/beta/rhel/server/7/$basearch/oracle-java/os","requiredTags":"rhel-7-server","gpgUrl":"file:///etc/pki/rpm-gpg/RPM-GPG-KEY-redhat-beta,file:///etc/pki/rpm-gpg/RPM-GPG-KEY-redhat-release","modifiedProductIds":[],"arches":"x86_64","metadataExpire":86400,"uuid":"8a99f9815e62e65a015e71195d1308b9","releaseVersion":null},"enabled":false},{"content":{"created":"2017-09-11T09:20:41.000+0000","updated":"2017-09-11T09:20:41.000+0000","id":"2695","type":"file","label":"rhel-5-server-thirdparty-oracle-java-beta-isos","name":"Red Hat Enterprise Linux 5 Server - Oracle Java Beta (ISOs)","vendor":"Red Hat","contentUrl":"/content/beta/rhel/server/5/$releasever/$basearch/oracle-java/iso","requiredTags":"rhel-5-server","gpgUrl":"http://","modifiedProductIds":[],"arches":null,"metadataExpire":86400,"uuid":"8a99f9815e62e65a015e71195d1308b3","releaseVersion":null},"enabled":false},{"content":{"created":"2017-09-11T09:20:41.000+0000","updated":"2017-09-11T09:20:41.000+0000","id":"3256","type":"file","label":"rhel-7-server-thirdparty-oracle-java-beta-isos","name":"Red Hat Enterprise Linux 7 Server - Oracle Java Beta (ISOs)","vendor":"Red Hat","contentUrl":"/content/beta/rhel/server/7/$basearch/oracle-java/iso","requiredTags":"rhel-7-server","gpgUrl":"http://","modifiedProductIds":[],"arches":"x86_64","metadataExpire":86400,"uuid":"8a99f9815e62e65a015e71195d1308ba","releaseVersion":null},"enabled":false},{"content":{"created":"2017-09-11T09:20:41.000+0000","updated":"2017-09-11T09:20:41.000+0000","id":"2703","type":"yum","label":"rhel-6-server-thirdparty-oracle-java-beta-source-rpms","name":"Red Hat Enterprise Linux 6 Server - Oracle Java Beta (Source RPMs)","vendor":"Red Hat","contentUrl":"/content/beta/rhel/server/6/$releasever/$basearch/oracle-java/source/SRPMS","requiredTags":"rhel-6-server","gpgUrl":"file:///etc/pki/rpm-gpg/RPM-GPG-KEY-redhat-beta,file:///etc/pki/rpm-gpg/RPM-GPG-KEY-redhat-release","modifiedProductIds":[],"arches":null,"metadataExpire":86400,"uuid":"8a99f9815e62e65a015e71195d1c0945","releaseVersion":null},"enabled":false}],"dependentProductIds":[]}