{"created":"2017-09-11T17:05:13.000+0000","updated":"2017-09-11T17:05:13.000+0000","uuid":"8a99f9815e718933015e72c2a9ec0a99","multiplier":1,"id":"246","name":"Oracle Java (for RHEL Server) - Extended Update Support","attributes":[{"name":"name","value":"Oracle Java (for RHEL Server) - Extended Update Support"},{"name":"arch","value":"x86,x86_64"},{"name":"type","value":"SVC"}],"productContent":[{"content":{"created":"2017-09-11T17:04:49.000+0000","updated":"2017-09-11T17:04:49.000+0000","id":"4140","type":"yum","label":"rhel-7-server-eus-thirdparty-oracle-java-rpms","name":"Red Hat Enterprise Linux 7 Server - Extended Update Support - Oracle Java (RPMs)","vendor":"Red Hat","contentUrl":"/content/eus/rhel/server/7/$releasever/$basearch/oracle-java/os","requiredTags":"rhel-7-server","gpgUrl":"file:///etc/pki/rpm-gpg/RPM-GPG-KEY-redhat-release","modifiedProductIds":["240"],"arches":"x86_64","metadataExpire":86400,"uuid":"8a99f9815e718933015e72c24c980a8d","releaseVersion":null},"enabled":false},{"content":{"created":"2017-09-11T17:04:49.000+0000","updated":"2017-09-11T17:04:49.000+0000","id":"4141","type":"yum","label":"rhel-7-server-eus-thirdparty-oracle-java-source-rpms","name":"Red Hat Enterprise Linux 7 Server - Extended Update Support - Oracle Java (Source RPMs)","vendor":"Red Hat","contentUrl":"/content/eus/rhel/server/7/$releasever/$basearch/oracle-java/source/SRPMS","requiredTags":"rhel-7-server","gpgUrl":"file:///etc/pki/rpm-gpg/RPM-GPG-KEY-redhat-release","modifiedProductIds":["240"],"arches":"x86_64","metadataExpire":86400,"uuid":"8a99f9815e718933015e72c24c990a8e","releaseVersion":null},"enabled":false},{"content":{"created":"2017-09-11T17:04:49.000+0000","updated":"2017-09-11T17:04:49.000+0000","id":"2741","type":"yum","label":"rhel-6-server-eus-thirdparty-oracle-java-source-rpms","name":"Red Hat Enterprise Linux 6 Server - Extended Update Support - Oracle Java (Source RPMs)","vendor":"Red Hat","contentUrl":"/content/eus/rhel/server/6/$releasever/$basearch/oracle-java/source/SRPMS","requiredTags":"rhel-6-server","gpgUrl":"file:///etc/pki/rpm-gpg/RPM-GPG-KEY-redhat-release","modifiedProductIds":["240"],"arches":null,"metadataExpire":86400,"uuid":"8a99f9815e718933015e72c24c950a48","releaseVersion":null},"enabled":false},{"content":{"created":"2017-09-11T17:04:49.000+0000","updated":"2017-09-11T17:04:49.000+0000","id":"2740","type":"yum","label":"rhel-6-server-eus-thirdparty-oracle-java-rpms","name":"Red Hat Enterprise Linux 6 Server - Extended Update Support - Oracle Java (RPMs)","vendor":"Red Hat","contentUrl":"/content/eus/rhel/server/6/$releasever/$basearch/oracle-java/os","requiredTags":"rhel-6-server","gpgUrl":"file:///etc/pki/rpm-gpg/RPM-GPG-KEY-redhat-release","modifiedProductIds":["240"],"arches":null,"metadataExpire":86400,"uuid":"8a99f9815e718933015e72c24c950a4a","releaseVersion":null},"enabled":false},{"content":{"created":"2017-09-11T17:04:49.000+0000","updated":"2017-09-11T17:04:49.000+0000","id":"4139","type":"file","label":"rhel-7-server-eus-thirdparty-oracle-java-isos","name":"Red Hat Enterprise Linux 7 Server - Extended Update Support - Oracle Java (ISOs)","vendor":"Red Hat","contentUrl":"/content/eus/rhel/server/7/$releasever/$basearch/oracle-java/iso","requiredTags":"rhel-7-server","gpgUrl":"http://","modifiedProductIds":["240"],"arches":"x86_64","metadataExpire":86400,"uuid":"8a99f9815e718933015e72c24c980a83","releaseVersion":null},"enabled":false},{"content":{"created":"2017-09-11T17:04:49.000+0000","updated":"2017-09-11T17:04:49.000+0000","id":"2739","type":"file","label":"rhel-6-server-eus-thirdparty-oracle-java-isos","name":"Red Hat Enterprise Linux 6 Server - Extended Update Support - Oracle Java (ISOs)","vendor":"Red Hat","contentUrl":"/content/eus/rhel/server/6/$releasever/$basearch/oracle-java/iso","requiredTags":"rhel-6-server","gpgUrl":"http://","modifiedProductIds":["240"],"arches":null,"metadataExpire":86400,"uuid":"8a99f9815e718933015e72c24c980a88","releaseVersion":null},"enabled":false},{"content":{"created":"2017-09-11T17:04:49.000+0000","updated":"2017-09-11T17:04:49.000+0000","id":"2738","type":"yum","label":"rhel-5-server-eus-thirdparty-oracle-java-source-rpms","name":"Red Hat Enterprise Linux 5 Server - Extended Update Support - Oracle Java (Source RPMs)","vendor":"Red Hat","contentUrl":"/content/eus/rhel/server/5/$releasever/$basearch/oracle-java/source/SRPMS","requiredTags":"rhel-5-server","gpgUrl":"file:///etc/pki/rpm-gpg/RPM-GPG-KEY-redhat-release","modifiedProductIds":["240"],"arches":null,"metadataExpire":86400,"uuid":"8a99f9815e718933015e72c24c980a87","releaseVersion":null},"enabled":false},{"content":{"created":"2017-09-11T17:04:49.000+0000","updated":"2017-09-11T17:04:49.000+0000","id":"2737","type":"yum","label":"rhel-5-server-eus-thirdparty-oracle-java-rpms","name":"Red Hat Enterprise Linux 5 Server - Extended Update Support - Oracle Java (RPMs)","vendor":"Red Hat","contentUrl":"/content/eus/rhel/server/5/$releasever/$basearch/oracle-java/os","requiredTags":"rhel-5-server","gpgUrl":"file:///etc/pki/rpm-gpg/RPM-GPG-KEY-redhat-release","modifiedProductIds":["240"],"arches":null,"metadataExpire":86400,"uuid":"8a99f9815e718933015e72c24c980a86","releaseVersion":null},"enabled":false},{"content":{"created":"2017-09-11T17:04:49.000+0000","updated":"2017-09-11T17:04:49.000+0000","id":"2736","type":"file","label":"rhel-5-server-eus-thirdparty-oracle-java-isos","name":"Red Hat Enterprise Linux 5 Server - Extended Update Support - Oracle Java (ISOs)","vendor":"Red Hat","contentUrl":"/content/eus/rhel/server/5/$releasever/$basearch/oracle-java/iso","requiredTags":"rhel-5-server","gpgUrl":"http://","modifiedProductIds":["240"],"arches":null,"metadataExpire":86400,"uuid":"8a99f9815e718933015e72c24c980a85","releaseVersion":null},"enabled":false}],"dependentProductIds":[]}