{"created":"2017-09-11T14:50:16.000+0000","updated":"2018-01-22T13:35:59.000+0000","uuid":"8a99f9896118708f01611f27d5093db1","multiplier":1,"id":"250","name":"Red Hat Satellite","attributes":[{"name":"name","value":"Red Hat Satellite"},{"name":"arch","value":"s390x,x86_64"},{"name":"type","value":"SVC"}],"productContent":[{"content":{"created":"2017-09-11T09:21:17.000+0000","updated":"2017-09-11T09:21:17.000+0000","id":"4010","type":"file","label":"rhel-6-server-satellite-5.7-isos","name":"Red Hat Satellite 5.7 (ISOs)","vendor":"Red Hat","contentUrl":"/content/dist/rhel/server/6/$releasever/$basearch/satellite/5.7/iso","requiredTags":"rhel-6-server","gpgUrl":"file:///etc/pki/rpm-gpg/RPM-GPG-KEY-redhat-release","modifiedProductIds":[],"arches":"x86_64","metadataExpire":86400,"uuid":"8a99f9815e62e65a015e7119ec5f1ba7","releaseVersion":null},"enabled":false},{"content":{"created":"2017-09-11T09:21:17.000+0000","updated":"2017-09-11T09:21:17.000+0000","id":"4011","type":"file","label":"rhel-6-system-z-satellite-5.7-isos","name":"Red Hat Satellite 5.7 (for RHEL 6 System Z) (ISOs)","vendor":"Red Hat","contentUrl":"/content/dist/rhel/system-z/6/$releasever/$basearch/satellite/5.7/iso","requiredTags":"rhel-6-ibm-system-z","gpgUrl":"http://","modifiedProductIds":[],"arches":"s390x","metadataExpire":86400,"uuid":"8a99f9815e62e65a015e7119ec5f1ba2","releaseVersion":null},"enabled":false},{"content":{"created":"2017-09-11T09:21:17.000+0000","updated":"2017-09-11T09:21:17.000+0000","id":"4012","type":"yum","label":"rhel-6-server-satellite-5.7-rpms","name":"Red Hat Satellite 5.7 (for RHEL 6 Server) (RPMs)","vendor":"Red Hat","contentUrl":"/content/dist/rhel/server/6/$releasever/$basearch/satellite/5.7/os","requiredTags":"rhel-6-server","gpgUrl":"file:///etc/pki/rpm-gpg/RPM-GPG-KEY-redhat-release","modifiedProductIds":[],"arches":"x86_64","metadataExpire":86400,"uuid":"8a99f9815e62e65a015e7119ec5f1ba0","releaseVersion":null},"enabled":false},{"content":{"created":"2017-09-11T09:21:17.000+0000","updated":"2017-09-11T09:21:17.000+0000","id":"4013","type":"yum","label":"rhel-6-server-satellite-5.7-source-rpms","name":"Red Hat Satellite 5.7 (for RHEL 6 Server) (Source RPMs)","vendor":"Red Hat","contentUrl":"/content/dist/rhel/server/6/$releasever/$basearch/satellite/5.7/source/SRPMS","requiredTags":"rhel-6-server","gpgUrl":"file:///etc/pki/rpm-gpg/RPM-GPG-KEY-redhat-release","modifiedProductIds":[],"arches":"x86_64","metadataExpire":86400,"uuid":"8a99f9815e62e65a015e7119ec5f1ba5","releaseVersion":null},"enabled":false},{"content":{"created":"2017-09-11T09:21:41.000+0000","updated":"2017-09-11T09:21:41.000+0000","id":"3760","type":"yum","label":"rhel-6-server-satellite-6.0-debug-rpms","name":"Red Hat Satellite 6.0 (for RHEL 6 Server) (Debug RPMs)","vendor":"Red Hat","contentUrl":"/content/dist/rhel/server/6/$releasever/$basearch/satellite/6.0/debug","requiredTags":"rhel-6-server","gpgUrl":"file:///etc/pki/rpm-gpg/RPM-GPG-KEY-redhat-release","modifiedProductIds":[],"arches":"x86_64","metadataExpire":86400,"uuid":"8a99f9815e62e65a015e711a4949218d","releaseVersion":null},"enabled":false},{"content":{"created":"2017-09-11T09:21:17.000+0000","updated":"2017-09-11T09:21:17.000+0000","id":"4014","type":"yum","label":"rhel-6-system-z-satellite-5.7-rpms","name":"Red Hat Satellite 5.7 (for RHEL 6 System Z) (RPMs)","vendor":"Red Hat","contentUrl":"/content/dist/rhel/system-z/6/$releasever/$basearch/satellite/5.7/os","requiredTags":"rhel-6-ibm-system-z","gpgUrl":"file:///etc/pki/rpm-gpg/RPM-GPG-KEY-redhat-release","modifiedProductIds":[],"arches":"s390x","metadataExpire":86400,"uuid":"8a99f9815e62e65a015e7119ec5f1ba4","releaseVersion":null},"enabled":false},{"content":{"created":"2017-09-11T09:21:41.000+0000","updated":"2017-09-11T09:21:41.000+0000","id":"3761","type":"yum","label":"rhel-6-server-satellite-6.0-source-rpms","name":"Red Hat Satellite 6.0 (for RHEL 6 Server) (Source RPMs)","vendor":"Red Hat","contentUrl":"/content/dist/rhel/server/6/$releasever/$basearch/satellite/6.0/source/SRPMS","requiredTags":"rhel-6-server","gpgUrl":"file:///etc/pki/rpm-gpg/RPM-GPG-KEY-redhat-release","modifiedProductIds":[],"arches":"x86_64","metadataExpire":86400,"uuid":"8a99f9815e62e65a015e711a4949218c","releaseVersion":null},"enabled":false},{"content":{"created":"2017-09-11T09:21:17.000+0000","updated":"2017-09-11T09:21:17.000+0000","id":"3715","type":"yum","label":"rhel-6-system-z-satellite-5.6-rpms","name":"Red Hat Satellite 5.6 (for RHEL 6 System Z) (RPMs)","vendor":"Red Hat","contentUrl":"/content/dist/rhel/system-z/6/$releasever/$basearch/satellite/5.6/os","requiredTags":"rhel-6-ibm-system-z","gpgUrl":"file:///etc/pki/rpm-gpg/RPM-GPG-KEY-redhat-release","modifiedProductIds":[],"arches":"s390x","metadataExpire":86400,"uuid":"8a99f9815e62e65a015e7119ec671c55","releaseVersion":null},"enabled":false},{"content":{"created":"2017-09-11T09:21:41.000+0000","updated":"2017-09-11T09:21:41.000+0000","id":"3759","type":"file","label":"rhel-6-server-satellite-6.0-isos","name":"Red Hat Satellite 6.0 (for RHEL 6 Server) (ISOs)","vendor":"Red Hat","contentUrl":"/content/dist/rhel/server/6/$releasever/$basearch/satellite/6.0/iso","requiredTags":"rhel-6-server","gpgUrl":"http://","modifiedProductIds":[],"arches":"x86_64","metadataExpire":86400,"uuid":"8a99f9815e62e65a015e711a49492198","releaseVersion":null},"enabled":false},{"content":{"created":"2018-01-22T13:35:59.000+0000","updated":"2018-01-22T13:35:59.000+0000","id":"6906","type":"yum","label":"rhel-7-server-satellite-6.3-puppet4-source-rpms","name":"Red Hat Satellite 6.3 - Puppet 4 (for RHEL 7 Server) (Source RPMs)","vendor":"Red Hat","contentUrl":"/content/dist/rhel/server/7/7Server/$basearch/satellite/6.3-puppet4/source/SRPMS","requiredTags":"rhel-7-server","gpgUrl":"file:///etc/pki/rpm-gpg/RPM-GPG-KEY-redhat-release","modifiedProductIds":[],"arches":"x86_64","metadataExpire":86400,"uuid":"8a99f9896118708f01611f27d3a73dac","releaseVersion":null},"enabled":false},{"content":{"created":"2017-09-11T09:21:17.000+0000","updated":"2017-09-11T09:21:17.000+0000","id":"3716","type":"yum","label":"rhel-6-system-z-satellite-5.6-source-rpms","name":"Red Hat Satellite 5.6 (for RHEL 6 System Z) (Source RPMs)","vendor":"Red Hat","contentUrl":"/content/dist/rhel/system-z/6/$releasever/$basearch/satellite/5.6/source/SRPMS","requiredTags":"rhel-6-ibm-system-z","gpgUrl":"file:///etc/pki/rpm-gpg/RPM-GPG-KEY-redhat-release","modifiedProductIds":[],"arches":"s390x","metadataExpire":86400,"uuid":"8a99f9815e62e65a015e7119ec671c54","releaseVersion":null},"enabled":false},{"content":{"created":"2018-01-22T13:35:59.000+0000","updated":"2018-01-22T13:35:59.000+0000","id":"6905","type":"yum","label":"rhel-7-server-satellite-6.3-puppet4-debug-rpms","name":"Red Hat Satellite 6.3 - Puppet 4 (for RHEL 7 Server) (Debug RPMs)","vendor":"Red Hat","contentUrl":"/content/dist/rhel/server/7/7Server/$basearch/satellite/6.3-puppet4/debug","requiredTags":"rhel-7-server","gpgUrl":"file:///etc/pki/rpm-gpg/RPM-GPG-KEY-redhat-release","modifiedProductIds":[],"arches":"x86_64","metadataExpire":86400,"uuid":"8a99f9896118708f01611f27d3a73dad","releaseVersion":null},"enabled":false},{"content":{"created":"2017-09-11T09:21:17.000+0000","updated":"2017-09-11T09:21:17.000+0000","id":"3717","type":"file","label":"rhel-6-system-z-satellite-5.6-isos","name":"Red Hat Satellite 5.6 (for RHEL 6 System Z) (ISOs)","vendor":"Red Hat","contentUrl":"/content/dist/rhel/system-z/6/$releasever/$basearch/satellite/5.6/iso","requiredTags":"rhel-6-ibm-system-z","gpgUrl":"http://","modifiedProductIds":[],"arches":"s390x","metadataExpire":86400,"uuid":"8a99f9815e62e65a015e7119ec671c58","releaseVersion":null},"enabled":false},{"content":{"created":"2017-09-11T09:22:24.000+0000","updated":"2017-09-11T09:22:24.000+0000","id":"5654","type":"yum","label":"rhel-6-server-satellite-5.8-source-rpms","name":"Red Hat Satellite 5.8 (for RHEL 6 Server) (Source RPMs)","vendor":"Red Hat","contentUrl":"/content/dist/rhel/server/6/6Server/$basearch/satellite/5.8/source/SRPMS","requiredTags":"rhel-6-server","gpgUrl":"file:///etc/pki/rpm-gpg/RPM-GPG-KEY-redhat-release","modifiedProductIds":[],"arches":"x86_64","metadataExpire":86400,"uuid":"8a99f9815e62e65a015e711aefc62324","releaseVersion":null},"enabled":false},{"content":{"created":"2017-09-11T09:22:24.000+0000","updated":"2017-09-11T09:22:24.000+0000","id":"5655","type":"yum","label":"rhel-6-server-satellite-5.8-debug-rpms","name":"Red Hat Satellite 5.8 (for RHEL 6 Server) (Debug RPMs)","vendor":"Red Hat","contentUrl":"/content/dist/rhel/server/6/6Server/$basearch/satellite/5.8/debug","requiredTags":"rhel-6-server","gpgUrl":"file:///etc/pki/rpm-gpg/RPM-GPG-KEY-redhat-release","modifiedProductIds":[],"arches":"x86_64","metadataExpire":86400,"uuid":"8a99f9815e62e65a015e711aefc62325","releaseVersion":null},"enabled":false},{"content":{"created":"2017-09-11T09:22:24.000+0000","updated":"2017-09-11T09:22:24.000+0000","id":"5656","type":"file","label":"rhel-6-system-z-satellite-5.8-isos","name":"Red Hat Satellite 5.8 (for RHEL 6 System Z) (ISOs)","vendor":"Red Hat","contentUrl":"/content/dist/rhel/system-z/6/6Server/$basearch/satellite/5.8/iso","requiredTags":"rhel-6-ibm-system-z","gpgUrl":"http://","modifiedProductIds":[],"arches":"s390x","metadataExpire":86400,"uuid":"8a99f9815e62e65a015e711aefc62322","releaseVersion":null},"enabled":false},{"content":{"created":"2017-09-11T09:21:17.000+0000","updated":"2017-09-11T09:21:17.000+0000","id":"3710","type":"yum","label":"rhel-5-system-z-satellite-5.6-rpms","name":"Red Hat Satellite 5.6 (for RHEL 5 System Z) (RPMs)","vendor":"Red Hat","contentUrl":"/content/dist/rhel/system-z/5/$releasever/$basearch/satellite/5.6/os","requiredTags":"rhel-5-ibm-system-z","gpgUrl":"file:///etc/pki/rpm-gpg/RPM-GPG-KEY-redhat-release","modifiedProductIds":[],"arches":"s390x","metadataExpire":86400,"uuid":"8a99f9815e62e65a015e7119ec671c4b","releaseVersion":null},"enabled":false},{"content":{"created":"2017-09-11T09:22:24.000+0000","updated":"2017-09-11T09:22:24.000+0000","id":"5657","type":"yum","label":"rhel-6-system-z-satellite-5.8-rpms","name":"Red Hat Satellite 5.8 (for RHEL 6 System Z) (RPMs)","vendor":"Red Hat","contentUrl":"/content/dist/rhel/system-z/6/6Server/$basearch/satellite/5.8/os","requiredTags":"rhel-6-ibm-system-z","gpgUrl":"file:///etc/pki/rpm-gpg/RPM-GPG-KEY-redhat-release","modifiedProductIds":[],"arches":"s390x","metadataExpire":86400,"uuid":"8a99f9815e62e65a015e711aefc62323","releaseVersion":null},"enabled":false},{"content":{"created":"2017-09-11T09:21:17.000+0000","updated":"2017-09-11T09:21:17.000+0000","id":"3711","type":"yum","label":"rhel-5-system-z-satellite-5.6-source-rpms","name":"Red Hat Satellite 5.6 (for RHEL 5 System Z) (Source RPMs)","vendor":"Red Hat","contentUrl":"/content/dist/rhel/system-z/5/$releasever/$basearch/satellite/5.6/source/SRPMS","requiredTags":"rhel-5-ibm-system-z","gpgUrl":"file:///etc/pki/rpm-gpg/RPM-GPG-KEY-redhat-release","modifiedProductIds":[],"arches":"s390x","metadataExpire":86400,"uuid":"8a99f9815e62e65a015e7119ec661c44","releaseVersion":null},"enabled":false},{"content":{"created":"2017-09-11T09:22:24.000+0000","updated":"2017-09-11T09:22:24.000+0000","id":"5658","type":"yum","label":"rhel-6-system-z-satellite-5.8-source-rpms","name":"Red Hat Satellite 5.8 (for RHEL 6 System Z) (Source RPMs)","vendor":"Red Hat","contentUrl":"/content/dist/rhel/system-z/6/6Server/$basearch/satellite/5.8/source/SRPMS","requiredTags":"rhel-6-ibm-system-z","gpgUrl":"file:///etc/pki/rpm-gpg/RPM-GPG-KEY-redhat-release","modifiedProductIds":[],"arches":"s390x","metadataExpire":86400,"uuid":"8a99f9815e62e65a015e711aefc5231e","releaseVersion":null},"enabled":false},{"content":{"created":"2017-09-11T09:21:17.000+0000","updated":"2017-09-11T09:21:17.000+0000","id":"3712","type":"file","label":"rhel-5-system-z-satellite-5.6-isos","name":"Red Hat Satellite 5.6 (for RHEL 5 System Z) (ISOs)","vendor":"Red Hat","contentUrl":"/content/dist/rhel/system-z/5/$releasever/$basearch/satellite/5.6/iso","requiredTags":"rhel-5-ibm-system-z","gpgUrl":"http://","modifiedProductIds":[],"arches":"s390x","metadataExpire":86400,"uuid":"8a99f9815e62e65a015e7119ec661c41","releaseVersion":null},"enabled":false},{"content":{"created":"2017-09-11T09:22:24.000+0000","updated":"2017-09-11T09:22:24.000+0000","id":"5659","type":"yum","label":"rhel-6-system-z-satellite-5.8-debug-rpms","name":"Red Hat Satellite 5.8 (for RHEL 6 System Z) (Debug RPMs)","vendor":"Red Hat","contentUrl":"/content/dist/rhel/system-z/6/6Server/$basearch/satellite/5.8/debug","requiredTags":"rhel-6-ibm-system-z","gpgUrl":"file:///etc/pki/rpm-gpg/RPM-GPG-KEY-redhat-release","modifiedProductIds":[],"arches":"s390x","metadataExpire":86400,"uuid":"8a99f9815e62e65a015e711aefc52320","releaseVersion":null},"enabled":false},{"content":{"created":"2017-09-11T09:21:17.000+0000","updated":"2017-09-11T09:21:17.000+0000","id":"3713","type":"yum","label":"rhel-6-server-satellite-5.6-rpms","name":"Red Hat Satellite 5.6 (for RHEL 6 Server) (RPMs)","vendor":"Red Hat","contentUrl":"/content/dist/rhel/server/6/$releasever/$basearch/satellite/5.6/os","requiredTags":"rhel-6-server","gpgUrl":"file:///etc/pki/rpm-gpg/RPM-GPG-KEY-redhat-release","modifiedProductIds":[],"arches":"x86_64","metadataExpire":86400,"uuid":"8a99f9815e62e65a015e7119ec661c48","releaseVersion":null},"enabled":false},{"content":{"created":"2018-01-22T13:35:59.000+0000","updated":"2018-01-22T13:35:59.000+0000","id":"6904","type":"yum","label":"rhel-7-server-satellite-6.3-puppet4-rpms","name":"Red Hat Satellite 6.3 - Puppet 4 (for RHEL 7 Server) (RPMs)","vendor":"Red Hat","contentUrl":"/content/dist/rhel/server/7/7Server/$basearch/satellite/6.3-puppet4/os","requiredTags":"rhel-7-server","gpgUrl":"file:///etc/pki/rpm-gpg/RPM-GPG-KEY-redhat-release","modifiedProductIds":[],"arches":"x86_64","metadataExpire":86400,"uuid":"8a99f9896118708f01611f27d3a73db0","releaseVersion":null},"enabled":false},{"content":{"created":"2017-09-11T09:21:17.000+0000","updated":"2017-09-11T09:21:17.000+0000","id":"3714","type":"yum","label":"rhel-6-server-satellite-5.6-source-rpms","name":"Red Hat Satellite 5.6 (for RHEL 6 Server) (Source RPMs)","vendor":"Red Hat","contentUrl":"/content/dist/rhel/server/6/$releasever/$basearch/satellite/5.6/source/SRPMS","requiredTags":"rhel-6-server","gpgUrl":"file:///etc/pki/rpm-gpg/RPM-GPG-KEY-redhat-release","modifiedProductIds":[],"arches":"x86_64","metadataExpire":86400,"uuid":"8a99f9815e62e65a015e7119ec661c47","releaseVersion":null},"enabled":false},{"content":{"created":"2017-09-11T09:21:41.000+0000","updated":"2017-09-11T09:21:41.000+0000","id":"3758","type":"yum","label":"rhel-6-server-satellite-6.0-rpms","name":"Red Hat Satellite 6.0 (for RHEL 6 Server) (RPMs)","vendor":"Red Hat","contentUrl":"/content/dist/rhel/server/6/$releasever/$basearch/satellite/6.0/os","requiredTags":"rhel-6-server","gpgUrl":"file:///etc/pki/rpm-gpg/RPM-GPG-KEY-redhat-release","modifiedProductIds":[],"arches":"x86_64","metadataExpire":86400,"uuid":"8a99f9815e62e65a015e711a49492193","releaseVersion":null},"enabled":false},{"content":{"created":"2017-09-11T09:21:41.000+0000","updated":"2017-09-11T09:21:41.000+0000","id":"4064","type":"yum","label":"rhel-6-server-satellite-6.1-rpms","name":"Red Hat Satellite 6.1 (for RHEL 6 Server) (RPMs)","vendor":"Red Hat","contentUrl":"/content/dist/rhel/server/6/6Server/$basearch/satellite/6.1/os","requiredTags":"rhel-6-server","gpgUrl":"file:///etc/pki/rpm-gpg/RPM-GPG-KEY-redhat-release","modifiedProductIds":[],"arches":"x86_64","metadataExpire":86400,"uuid":"8a99f9815e62e65a015e711a493d2054","releaseVersion":null},"enabled":false},{"content":{"created":"2017-09-11T09:21:41.000+0000","updated":"2017-09-11T09:21:41.000+0000","id":"4065","type":"file","label":"rhel-6-server-satellite-6.1-isos","name":"Red Hat Satellite 6.1 (for RHEL 6 Server) (ISOs)","vendor":"Red Hat","contentUrl":"/content/dist/rhel/server/6/6Server/$basearch/satellite/6.1/iso","requiredTags":"rhel-6-server","gpgUrl":"http://","modifiedProductIds":[],"arches":"x86_64","metadataExpire":86400,"uuid":"8a99f9815e62e65a015e711a493d2055","releaseVersion":null},"enabled":false},{"content":{"created":"2017-09-11T09:21:41.000+0000","updated":"2017-09-11T09:21:41.000+0000","id":"4066","type":"yum","label":"rhel-6-server-satellite-6.1-debug-rpms","name":"Red Hat Satellite 6.1 (for RHEL 6 Server) (Debug RPMs)","vendor":"Red Hat","contentUrl":"/content/dist/rhel/server/6/6Server/$basearch/satellite/6.1/debug","requiredTags":"rhel-6-server","gpgUrl":"file:///etc/pki/rpm-gpg/RPM-GPG-KEY-redhat-release","modifiedProductIds":[],"arches":"x86_64","metadataExpire":86400,"uuid":"8a99f9815e62e65a015e711a493d2056","releaseVersion":null},"enabled":false},{"content":{"created":"2017-09-11T09:21:41.000+0000","updated":"2017-09-11T09:21:41.000+0000","id":"4067","type":"yum","label":"rhel-6-server-satellite-6.1-source-rpms","name":"Red Hat Satellite 6.1 (for RHEL 6 Server) (Source RPMs)","vendor":"Red Hat","contentUrl":"/content/dist/rhel/server/6/6Server/$basearch/satellite/6.1/source/SRPMS","requiredTags":"rhel-6-server","gpgUrl":"file:///etc/pki/rpm-gpg/RPM-GPG-KEY-redhat-release","modifiedProductIds":[],"arches":"x86_64","metadataExpire":86400,"uuid":"8a99f9815e62e65a015e711a493d2057","releaseVersion":null},"enabled":false},{"content":{"created":"2017-09-11T09:21:41.000+0000","updated":"2017-09-11T09:21:41.000+0000","id":"3770","type":"yum","label":"rhel-7-server-satellite-optional-6.0-debug-rpms","name":"Red Hat Satellite 6.0 - Optional (for RHEL 7 Server) (Debug RPMs)","vendor":"Red Hat","contentUrl":"/content/dist/rhel/server/7/$releasever/$basearch/satellite-optional/6.0/debug","requiredTags":"rhel-7-server","gpgUrl":"file:///etc/pki/rpm-gpg/RPM-GPG-KEY-redhat-release","modifiedProductIds":[],"arches":"x86_64","metadataExpire":86400,"uuid":"8a99f9815e62e65a015e711a494921a1","releaseVersion":null},"enabled":false},{"content":{"created":"2017-09-11T09:21:41.000+0000","updated":"2017-09-11T09:21:41.000+0000","id":"3771","type":"yum","label":"rhel-7-server-satellite-optional-6.0-source-rpms","name":"Red Hat Satellite 6.0 - Optional (for RHEL 7 Server) (Source RPMs)","vendor":"Red Hat","contentUrl":"/content/dist/rhel/server/7/$releasever/$basearch/satellite-optional/6.0/source/SRPMS","requiredTags":"rhel-7-server","gpgUrl":"file:///etc/pki/rpm-gpg/RPM-GPG-KEY-redhat-release","modifiedProductIds":[],"arches":"x86_64","metadataExpire":86400,"uuid":"8a99f9815e62e65a015e711a494a21a3","releaseVersion":null},"enabled":false},{"content":{"created":"2017-09-11T09:21:41.000+0000","updated":"2017-09-11T09:21:41.000+0000","id":"4740","type":"file","label":"rhel-6-server-satellite-6.2-isos","name":"Red Hat Satellite 6.2 (for RHEL 6 Server) (ISOs)","vendor":"Red Hat","contentUrl":"/content/dist/rhel/server/6/6Server/$basearch/satellite/6.2/iso","requiredTags":"rhel-6-server","gpgUrl":"http://","modifiedProductIds":[],"arches":"x86_64","metadataExpire":86400,"uuid":"8a99f9815e62e65a015e711a494e2226","releaseVersion":null},"enabled":false},{"content":{"created":"2017-09-11T09:21:41.000+0000","updated":"2017-09-11T09:21:41.000+0000","id":"4739","type":"yum","label":"rhel-6-server-satellite-6.2-rpms","name":"Red Hat Satellite 6.2 (for RHEL 6 Server) (RPMs)","vendor":"Red Hat","contentUrl":"/content/dist/rhel/server/6/6Server/$basearch/satellite/6.2/os","requiredTags":"rhel-6-server","gpgUrl":"file:///etc/pki/rpm-gpg/RPM-GPG-KEY-redhat-release","modifiedProductIds":[],"arches":"x86_64","metadataExpire":86400,"uuid":"8a99f9815e62e65a015e711a494e221a","releaseVersion":null},"enabled":false},{"content":{"created":"2017-09-11T09:21:17.000+0000","updated":"2017-09-11T09:21:17.000+0000","id":"4015","type":"yum","label":"rhel-6-system-z-satellite-5.7-source-rpms","name":"Red Hat Satellite 5.7 (for RHEL 6 System Z) (Source RPMs)","vendor":"Red Hat","contentUrl":"/content/dist/rhel/system-z/6/$releasever/$basearch/satellite/5.7/source/SRPMS","requiredTags":"rhel-6-ibm-system-z","gpgUrl":"file:///etc/pki/rpm-gpg/RPM-GPG-KEY-redhat-release","modifiedProductIds":[],"arches":"s390x","metadataExpire":86400,"uuid":"8a99f9815e62e65a015e7119ec5e1b9d","releaseVersion":null},"enabled":false},{"content":{"created":"2017-09-11T09:21:41.000+0000","updated":"2017-09-11T09:21:41.000+0000","id":"3762","type":"yum","label":"rhel-6-server-satellite-optional-6.0-rpms","name":"Red Hat Satellite 6.0 - Optional (for RHEL 6 Server) (RPMs)","vendor":"Red Hat","contentUrl":"/content/dist/rhel/server/6/$releasever/$basearch/satellite-optional/6.0/os","requiredTags":"rhel-6-server","gpgUrl":"file:///etc/pki/rpm-gpg/RPM-GPG-KEY-redhat-release","modifiedProductIds":[],"arches":"x86_64","metadataExpire":86400,"uuid":"8a99f9815e62e65a015e711a494a21a4","releaseVersion":null},"enabled":false},{"content":{"created":"2017-09-11T09:21:41.000+0000","updated":"2017-09-11T09:21:41.000+0000","id":"3763","type":"yum","label":"rhel-6-server-satellite-optional-6.0-debug-rpms","name":"Red Hat Satellite 6.0 - Optional (for RHEL 6 Server) (Debug RPMs)","vendor":"Red Hat","contentUrl":"/content/dist/rhel/server/6/$releasever/$basearch/satellite-optional/6.0/debug","requiredTags":"rhel-6-server","gpgUrl":"file:///etc/pki/rpm-gpg/RPM-GPG-KEY-redhat-release","modifiedProductIds":[],"arches":"x86_64","metadataExpire":86400,"uuid":"8a99f9815e62e65a015e711a494a21a5","releaseVersion":null},"enabled":false},{"content":{"created":"2017-09-11T09:21:41.000+0000","updated":"2017-09-11T09:21:41.000+0000","id":"3764","type":"yum","label":"rhel-6-server-satellite-optional-6.0-source-rpms","name":"Red Hat Satellite 6.0 - Optional (for RHEL 6 Server) (Source RPMs)","vendor":"Red Hat","contentUrl":"/content/dist/rhel/server/6/$releasever/$basearch/satellite-optional/6.0/source/SRPMS","requiredTags":"rhel-6-server","gpgUrl":"file:///etc/pki/rpm-gpg/RPM-GPG-KEY-redhat-release","modifiedProductIds":[],"arches":"x86_64","metadataExpire":86400,"uuid":"8a99f9815e62e65a015e711a494a21a6","releaseVersion":null},"enabled":false},{"content":{"created":"2017-09-11T09:21:41.000+0000","updated":"2017-09-11T09:21:41.000+0000","id":"3765","type":"yum","label":"rhel-7-server-satellite-6.0-rpms","name":"Red Hat Satellite 6.0 (for RHEL 7 Server) (RPMs)","vendor":"Red Hat","contentUrl":"/content/dist/rhel/server/7/$releasever/$basearch/satellite/6.0/os","requiredTags":"rhel-7-server","gpgUrl":"file:///etc/pki/rpm-gpg/RPM-GPG-KEY-redhat-release","modifiedProductIds":[],"arches":"x86_64","metadataExpire":86400,"uuid":"8a99f9815e62e65a015e711a494a21a7","releaseVersion":null},"enabled":false},{"content":{"created":"2017-09-11T09:21:41.000+0000","updated":"2017-09-11T09:21:41.000+0000","id":"3766","type":"file","label":"rhel-7-server-satellite-6.0-isos","name":"Red Hat Satellite 6.0 (for RHEL 7 Server) (ISOs)","vendor":"Red Hat","contentUrl":"/content/dist/rhel/server/7/$releasever/$basearch/satellite/6.0/iso","requiredTags":"rhel-7-server","gpgUrl":"http://","modifiedProductIds":[],"arches":"x86_64","metadataExpire":86400,"uuid":"8a99f9815e62e65a015e711a494a21a8","releaseVersion":null},"enabled":false},{"content":{"created":"2017-09-11T09:21:41.000+0000","updated":"2017-09-11T09:21:41.000+0000","id":"3767","type":"yum","label":"rhel-7-server-satellite-6.0-debug-rpms","name":"Red Hat Satellite 6.0 (for RHEL 7 Server) (Debug RPMs)","vendor":"Red Hat","contentUrl":"/content/dist/rhel/server/7/$releasever/$basearch/satellite/6.0/debug","requiredTags":"rhel-7-server","gpgUrl":"file:///etc/pki/rpm-gpg/RPM-GPG-KEY-redhat-release","modifiedProductIds":[],"arches":"x86_64","metadataExpire":86400,"uuid":"8a99f9815e62e65a015e711a494a21a9","releaseVersion":null},"enabled":false},{"content":{"created":"2017-09-11T09:21:41.000+0000","updated":"2017-09-11T09:21:41.000+0000","id":"3768","type":"yum","label":"rhel-7-server-satellite-6.0-source-rpms","name":"Red Hat Satellite 6.0 (for RHEL 7 Server) (Source RPMs)","vendor":"Red Hat","contentUrl":"/content/dist/rhel/server/7/$releasever/$basearch/satellite/6.0/source/SRPMS","requiredTags":"rhel-7-server","gpgUrl":"file:///etc/pki/rpm-gpg/RPM-GPG-KEY-redhat-release","modifiedProductIds":[],"arches":"x86_64","metadataExpire":86400,"uuid":"8a99f9815e62e65a015e711a494a21aa","releaseVersion":null},"enabled":false},{"content":{"created":"2017-09-11T09:21:41.000+0000","updated":"2017-09-11T09:21:41.000+0000","id":"3769","type":"yum","label":"rhel-7-server-satellite-optional-6.0-rpms","name":"Red Hat Satellite 6.0 - Optional (for RHEL 7 Server) (RPMs)","vendor":"Red Hat","contentUrl":"/content/dist/rhel/server/7/$releasever/$basearch/satellite-optional/6.0/os","requiredTags":"rhel-7-server","gpgUrl":"file:///etc/pki/rpm-gpg/RPM-GPG-KEY-redhat-release","modifiedProductIds":[],"arches":"x86_64","metadataExpire":86400,"uuid":"8a99f9815e62e65a015e711a494a21ab","releaseVersion":null},"enabled":false},{"content":{"created":"2017-09-11T09:21:17.000+0000","updated":"2017-09-11T09:21:17.000+0000","id":"4073","type":"yum","label":"rhel-7-server-satellite-6.1-debug-rpms","name":"Red Hat Satellite 6.1 (for RHEL 7 Server) (Debug RPMs)","vendor":"Red Hat","contentUrl":"/content/dist/rhel/server/7/7Server/$basearch/satellite/6.1/debug","requiredTags":"rhel-7-server","gpgUrl":"file:///etc/pki/rpm-gpg/RPM-GPG-KEY-redhat-release","modifiedProductIds":[],"arches":"x86_64","metadataExpire":86400,"uuid":"8a99f9815e62e65a015e7119ec6e1ca1","releaseVersion":null},"enabled":false},{"content":{"created":"2017-09-11T09:21:17.000+0000","updated":"2017-09-11T09:21:17.000+0000","id":"4074","type":"yum","label":"rhel-7-server-satellite-6.1-source-rpms","name":"Red Hat Satellite 6.1 (for RHEL 7 Server) (Source RPMs)","vendor":"Red Hat","contentUrl":"/content/dist/rhel/server/7/7Server/$basearch/satellite/6.1/source/SRPMS","requiredTags":"rhel-7-server","gpgUrl":"file:///etc/pki/rpm-gpg/RPM-GPG-KEY-redhat-release","modifiedProductIds":[],"arches":"x86_64","metadataExpire":86400,"uuid":"8a99f9815e62e65a015e7119ec6e1ca2","releaseVersion":null},"enabled":false},{"content":{"created":"2017-09-11T14:50:13.000+0000","updated":"2017-09-11T14:50:13.000+0000","id":"5286","type":"yum","label":"rhel-7-server-satellite-6.3-rpms","name":"Red Hat Satellite 6.3 (for RHEL 7 Server) (RPMs)","vendor":"Red Hat","contentUrl":"/content/dist/rhel/server/7/7Server/$basearch/satellite/6.3/os","requiredTags":"rhel-7-server","gpgUrl":"file:///etc/pki/rpm-gpg/RPM-GPG-KEY-redhat-release","modifiedProductIds":[],"arches":"x86_64","metadataExpire":86400,"uuid":"8a99f9825e718933015e72471160067a","releaseVersion":null},"enabled":false},{"content":{"created":"2017-09-11T09:21:17.000+0000","updated":"2017-09-11T09:21:17.000+0000","id":"6014","type":"file","label":"rhel-7-server-channel-dumps-isos","name":"Red Hat Satellite 5 Channel Dumps for RHEL 7 Server (ISOs)","vendor":"Red Hat","contentUrl":"/content/dist/rhel/server/7/7Server/$basearch/channel-dumps/iso","requiredTags":"rhel-7-server","gpgUrl":"file:///etc/pki/rpm-gpg/RPM-GPG-KEY-redhat-release","modifiedProductIds":[],"arches":"x86_64","metadataExpire":86400,"uuid":"8a99f9815e62e65a015e7119ec5c1b72","releaseVersion":null},"enabled":false},{"content":{"created":"2017-09-11T14:50:13.000+0000","updated":"2017-09-11T14:50:13.000+0000","id":"5287","type":"file","label":"rhel-7-server-satellite-6.3-isos","name":"Red Hat Satellite 6.3 (for RHEL 7 Server) (ISOs)","vendor":"Red Hat","contentUrl":"/content/dist/rhel/server/7/7Server/$basearch/satellite/6.3/iso","requiredTags":"rhel-7-server","gpgUrl":"http://","modifiedProductIds":[],"arches":"x86_64","metadataExpire":86400,"uuid":"8a99f9825e718933015e724711600677","releaseVersion":null},"enabled":false},{"content":{"created":"2017-09-11T14:50:13.000+0000","updated":"2017-09-11T14:50:13.000+0000","id":"5288","type":"yum","label":"rhel-7-server-satellite-6.3-debug-rpms","name":"Red Hat Satellite 6.3 (for RHEL 7 Server) (Debug RPMs)","vendor":"Red Hat","contentUrl":"/content/dist/rhel/server/7/7Server/$basearch/satellite/6.3/debug","requiredTags":"rhel-7-server","gpgUrl":"file:///etc/pki/rpm-gpg/RPM-GPG-KEY-redhat-release","modifiedProductIds":[],"arches":"x86_64","metadataExpire":86400,"uuid":"8a99f9825e718933015e724711600678","releaseVersion":null},"enabled":false},{"content":{"created":"2017-09-11T14:50:13.000+0000","updated":"2017-09-11T14:50:13.000+0000","id":"5289","type":"yum","label":"rhel-7-server-satellite-6.3-source-rpms","name":"Red Hat Satellite 6.3 (for RHEL 7 Server) (Source RPMs)","vendor":"Red Hat","contentUrl":"/content/dist/rhel/server/7/7Server/$basearch/satellite/6.3/source/SRPMS","requiredTags":"rhel-7-server","gpgUrl":"file:///etc/pki/rpm-gpg/RPM-GPG-KEY-redhat-release","modifiedProductIds":[],"arches":"x86_64","metadataExpire":86400,"uuid":"8a99f9825e718933015e724711600676","releaseVersion":null},"enabled":false},{"content":{"created":"2017-09-11T09:21:17.000+0000","updated":"2017-09-11T09:21:17.000+0000","id":"6015","type":"file","label":"rhel-5-server-channel-dumps-isos","name":"Red Hat Satellite 5 Channel Dumps for RHEL 5 Server (ISOs)","vendor":"Red Hat","contentUrl":"/content/dist/rhel/server/5/5Server/$basearch/channel-dumps/iso","requiredTags":"rhel-5-server","gpgUrl":"file:///etc/pki/rpm-gpg/RPM-GPG-KEY-redhat-release","modifiedProductIds":[],"arches":"x86_64","metadataExpire":86400,"uuid":"8a99f9815e62e65a015e7119ec5c1b71","releaseVersion":null},"enabled":false},{"content":{"created":"2017-09-11T09:21:17.000+0000","updated":"2017-09-11T09:21:17.000+0000","id":"4071","type":"yum","label":"rhel-7-server-satellite-6.1-rpms","name":"Red Hat Satellite 6.1 (for RHEL 7 Server) (RPMs)","vendor":"Red Hat","contentUrl":"/content/dist/rhel/server/7/7Server/$basearch/satellite/6.1/os","requiredTags":"rhel-7-server","gpgUrl":"file:///etc/pki/rpm-gpg/RPM-GPG-KEY-redhat-release","modifiedProductIds":[],"arches":"x86_64","metadataExpire":86400,"uuid":"8a99f9815e62e65a015e7119ec6e1c94","releaseVersion":null},"enabled":false},{"content":{"created":"2017-09-11T09:21:17.000+0000","updated":"2017-09-11T09:21:17.000+0000","id":"4072","type":"file","label":"rhel-7-server-satellite-6.1-isos","name":"Red Hat Satellite 6.1 (for RHEL 7 Server) (ISOs)","vendor":"Red Hat","contentUrl":"/content/dist/rhel/server/7/7Server/$basearch/satellite/6.1/iso","requiredTags":"rhel-7-server","gpgUrl":"http://","modifiedProductIds":[],"arches":"x86_64","metadataExpire":86400,"uuid":"8a99f9815e62e65a015e7119ec6e1c97","releaseVersion":null},"enabled":false},{"content":{"created":"2017-09-11T09:21:17.000+0000","updated":"2017-09-11T09:21:17.000+0000","id":"3015","type":"file","label":"rhel-6-server-satellite-5.6-isos","name":"Red Hat Satellite 5.6 (ISOs)","vendor":"Red Hat","contentUrl":"/content/dist/rhel/server/6/$releasever/$basearch/satellite/5.6/iso","requiredTags":"rhel-6-server","gpgUrl":"file:///etc/pki/rpm-gpg/RPM-GPG-KEY-redhat-release","modifiedProductIds":[],"arches":"x86_64","metadataExpire":86400,"uuid":"8a99f9815e62e65a015e7119ec5f1bab","releaseVersion":null},"enabled":false},{"content":{"created":"2017-09-11T09:21:41.000+0000","updated":"2017-09-11T09:21:41.000+0000","id":"5995","type":"file","label":"rhel-6-server-channel-dumps-isos","name":"Red Hat Satellite 5 Channel Dumps for RHEL 6 Server (ISOs)","vendor":"Red Hat","contentUrl":"/content/dist/rhel/server/6/6Server/$basearch/channel-dumps/iso","requiredTags":"rhel-6-server","gpgUrl":"file:///etc/pki/rpm-gpg/RPM-GPG-KEY-redhat-release","modifiedProductIds":[],"arches":"x86_64","metadataExpire":86400,"uuid":"8a99f9815e62e65a015e711a493e207a","releaseVersion":null},"enabled":false},{"content":{"created":"2017-09-11T09:21:41.000+0000","updated":"2017-09-11T09:21:41.000+0000","id":"4741","type":"yum","label":"rhel-6-server-satellite-6.2-debug-rpms","name":"Red Hat Satellite 6.2 (for RHEL 6 Server) (Debug RPMs)","vendor":"Red Hat","contentUrl":"/content/dist/rhel/server/6/6Server/$basearch/satellite/6.2/debug","requiredTags":"rhel-6-server","gpgUrl":"file:///etc/pki/rpm-gpg/RPM-GPG-KEY-redhat-release","modifiedProductIds":[],"arches":"x86_64","metadataExpire":86400,"uuid":"8a99f9815e62e65a015e711a494d2208","releaseVersion":null},"enabled":false},{"content":{"created":"2017-09-11T09:21:41.000+0000","updated":"2017-09-11T09:21:41.000+0000","id":"4742","type":"yum","label":"rhel-6-server-satellite-6.2-source-rpms","name":"Red Hat Satellite 6.2 (for RHEL 6 Server) (Source RPMs)","vendor":"Red Hat","contentUrl":"/content/dist/rhel/server/6/6Server/$basearch/satellite/6.2/source/SRPMS","requiredTags":"rhel-6-server","gpgUrl":"file:///etc/pki/rpm-gpg/RPM-GPG-KEY-redhat-release","modifiedProductIds":[],"arches":"x86_64","metadataExpire":86400,"uuid":"8a99f9815e62e65a015e711a494d2206","releaseVersion":null},"enabled":false},{"content":{"created":"2017-09-11T09:21:41.000+0000","updated":"2017-09-11T09:21:41.000+0000","id":"4743","type":"yum","label":"rhel-7-server-satellite-6.2-rpms","name":"Red Hat Satellite 6.2 (for RHEL 7 Server) (RPMs)","vendor":"Red Hat","contentUrl":"/content/dist/rhel/server/7/7Server/$basearch/satellite/6.2/os","requiredTags":"rhel-7-server","gpgUrl":"file:///etc/pki/rpm-gpg/RPM-GPG-KEY-redhat-release","modifiedProductIds":[],"arches":"x86_64","metadataExpire":86400,"uuid":"8a99f9815e62e65a015e711a494d220c","releaseVersion":null},"enabled":false},{"content":{"created":"2017-09-11T09:21:41.000+0000","updated":"2017-09-11T09:21:41.000+0000","id":"4744","type":"file","label":"rhel-7-server-satellite-6.2-isos","name":"Red Hat Satellite 6.2 (for RHEL 7 Server) (ISOs)","vendor":"Red Hat","contentUrl":"/content/dist/rhel/server/7/7Server/$basearch/satellite/6.2/iso","requiredTags":"rhel-7-server","gpgUrl":"http://","modifiedProductIds":[],"arches":"x86_64","metadataExpire":86400,"uuid":"8a99f9815e62e65a015e711a494d220a","releaseVersion":null},"enabled":false},{"content":{"created":"2017-09-11T09:21:41.000+0000","updated":"2017-09-11T09:21:41.000+0000","id":"4745","type":"yum","label":"rhel-7-server-satellite-6.2-debug-rpms","name":"Red Hat Satellite 6.2 (for RHEL 7 Server) (Debug RPMs)","vendor":"Red Hat","contentUrl":"/content/dist/rhel/server/7/7Server/$basearch/satellite/6.2/debug","requiredTags":"rhel-7-server","gpgUrl":"file:///etc/pki/rpm-gpg/RPM-GPG-KEY-redhat-release","modifiedProductIds":[],"arches":"x86_64","metadataExpire":86400,"uuid":"8a99f9815e62e65a015e711a494d220e","releaseVersion":null},"enabled":false},{"content":{"created":"2017-09-11T09:21:41.000+0000","updated":"2017-09-11T09:21:41.000+0000","id":"4746","type":"yum","label":"rhel-7-server-satellite-6.2-source-rpms","name":"Red Hat Satellite 6.2 (for RHEL 7 Server) (Source RPMs)","vendor":"Red Hat","contentUrl":"/content/dist/rhel/server/7/7Server/$basearch/satellite/6.2/source/SRPMS","requiredTags":"rhel-7-server","gpgUrl":"file:///etc/pki/rpm-gpg/RPM-GPG-KEY-redhat-release","modifiedProductIds":[],"arches":"x86_64","metadataExpire":86400,"uuid":"8a99f9815e62e65a015e711a494d220d","releaseVersion":null},"enabled":false},{"content":{"created":"2017-09-11T09:21:41.000+0000","updated":"2017-09-11T09:21:41.000+0000","id":"5652","type":"file","label":"rhel-6-server-satellite-5.8-isos","name":"Red Hat Satellite 5.8 (for RHEL 6 Server) (ISOs)","vendor":"Red Hat","contentUrl":"/content/dist/rhel/server/6/6Server/$basearch/satellite/5.8/iso","requiredTags":"rhel-6-server","gpgUrl":"http://","modifiedProductIds":[],"arches":"x86_64","metadataExpire":86400,"uuid":"8a99f9815e62e65a015e711a494b21c1","releaseVersion":null},"enabled":false},{"content":{"created":"2017-09-11T09:21:41.000+0000","updated":"2017-09-11T09:21:41.000+0000","id":"5653","type":"yum","label":"rhel-6-server-satellite-5.8-rpms","name":"Red Hat Satellite 5.8 (for RHEL 6 Server) (RPMs)","vendor":"Red Hat","contentUrl":"/content/dist/rhel/server/6/6Server/$basearch/satellite/5.8/os","requiredTags":"rhel-6-server","gpgUrl":"file:///etc/pki/rpm-gpg/RPM-GPG-KEY-redhat-release","modifiedProductIds":[],"arches":"x86_64","metadataExpire":86400,"uuid":"8a99f9815e62e65a015e711a494b21c3","releaseVersion":null},"enabled":false},{"content":{"created":"2017-09-11T09:21:17.000+0000","updated":"2017-09-11T09:21:17.000+0000","id":"3707","type":"yum","label":"rhel-5-server-satellite-5.6-rpms","name":"Red Hat Satellite 5.6 (for RHEL 5 Server) (RPMs)","vendor":"Red Hat","contentUrl":"/content/dist/rhel/server/5/$releasever/$basearch/satellite/5.6/os","requiredTags":"rhel-5-server","gpgUrl":"file:///etc/pki/rpm-gpg/RPM-GPG-KEY-redhat-release","modifiedProductIds":[],"arches":"x86_64","metadataExpire":86400,"uuid":"8a99f9815e62e65a015e7119ec701ccb","releaseVersion":null},"enabled":false},{"content":{"created":"2017-09-11T09:21:17.000+0000","updated":"2017-09-11T09:21:17.000+0000","id":"3708","type":"yum","label":"rhel-5-server-satellite-5.6-source-rpms","name":"Red Hat Satellite 5.6 (for RHEL 5 Server) (Source RPMs)","vendor":"Red Hat","contentUrl":"/content/dist/rhel/server/5/$releasever/$basearch/satellite/5.6/source/SRPMS","requiredTags":"rhel-5-server","gpgUrl":"file:///etc/pki/rpm-gpg/RPM-GPG-KEY-redhat-release","modifiedProductIds":[],"arches":"x86_64","metadataExpire":86400,"uuid":"8a99f9815e62e65a015e7119ec701cd1","releaseVersion":null},"enabled":false},{"content":{"created":"2017-09-11T09:21:17.000+0000","updated":"2017-09-11T09:21:17.000+0000","id":"3709","type":"file","label":"rhel-5-server-satellite-5.6-isos","name":"Red Hat Satellite 5.6 (for RHEL 5 Server) (ISOs)","vendor":"Red Hat","contentUrl":"/content/dist/rhel/server/5/$releasever/$basearch/satellite/5.6/iso","requiredTags":"rhel-5-server","gpgUrl":"http://","modifiedProductIds":[],"arches":"x86_64","metadataExpire":86400,"uuid":"8a99f9815e62e65a015e7119ec701cd2","releaseVersion":null},"enabled":false}],"dependentProductIds":[]}