{"created":"2017-09-11T09:22:56.000+0000","updated":"2017-09-11T09:22:56.000+0000","uuid":"8a99f9815e62e65a015e711b6f1f2355","multiplier":1,"id":"262","name":"Red Hat Satellite with Embedded Oracle","attributes":[{"name":"name","value":"Red Hat Satellite with Embedded Oracle"},{"name":"arch","value":"s390x,x86,x86_64"},{"name":"type","value":"SVC"}],"productContent":[{"content":{"created":"2017-09-11T09:21:17.000+0000","updated":"2017-09-11T09:21:17.000+0000","id":"3680","type":"yum","label":"rhel-5-system-z-satellite-5.3-rpms","name":"Red Hat Satellite 5.3 (for RHEL 5 System Z) (RPMs)","vendor":"Red Hat","contentUrl":"/content/dist/rhel/system-z/5/$releasever/$basearch/satellite/5.3/os","requiredTags":"rhel-5-ibm-system-z","gpgUrl":"file:///etc/pki/rpm-gpg/RPM-GPG-KEY-redhat-release","modifiedProductIds":[],"arches":"s390x","metadataExpire":86401,"uuid":"8a99f9815e62e65a015e7119ec5a1b43","releaseVersion":null},"enabled":false},{"content":{"created":"2017-09-11T09:21:17.000+0000","updated":"2017-09-11T09:21:17.000+0000","id":"3681","type":"yum","label":"rhel-5-system-z-satellite-5.3-source-rpms","name":"Red Hat Satellite 5.3 (for RHEL 5 System Z) (Source RPMs)","vendor":"Red Hat","contentUrl":"/content/dist/rhel/system-z/5/$releasever/$basearch/satellite/5.3/source/SRPMS","requiredTags":"rhel-5-ibm-system-z","gpgUrl":"file:///etc/pki/rpm-gpg/RPM-GPG-KEY-redhat-release","modifiedProductIds":[],"arches":"s390x","metadataExpire":86402,"uuid":"8a99f9815e62e65a015e7119ec5a1b47","releaseVersion":null},"enabled":false},{"content":{"created":"2017-09-11T09:21:17.000+0000","updated":"2017-09-11T09:21:17.000+0000","id":"3682","type":"file","label":"rhel-5-system-z-satellite-5.3-isos","name":"Red Hat Satellite 5.3 (for RHEL 5 System Z) (ISOs)","vendor":"Red Hat","contentUrl":"/content/dist/rhel/system-z/5/$releasever/$basearch/satellite/5.3/iso","requiredTags":"rhel-5-ibm-system-z","gpgUrl":"http://","modifiedProductIds":[],"arches":"s390x","metadataExpire":86400,"uuid":"8a99f9815e62e65a015e7119ec5a1b48","releaseVersion":null},"enabled":false},{"content":{"created":"2017-09-11T09:21:17.000+0000","updated":"2017-09-11T09:21:17.000+0000","id":"3683","type":"yum","label":"rhel-5-server-satellite-5.4-rpms","name":"Red Hat Satellite 5.4 (for RHEL 5 Server) (RPMs)","vendor":"Red Hat","contentUrl":"/content/dist/rhel/server/5/$releasever/$basearch/satellite/5.4/os","requiredTags":"rhel-5-server","gpgUrl":"file:///etc/pki/rpm-gpg/RPM-GPG-KEY-redhat-release","modifiedProductIds":[],"arches":"x86,x86_64","metadataExpire":86400,"uuid":"8a99f9815e62e65a015e7119ec5a1b45","releaseVersion":null},"enabled":false},{"content":{"created":"2017-09-11T09:21:17.000+0000","updated":"2017-09-11T09:21:17.000+0000","id":"3684","type":"yum","label":"rhel-5-server-satellite-5.4-source-rpms","name":"Red Hat Satellite 5.4 (for RHEL 5 Server) (Source RPMs)","vendor":"Red Hat","contentUrl":"/content/dist/rhel/server/5/$releasever/$basearch/satellite/5.4/source/SRPMS","requiredTags":"rhel-5-server","gpgUrl":"file:///etc/pki/rpm-gpg/RPM-GPG-KEY-redhat-release","modifiedProductIds":[],"arches":"x86,x86_64","metadataExpire":86400,"uuid":"8a99f9815e62e65a015e7119ec5a1b46","releaseVersion":null},"enabled":false},{"content":{"created":"2017-09-11T09:21:17.000+0000","updated":"2017-09-11T09:21:17.000+0000","id":"3674","type":"yum","label":"rhel-5-system-z-satellite-5.2-rpms","name":"Red Hat Satellite 5.2 (for RHEL 5 System Z) (RPMs)","vendor":"Red Hat","contentUrl":"/content/dist/rhel/system-z/5/$releasever/$basearch/satellite/5.2/os","requiredTags":"rhel-5-ibm-system-z","gpgUrl":"file:///etc/pki/rpm-gpg/RPM-GPG-KEY-redhat-release","modifiedProductIds":[],"arches":"s390x","metadataExpire":86401,"uuid":"8a99f9815e62e65a015e7119ec5b1b4f","releaseVersion":null},"enabled":false},{"content":{"created":"2017-09-11T09:21:17.000+0000","updated":"2017-09-11T09:21:17.000+0000","id":"3696","type":"yum","label":"rhel-5-server-satellite-5.5-source-rpms","name":"Red Hat Satellite 5.5 (for RHEL 5 Server) (Source RPMs)","vendor":"Red Hat","contentUrl":"/content/dist/rhel/server/5/$releasever/$basearch/satellite/5.5/source/SRPMS","requiredTags":"rhel-5-server","gpgUrl":"file:///etc/pki/rpm-gpg/RPM-GPG-KEY-redhat-release","modifiedProductIds":[],"arches":"x86_64","metadataExpire":86400,"uuid":"8a99f9815e62e65a015e7119ec5e1b96","releaseVersion":null},"enabled":false},{"content":{"created":"2017-09-11T09:21:17.000+0000","updated":"2017-09-11T09:21:17.000+0000","id":"3675","type":"yum","label":"rhel-5-system-z-satellite-5.2-source-rpms","name":"Red Hat Satellite 5.2 (for RHEL 5 System Z) (Source RPMs)","vendor":"Red Hat","contentUrl":"/content/dist/rhel/system-z/5/$releasever/$basearch/satellite/5.2/source/SRPMS","requiredTags":"rhel-5-ibm-system-z","gpgUrl":"file:///etc/pki/rpm-gpg/RPM-GPG-KEY-redhat-release","modifiedProductIds":[],"arches":"s390x","metadataExpire":86402,"uuid":"8a99f9815e62e65a015e7119ec5b1b4d","releaseVersion":null},"enabled":false},{"content":{"created":"2017-09-11T09:21:17.000+0000","updated":"2017-09-11T09:21:17.000+0000","id":"3697","type":"file","label":"rhel-5-server-satellite-5.5-isos","name":"Red Hat Satellite 5.5 (for RHEL 5 Server) (ISOs)","vendor":"Red Hat","contentUrl":"/content/dist/rhel/server/5/$releasever/$basearch/satellite/5.5/iso","requiredTags":"rhel-5-server","gpgUrl":"http://","modifiedProductIds":[],"arches":"x86_64","metadataExpire":86400,"uuid":"8a99f9815e62e65a015e7119ec5e1b95","releaseVersion":null},"enabled":false},{"content":{"created":"2017-09-11T09:21:17.000+0000","updated":"2017-09-11T09:21:17.000+0000","id":"3676","type":"file","label":"rhel-5-system-z-satellite-5.2-isos","name":"Red Hat Satellite 5.2 (for RHEL 5 System Z) (ISOs)","vendor":"Red Hat","contentUrl":"/content/dist/rhel/system-z/5/$releasever/$basearch/satellite/5.2/iso","requiredTags":"rhel-5-ibm-system-z","gpgUrl":"http://","modifiedProductIds":[],"arches":"s390x","metadataExpire":86400,"uuid":"8a99f9815e62e65a015e7119ec5b1b4c","releaseVersion":null},"enabled":false},{"content":{"created":"2017-09-11T09:21:17.000+0000","updated":"2017-09-11T09:21:17.000+0000","id":"3698","type":"yum","label":"rhel-5-system-z-satellite-5.5-rpms","name":"Red Hat Satellite 5.5 (for RHEL 5 System Z) (RPMs)","vendor":"Red Hat","contentUrl":"/content/dist/rhel/system-z/5/$releasever/$basearch/satellite/5.5/os","requiredTags":"rhel-5-ibm-system-z","gpgUrl":"file:///etc/pki/rpm-gpg/RPM-GPG-KEY-redhat-release","modifiedProductIds":[],"arches":"s390x","metadataExpire":86400,"uuid":"8a99f9815e62e65a015e7119ec5e1b94","releaseVersion":null},"enabled":false},{"content":{"created":"2017-09-11T09:21:17.000+0000","updated":"2017-09-11T09:21:17.000+0000","id":"3677","type":"yum","label":"rhel-5-server-satellite-5.3-rpms","name":"Red Hat Satellite 5.3 (for RHEL 5 Server) (RPMs)","vendor":"Red Hat","contentUrl":"/content/dist/rhel/server/5/$releasever/$basearch/satellite/5.3/os","requiredTags":"rhel-5-server","gpgUrl":"file:///etc/pki/rpm-gpg/RPM-GPG-KEY-redhat-release","modifiedProductIds":[],"arches":"x86,x86_64","metadataExpire":86400,"uuid":"8a99f9815e62e65a015e7119ec5b1b4b","releaseVersion":null},"enabled":false},{"content":{"created":"2017-09-11T09:21:17.000+0000","updated":"2017-09-11T09:21:17.000+0000","id":"3699","type":"yum","label":"rhel-5-system-z-satellite-5.5-source-rpms","name":"Red Hat Satellite 5.5 (for RHEL 5 System Z) (Source RPMs)","vendor":"Red Hat","contentUrl":"/content/dist/rhel/system-z/5/$releasever/$basearch/satellite/5.5/source/SRPMS","requiredTags":"rhel-5-ibm-system-z","gpgUrl":"file:///etc/pki/rpm-gpg/RPM-GPG-KEY-redhat-release","modifiedProductIds":[],"arches":"s390x","metadataExpire":86400,"uuid":"8a99f9815e62e65a015e7119ec5e1b91","releaseVersion":null},"enabled":false},{"content":{"created":"2017-09-11T09:21:17.000+0000","updated":"2017-09-11T09:21:17.000+0000","id":"3678","type":"yum","label":"rhel-5-server-satellite-5.3-source-rpms","name":"Red Hat Satellite 5.3 (for RHEL 5 Server) (Source RPMs)","vendor":"Red Hat","contentUrl":"/content/dist/rhel/server/5/$releasever/$basearch/satellite/5.3/source/SRPMS","requiredTags":"rhel-5-server","gpgUrl":"file:///etc/pki/rpm-gpg/RPM-GPG-KEY-redhat-release","modifiedProductIds":[],"arches":"x86,x86_64","metadataExpire":86400,"uuid":"8a99f9815e62e65a015e7119ec5b1b54","releaseVersion":null},"enabled":false},{"content":{"created":"2017-09-11T09:21:17.000+0000","updated":"2017-09-11T09:21:17.000+0000","id":"3679","type":"file","label":"rhel-5-server-satellite-5.3-isos","name":"Red Hat Satellite 5.3 (for RHEL 5 Server) (ISOs)","vendor":"Red Hat","contentUrl":"/content/dist/rhel/server/5/$releasever/$basearch/satellite/5.3/iso","requiredTags":"rhel-5-server","gpgUrl":"http://","modifiedProductIds":[],"arches":"x86,x86_64","metadataExpire":86400,"uuid":"8a99f9815e62e65a015e7119ec5b1b53","releaseVersion":null},"enabled":false},{"content":{"created":"2017-09-11T09:21:17.000+0000","updated":"2017-09-11T09:21:17.000+0000","id":"3690","type":"yum","label":"rhel-6-server-satellite-5.4-source-rpms","name":"Red Hat Satellite 5.4 (for RHEL 6 Server) (Source RPMs)","vendor":"Red Hat","contentUrl":"/content/dist/rhel/server/6/$releasever/$basearch/satellite/5.4/source/SRPMS","requiredTags":"rhel-6-server","gpgUrl":"file:///etc/pki/rpm-gpg/RPM-GPG-KEY-redhat-release","modifiedProductIds":[],"arches":"x86,x86_64","metadataExpire":86400,"uuid":"8a99f9815e62e65a015e7119ec5b1b5e","releaseVersion":null},"enabled":false},{"content":{"created":"2017-09-11T09:21:17.000+0000","updated":"2017-09-11T09:21:17.000+0000","id":"3691","type":"file","label":"rhel-6-server-satellite-5.4-isos","name":"Red Hat Satellite 5.4 (for RHEL 6 Server) (ISOs)","vendor":"Red Hat","contentUrl":"/content/dist/rhel/server/6/$releasever/$basearch/satellite/5.4/iso","requiredTags":"rhel-6-server","gpgUrl":"http://","modifiedProductIds":[],"arches":"x86,x86_64","metadataExpire":86400,"uuid":"8a99f9815e62e65a015e7119ec5c1b5f","releaseVersion":null},"enabled":false},{"content":{"created":"2017-09-11T09:21:17.000+0000","updated":"2017-09-11T09:21:17.000+0000","id":"3692","type":"yum","label":"rhel-6-system-z-satellite-5.4-rpms","name":"Red Hat Satellite 5.4 (for RHEL 6 System Z) (RPMs)","vendor":"Red Hat","contentUrl":"/content/dist/rhel/system-z/6/$releasever/$basearch/satellite/5.4/os","requiredTags":"rhel-6-ibm-system-z","gpgUrl":"file:///etc/pki/rpm-gpg/RPM-GPG-KEY-redhat-release","modifiedProductIds":[],"arches":"s390x","metadataExpire":86401,"uuid":"8a99f9815e62e65a015e7119ec5c1b61","releaseVersion":null},"enabled":false},{"content":{"created":"2017-09-11T09:21:17.000+0000","updated":"2017-09-11T09:21:17.000+0000","id":"3693","type":"yum","label":"rhel-6-system-z-satellite-5.4-source-rpms","name":"Red Hat Satellite 5.4 (for RHEL 6 System Z) (Source RPMs)","vendor":"Red Hat","contentUrl":"/content/dist/rhel/system-z/6/$releasever/$basearch/satellite/5.4/source/SRPMS","requiredTags":"rhel-6-ibm-system-z","gpgUrl":"file:///etc/pki/rpm-gpg/RPM-GPG-KEY-redhat-release","modifiedProductIds":[],"arches":"s390x","metadataExpire":86402,"uuid":"8a99f9815e62e65a015e7119ec5c1b62","releaseVersion":null},"enabled":false},{"content":{"created":"2017-09-11T09:21:17.000+0000","updated":"2017-09-11T09:21:17.000+0000","id":"3671","type":"yum","label":"rhel-5-server-satellite-5.2-rpms","name":"Red Hat Satellite 5.2 (for RHEL 5 Server) (RPMs)","vendor":"Red Hat","contentUrl":"/content/dist/rhel/server/5/$releasever/$basearch/satellite/5.2/os","requiredTags":"rhel-5-server","gpgUrl":"file:///etc/pki/rpm-gpg/RPM-GPG-KEY-redhat-release","modifiedProductIds":[],"arches":"x86,x86_64","metadataExpire":86400,"uuid":"8a99f9815e62e65a015e7119ec641c15","releaseVersion":null},"enabled":false},{"content":{"created":"2017-09-11T09:21:17.000+0000","updated":"2017-09-11T09:21:17.000+0000","id":"3694","type":"file","label":"rhel-6-system-z-satellite-5.4-isos","name":"Red Hat Satellite 5.4 (for RHEL 6 System Z) (ISOs)","vendor":"Red Hat","contentUrl":"/content/dist/rhel/system-z/6/$releasever/$basearch/satellite/5.4/iso","requiredTags":"rhel-6-ibm-system-z","gpgUrl":"http://","modifiedProductIds":[],"arches":"s390x","metadataExpire":86400,"uuid":"8a99f9815e62e65a015e7119ec5c1b63","releaseVersion":null},"enabled":false},{"content":{"created":"2017-09-11T09:21:17.000+0000","updated":"2017-09-11T09:21:17.000+0000","id":"3672","type":"yum","label":"rhel-5-server-satellite-5.2-source-rpms","name":"Red Hat Satellite 5.2 (for RHEL 5 Server) (Source RPMs)","vendor":"Red Hat","contentUrl":"/content/dist/rhel/server/5/$releasever/$basearch/satellite/5.2/source/SRPMS","requiredTags":"rhel-5-server","gpgUrl":"file:///etc/pki/rpm-gpg/RPM-GPG-KEY-redhat-release","modifiedProductIds":[],"arches":"x86,x86_64","metadataExpire":86400,"uuid":"8a99f9815e62e65a015e7119ec641c19","releaseVersion":null},"enabled":false},{"content":{"created":"2017-09-11T09:21:17.000+0000","updated":"2017-09-11T09:21:17.000+0000","id":"3695","type":"yum","label":"rhel-5-server-satellite-5.5-rpms","name":"Red Hat Satellite 5.5 (for RHEL 5 Server) (RPMs)","vendor":"Red Hat","contentUrl":"/content/dist/rhel/server/5/$releasever/$basearch/satellite/5.5/os","requiredTags":"rhel-5-server","gpgUrl":"file:///etc/pki/rpm-gpg/RPM-GPG-KEY-redhat-release","modifiedProductIds":[],"arches":"x86_64","metadataExpire":86400,"uuid":"8a99f9815e62e65a015e7119ec5c1b65","releaseVersion":null},"enabled":false},{"content":{"created":"2017-09-11T09:21:17.000+0000","updated":"2017-09-11T09:21:17.000+0000","id":"3673","type":"file","label":"rhel-5-server-satellite-5.2-isos","name":"Red Hat Satellite 5.2 (for RHEL 5 Server) (ISOs)","vendor":"Red Hat","contentUrl":"/content/dist/rhel/server/5/$releasever/$basearch/satellite/5.2/iso","requiredTags":"rhel-5-server","gpgUrl":"http://","modifiedProductIds":[],"arches":"x86,x86_64","metadataExpire":86400,"uuid":"8a99f9815e62e65a015e7119ec641c18","releaseVersion":null},"enabled":false},{"content":{"created":"2017-09-11T09:21:17.000+0000","updated":"2017-09-11T09:21:17.000+0000","id":"3704","type":"yum","label":"rhel-6-system-z-satellite-5.5-rpms","name":"Red Hat Satellite 5.5 (for RHEL 6 System Z) (RPMs)","vendor":"Red Hat","contentUrl":"/content/dist/rhel/system-z/6/$releasever/$basearch/satellite/5.5/os","requiredTags":"rhel-6-ibm-system-z","gpgUrl":"file:///etc/pki/rpm-gpg/RPM-GPG-KEY-redhat-release","modifiedProductIds":[],"arches":"s390x","metadataExpire":86400,"uuid":"8a99f9815e62e65a015e7119ec701ccc","releaseVersion":null},"enabled":false},{"content":{"created":"2017-09-11T09:21:17.000+0000","updated":"2017-09-11T09:21:17.000+0000","id":"3705","type":"yum","label":"rhel-6-system-z-satellite-5.5-source-rpms","name":"Red Hat Satellite 5.5 (for RHEL 6 System Z) (Source RPMs)","vendor":"Red Hat","contentUrl":"/content/dist/rhel/system-z/6/$releasever/$basearch/satellite/5.5/source/SRPMS","requiredTags":"rhel-6-ibm-system-z","gpgUrl":"file:///etc/pki/rpm-gpg/RPM-GPG-KEY-redhat-release","modifiedProductIds":[],"arches":"s390x","metadataExpire":86400,"uuid":"8a99f9815e62e65a015e7119ec701ccd","releaseVersion":null},"enabled":false},{"content":{"created":"2017-09-11T09:21:17.000+0000","updated":"2017-09-11T09:21:17.000+0000","id":"3706","type":"file","label":"rhel-6-system-z-satellite-5.5-isos","name":"Red Hat Satellite 5.5 (for RHEL 6 System Z) (ISOs)","vendor":"Red Hat","contentUrl":"/content/dist/rhel/system-z/6/$releasever/$basearch/satellite/5.5/iso","requiredTags":"rhel-6-ibm-system-z","gpgUrl":"http://","modifiedProductIds":[],"arches":"s390x","metadataExpire":86400,"uuid":"8a99f9815e62e65a015e7119ec701cc8","releaseVersion":null},"enabled":false},{"content":{"created":"2017-09-11T09:21:17.000+0000","updated":"2017-09-11T09:21:17.000+0000","id":"3685","type":"file","label":"rhel-5-server-satellite-5.4-isos","name":"Red Hat Satellite 5.4 (for RHEL 5 Server) (ISOs)","vendor":"Red Hat","contentUrl":"/content/dist/rhel/server/5/$releasever/$basearch/satellite/5.4/iso","requiredTags":"rhel-5-server","gpgUrl":"http://","modifiedProductIds":[],"arches":"x86,x86_64","metadataExpire":86400,"uuid":"8a99f9815e62e65a015e7119ec5c1b6a","releaseVersion":null},"enabled":false},{"content":{"created":"2017-09-11T09:21:17.000+0000","updated":"2017-09-11T09:21:17.000+0000","id":"3686","type":"yum","label":"rhel-5-system-z-satellite-5.4-rpms","name":"Red Hat Satellite 5.4 (for RHEL 5 System Z) (RPMs)","vendor":"Red Hat","contentUrl":"/content/dist/rhel/system-z/5/$releasever/$basearch/satellite/5.4/os","requiredTags":"rhel-5-ibm-system-z","gpgUrl":"file:///etc/pki/rpm-gpg/RPM-GPG-KEY-redhat-release","modifiedProductIds":[],"arches":"s390x","metadataExpire":86401,"uuid":"8a99f9815e62e65a015e7119ec5c1b67","releaseVersion":null},"enabled":false},{"content":{"created":"2017-09-11T09:21:17.000+0000","updated":"2017-09-11T09:21:17.000+0000","id":"3687","type":"yum","label":"rhel-5-system-z-satellite-5.4-source-rpms","name":"Red Hat Satellite 5.4 (for RHEL 5 System Z) (Source RPMs)","vendor":"Red Hat","contentUrl":"/content/dist/rhel/system-z/5/$releasever/$basearch/satellite/5.4/source/SRPMS","requiredTags":"rhel-5-ibm-system-z","gpgUrl":"file:///etc/pki/rpm-gpg/RPM-GPG-KEY-redhat-release","modifiedProductIds":[],"arches":"s390x","metadataExpire":86402,"uuid":"8a99f9815e62e65a015e7119ec5c1b6e","releaseVersion":null},"enabled":false},{"content":{"created":"2017-09-11T09:21:17.000+0000","updated":"2017-09-11T09:21:17.000+0000","id":"3688","type":"file","label":"rhel-5-system-z-satellite-5.4-isos","name":"Red Hat Satellite 5.4 (for RHEL 5 System Z) (ISOs)","vendor":"Red Hat","contentUrl":"/content/dist/rhel/system-z/5/$releasever/$basearch/satellite/5.4/iso","requiredTags":"rhel-5-ibm-system-z","gpgUrl":"http://","modifiedProductIds":[],"arches":"s390x","metadataExpire":86400,"uuid":"8a99f9815e62e65a015e7119ec5c1b6b","releaseVersion":null},"enabled":false},{"content":{"created":"2017-09-11T09:21:17.000+0000","updated":"2017-09-11T09:21:17.000+0000","id":"3689","type":"yum","label":"rhel-6-server-satellite-5.4-rpms","name":"Red Hat Satellite 5.4 (for RHEL 6 Server) (RPMs)","vendor":"Red Hat","contentUrl":"/content/dist/rhel/server/6/$releasever/$basearch/satellite/5.4/os","requiredTags":"rhel-6-server","gpgUrl":"file:///etc/pki/rpm-gpg/RPM-GPG-KEY-redhat-release","modifiedProductIds":[],"arches":"x86,x86_64","metadataExpire":86400,"uuid":"8a99f9815e62e65a015e7119ec5c1b6f","releaseVersion":null},"enabled":false},{"content":{"created":"2017-09-11T09:21:17.000+0000","updated":"2017-09-11T09:21:17.000+0000","id":"3700","type":"file","label":"rhel-5-system-z-satellite-5.5-isos","name":"Red Hat Satellite 5.5 (for RHEL 5 System Z) (ISOs)","vendor":"Red Hat","contentUrl":"/content/dist/rhel/system-z/5/$releasever/$basearch/satellite/5.5/iso","requiredTags":"rhel-5-ibm-system-z","gpgUrl":"http://","modifiedProductIds":[],"arches":"s390x","metadataExpire":86400,"uuid":"8a99f9815e62e65a015e7119ec711cdc","releaseVersion":null},"enabled":false},{"content":{"created":"2017-09-11T09:21:17.000+0000","updated":"2017-09-11T09:21:17.000+0000","id":"3701","type":"yum","label":"rhel-6-server-satellite-5.5-rpms","name":"Red Hat Satellite 5.5 (for RHEL 6 Server) (RPMs)","vendor":"Red Hat","contentUrl":"/content/dist/rhel/server/6/$releasever/$basearch/satellite/5.5/os","requiredTags":"rhel-6-server","gpgUrl":"file:///etc/pki/rpm-gpg/RPM-GPG-KEY-redhat-release","modifiedProductIds":[],"arches":"x86_64","metadataExpire":86400,"uuid":"8a99f9815e62e65a015e7119ec711cde","releaseVersion":null},"enabled":false},{"content":{"created":"2017-09-11T09:21:17.000+0000","updated":"2017-09-11T09:21:17.000+0000","id":"3702","type":"yum","label":"rhel-6-server-satellite-5.5-source-rpms","name":"Red Hat Satellite 5.5 (for RHEL 6 Server) (Source RPMs)","vendor":"Red Hat","contentUrl":"/content/dist/rhel/server/6/$releasever/$basearch/satellite/5.5/source/SRPMS","requiredTags":"rhel-6-server","gpgUrl":"file:///etc/pki/rpm-gpg/RPM-GPG-KEY-redhat-release","modifiedProductIds":[],"arches":"x86_64","metadataExpire":86400,"uuid":"8a99f9815e62e65a015e7119ec711cd9","releaseVersion":null},"enabled":false},{"content":{"created":"2017-09-11T09:21:17.000+0000","updated":"2017-09-11T09:21:17.000+0000","id":"3703","type":"file","label":"rhel-6-server-satellite-5.5-isos","name":"Red Hat Satellite 5.5 (for RHEL 6 Server) (ISOs)","vendor":"Red Hat","contentUrl":"/content/dist/rhel/server/6/$releasever/$basearch/satellite/5.5/iso","requiredTags":"rhel-6-server","gpgUrl":"http://","modifiedProductIds":[],"arches":"x86_64","metadataExpire":86400,"uuid":"8a99f9815e62e65a015e7119ec711cda","releaseVersion":null},"enabled":false}],"dependentProductIds":[]}