{"created":"2017-09-11T09:22:56.000+0000","updated":"2017-09-11T09:22:56.000+0000","uuid":"8a99f9815e62e65a015e711b6f1f2356","multiplier":1,"id":"263","name":"Red Hat Satellite 5 Managed DB","attributes":[{"name":"name","value":"Red Hat Satellite 5 Managed DB"},{"name":"arch","value":"s390x,x86_64"},{"name":"type","value":"SVC"}],"productContent":[{"content":{"created":"2017-09-11T09:22:24.000+0000","updated":"2017-09-11T09:22:24.000+0000","id":"5661","type":"yum","label":"rhel-6-server-satellite-manageddb-5.8-rpms","name":"Red Hat Satellite Managed DB 5.8 (for RHEL 6 Server) (RPMs)","vendor":"Red Hat","contentUrl":"/content/dist/rhel/server/6/6Server/$basearch/satellite-manageddb/5.8/os","requiredTags":"rhel-6-server","gpgUrl":"file:///etc/pki/rpm-gpg/RPM-GPG-KEY-redhat-release","modifiedProductIds":[],"arches":"x86_64","metadataExpire":86400,"uuid":"8a99f9815e62e65a015e711aefc52317","releaseVersion":null},"enabled":false},{"content":{"created":"2017-09-11T09:22:24.000+0000","updated":"2017-09-11T09:22:24.000+0000","id":"5662","type":"yum","label":"rhel-6-server-satellite-manageddb-5.8-source-rpms","name":"Red Hat Satellite Managed DB 5.8 (for RHEL 6 Server) (Source RPMs)","vendor":"Red Hat","contentUrl":"/content/dist/rhel/server/6/6Server/$basearch/satellite-manageddb/5.8/source/SRPMS","requiredTags":"rhel-6-server","gpgUrl":"file:///etc/pki/rpm-gpg/RPM-GPG-KEY-redhat-release","modifiedProductIds":[],"arches":"x86_64","metadataExpire":86400,"uuid":"8a99f9815e62e65a015e711aefc52316","releaseVersion":null},"enabled":false},{"content":{"created":"2017-09-11T09:22:24.000+0000","updated":"2017-09-11T09:22:24.000+0000","id":"5663","type":"yum","label":"rhel-6-server-satellite-manageddb-5.8-debug-rpms","name":"Red Hat Satellite Managed DB 5.8 (for RHEL 6 Server) (Debug RPMs)","vendor":"Red Hat","contentUrl":"/content/dist/rhel/server/6/6Server/$basearch/satellite-manageddb/5.8/debug","requiredTags":"rhel-6-server","gpgUrl":"file:///etc/pki/rpm-gpg/RPM-GPG-KEY-redhat-release","modifiedProductIds":[],"arches":"x86_64","metadataExpire":86400,"uuid":"8a99f9815e62e65a015e711aefc52312","releaseVersion":null},"enabled":false},{"content":{"created":"2017-09-11T09:21:17.000+0000","updated":"2017-09-11T09:21:17.000+0000","id":"3718","type":"yum","label":"rhel-5-server-satellite-manageddb-5.6-rpms","name":"Red Hat Satellite Managed DB 5.6 (for RHEL 5 Server) (RPMs)","vendor":"Red Hat","contentUrl":"/content/dist/rhel/server/5/$releasever/$basearch/satellite-manageddb/5.6/os","requiredTags":"rhel-5-server","gpgUrl":"file:///etc/pki/rpm-gpg/RPM-GPG-KEY-redhat-release","modifiedProductIds":[],"arches":"x86_64","metadataExpire":86400,"uuid":"8a99f9815e62e65a015e7119ec671c57","releaseVersion":null},"enabled":false},{"content":{"created":"2017-09-11T09:21:17.000+0000","updated":"2017-09-11T09:21:17.000+0000","id":"3719","type":"yum","label":"rhel-5-server-satellite-manageddb-5.6-source-rpms","name":"Red Hat Satellite Managed DB 5.6 (for RHEL 5 Server) (Source RPMs)","vendor":"Red Hat","contentUrl":"/content/dist/rhel/server/5/$releasever/$basearch/satellite-manageddb/5.6/source/SRPMS","requiredTags":"rhel-5-server","gpgUrl":"file:///etc/pki/rpm-gpg/RPM-GPG-KEY-redhat-release","modifiedProductIds":[],"arches":"x86_64","metadataExpire":86400,"uuid":"8a99f9815e62e65a015e7119ec671c50","releaseVersion":null},"enabled":false},{"content":{"created":"2017-09-11T09:22:24.000+0000","updated":"2017-09-11T09:22:24.000+0000","id":"5665","type":"yum","label":"rhel-6-system-z-satellite-manageddb-5.8-rpms","name":"Red Hat Satellite Managed DB 5.8 (for RHEL 6 System Z) (RPMs)","vendor":"Red Hat","contentUrl":"/content/dist/rhel/system-z/6/6Server/$basearch/satellite-manageddb/5.8/os","requiredTags":"rhel-6-ibm-system-z","gpgUrl":"file:///etc/pki/rpm-gpg/RPM-GPG-KEY-redhat-release","modifiedProductIds":[],"arches":"s390x","metadataExpire":86400,"uuid":"8a99f9815e62e65a015e711aefc6232d","releaseVersion":null},"enabled":false},{"content":{"created":"2017-09-11T09:21:17.000+0000","updated":"2017-09-11T09:21:17.000+0000","id":"4016","type":"yum","label":"rhel-6-server-satellite-manageddb-5.7-rpms","name":"Red Hat Satellite Managed DB 5.7 (for RHEL 6 Server) (RPMs)","vendor":"Red Hat","contentUrl":"/content/dist/rhel/server/6/$releasever/$basearch/satellite-manageddb/5.7/os","requiredTags":"rhel-6-server","gpgUrl":"file:///etc/pki/rpm-gpg/RPM-GPG-KEY-redhat-release","modifiedProductIds":[],"arches":"x86_64","metadataExpire":86400,"uuid":"8a99f9815e62e65a015e7119ec5e1b9e","releaseVersion":null},"enabled":false},{"content":{"created":"2017-09-11T09:22:24.000+0000","updated":"2017-09-11T09:22:24.000+0000","id":"5666","type":"yum","label":"rhel-6-system-z-satellite-manageddb-5.8-source-rpms","name":"Red Hat Satellite Managed DB 5.8 (for RHEL 6 System Z) (Source RPMs)","vendor":"Red Hat","contentUrl":"/content/dist/rhel/system-z/6/6Server/$basearch/satellite-manageddb/5.8/source/SRPMS","requiredTags":"rhel-6-ibm-system-z","gpgUrl":"file:///etc/pki/rpm-gpg/RPM-GPG-KEY-redhat-release","modifiedProductIds":[],"arches":"s390x","metadataExpire":86400,"uuid":"8a99f9815e62e65a015e711aefc6232e","releaseVersion":null},"enabled":false},{"content":{"created":"2017-09-11T09:21:17.000+0000","updated":"2017-09-11T09:21:17.000+0000","id":"4017","type":"yum","label":"rhel-6-server-satellite-manageddb-5.7-source-rpms","name":"Red Hat Satellite Managed DB 5.7 (for RHEL 6 Server) (Source RPMs)","vendor":"Red Hat","contentUrl":"/content/dist/rhel/server/6/$releasever/$basearch/satellite-manageddb/5.7/source/SRPMS","requiredTags":"rhel-6-server","gpgUrl":"file:///etc/pki/rpm-gpg/RPM-GPG-KEY-redhat-release","modifiedProductIds":[],"arches":"x86_64","metadataExpire":86400,"uuid":"8a99f9815e62e65a015e7119ec5e1b99","releaseVersion":null},"enabled":false},{"content":{"created":"2017-09-11T09:21:17.000+0000","updated":"2017-09-11T09:21:17.000+0000","id":"3720","type":"yum","label":"rhel-5-system-z-satellite-manageddb-5.6-rpms","name":"Red Hat Satellite Managed DB 5.6 (for RHEL 5 System Z) (RPMs)","vendor":"Red Hat","contentUrl":"/content/dist/rhel/system-z/5/$releasever/$basearch/satellite-manageddb/5.6/os","requiredTags":"rhel-5-ibm-system-z","gpgUrl":"file:///etc/pki/rpm-gpg/RPM-GPG-KEY-redhat-release","modifiedProductIds":[],"arches":"s390x","metadataExpire":86400,"uuid":"8a99f9815e62e65a015e7119ec651c32","releaseVersion":null},"enabled":false},{"content":{"created":"2017-09-11T09:22:24.000+0000","updated":"2017-09-11T09:22:24.000+0000","id":"5667","type":"yum","label":"rhel-6-system-z-satellite-manageddb-5.8-debug-rpms","name":"Red Hat Satellite Managed DB 5.8 (for RHEL 6 System Z) (Debug RPMs)","vendor":"Red Hat","contentUrl":"/content/dist/rhel/system-z/6/6Server/$basearch/satellite-manageddb/5.8/debug","requiredTags":"rhel-6-ibm-system-z","gpgUrl":"file:///etc/pki/rpm-gpg/RPM-GPG-KEY-redhat-release","modifiedProductIds":[],"arches":"s390x","metadataExpire":86400,"uuid":"8a99f9815e62e65a015e711aefc6232f","releaseVersion":null},"enabled":false},{"content":{"created":"2017-09-11T09:21:17.000+0000","updated":"2017-09-11T09:21:17.000+0000","id":"4018","type":"yum","label":"rhel-6-system-z-satellite-manageddb-5.7-rpms","name":"Red Hat Satellite Managed DB 5.7 (for RHEL 6 System Z) (RPMs)","vendor":"Red Hat","contentUrl":"/content/dist/rhel/system-z/6/$releasever/$basearch/satellite-manageddb/5.7/os","requiredTags":"rhel-6-ibm-system-z","gpgUrl":"file:///etc/pki/rpm-gpg/RPM-GPG-KEY-redhat-release","modifiedProductIds":[],"arches":"s390x","metadataExpire":86400,"uuid":"8a99f9815e62e65a015e7119ec5e1b9b","releaseVersion":null},"enabled":false},{"content":{"created":"2017-09-11T09:21:17.000+0000","updated":"2017-09-11T09:21:17.000+0000","id":"3721","type":"yum","label":"rhel-5-system-z-satellite-manageddb-5.6-source-rpms","name":"Red Hat Satellite Managed DB 5.6 (for RHEL 5 System Z) (Source RPMs)","vendor":"Red Hat","contentUrl":"/content/dist/rhel/system-z/5/$releasever/$basearch/satellite-manageddb/5.6/source/SRPMS","requiredTags":"rhel-5-ibm-system-z","gpgUrl":"file:///etc/pki/rpm-gpg/RPM-GPG-KEY-redhat-release","modifiedProductIds":[],"arches":"s390x","metadataExpire":86400,"uuid":"8a99f9815e62e65a015e7119ec651c30","releaseVersion":null},"enabled":false},{"content":{"created":"2017-09-11T09:21:17.000+0000","updated":"2017-09-11T09:21:17.000+0000","id":"4019","type":"yum","label":"rhel-6-system-z-satellite-manageddb-5.7-source-rpms","name":"Red Hat Satellite Managed DB 5.7 (for RHEL 6 System Z) (Source RPMs)","vendor":"Red Hat","contentUrl":"/content/dist/rhel/system-z/6/$releasever/$basearch/satellite-manageddb/5.7/source/SRPMS","requiredTags":"rhel-6-ibm-system-z","gpgUrl":"file:///etc/pki/rpm-gpg/RPM-GPG-KEY-redhat-release","modifiedProductIds":[],"arches":"s390x","metadataExpire":86400,"uuid":"8a99f9815e62e65a015e7119ec5e1b98","releaseVersion":null},"enabled":false},{"content":{"created":"2017-09-11T09:21:17.000+0000","updated":"2017-09-11T09:21:17.000+0000","id":"3722","type":"yum","label":"rhel-6-server-satellite-manageddb-5.6-rpms","name":"Red Hat Satellite Managed DB 5.6 (for RHEL 6 Server) (RPMs)","vendor":"Red Hat","contentUrl":"/content/dist/rhel/server/6/$releasever/$basearch/satellite-manageddb/5.6/os","requiredTags":"rhel-6-server","gpgUrl":"file:///etc/pki/rpm-gpg/RPM-GPG-KEY-redhat-release","modifiedProductIds":[],"arches":"x86_64","metadataExpire":86400,"uuid":"8a99f9815e62e65a015e7119ec651c2f","releaseVersion":null},"enabled":false},{"content":{"created":"2017-09-11T09:21:17.000+0000","updated":"2017-09-11T09:21:17.000+0000","id":"3723","type":"yum","label":"rhel-6-server-satellite-manageddb-5.6-source-rpms","name":"Red Hat Satellite Managed DB 5.6 (for RHEL 6 Server) (Source RPMs)","vendor":"Red Hat","contentUrl":"/content/dist/rhel/server/6/$releasever/$basearch/satellite-manageddb/5.6/source/SRPMS","requiredTags":"rhel-6-server","gpgUrl":"file:///etc/pki/rpm-gpg/RPM-GPG-KEY-redhat-release","modifiedProductIds":[],"arches":"x86_64","metadataExpire":86400,"uuid":"8a99f9815e62e65a015e7119ec651c2e","releaseVersion":null},"enabled":false},{"content":{"created":"2017-09-11T09:21:17.000+0000","updated":"2017-09-11T09:21:17.000+0000","id":"3724","type":"yum","label":"rhel-6-system-z-satellite-manageddb-5.6-rpms","name":"Red Hat Satellite Managed DB 5.6 (for RHEL 6 System Z) (RPMs)","vendor":"Red Hat","contentUrl":"/content/dist/rhel/system-z/6/$releasever/$basearch/satellite-manageddb/5.6/os","requiredTags":"rhel-6-ibm-system-z","gpgUrl":"file:///etc/pki/rpm-gpg/RPM-GPG-KEY-redhat-release","modifiedProductIds":[],"arches":"s390x","metadataExpire":86400,"uuid":"8a99f9815e62e65a015e7119ec651c2d","releaseVersion":null},"enabled":false},{"content":{"created":"2017-09-11T09:21:17.000+0000","updated":"2017-09-11T09:21:17.000+0000","id":"3725","type":"yum","label":"rhel-6-system-z-satellite-manageddb-5.6-source-rpms","name":"Red Hat Satellite Managed DB 5.6 (for RHEL 6 System Z) (Source RPMs)","vendor":"Red Hat","contentUrl":"/content/dist/rhel/system-z/6/$releasever/$basearch/satellite-manageddb/5.6/source/SRPMS","requiredTags":"rhel-6-ibm-system-z","gpgUrl":"file:///etc/pki/rpm-gpg/RPM-GPG-KEY-redhat-release","modifiedProductIds":[],"arches":"s390x","metadataExpire":86400,"uuid":"8a99f9815e62e65a015e7119ec651c2c","releaseVersion":null},"enabled":false}],"dependentProductIds":[]}