{"created":"2017-09-11T09:22:56.000+0000","updated":"2017-09-11T09:22:56.000+0000","uuid":"8a99f9815e62e65a015e711b6f202366","multiplier":1,"id":"264","name":"Red Hat Satellite Proxy","attributes":[{"name":"name","value":"Red Hat Satellite Proxy"},{"name":"arch","value":"s390x,x86,x86_64"},{"name":"type","value":"SVC"}],"productContent":[{"content":{"created":"2017-09-11T09:21:17.000+0000","updated":"2017-09-11T09:21:17.000+0000","id":"4892","type":"yum","label":"rhel-6-server-satellite-proxy-5.7-rpms","name":"Red Hat Satellite Proxy 5.7 (for RHEL 6 Server) (RPMs)","vendor":"Red Hat","contentUrl":"/content/dist/rhel/server/6/$releasever/$basearch/satellite-proxy/5.7/os","requiredTags":"rhel-6-server","gpgUrl":"file:///etc/pki/rpm-gpg/RPM-GPG-KEY-redhat-release","modifiedProductIds":[],"arches":"x86_64","metadataExpire":86400,"uuid":"8a99f9815e62e65a015e7119ec671c5a","releaseVersion":null},"enabled":false},{"content":{"created":"2017-09-11T09:21:17.000+0000","updated":"2017-09-11T09:21:17.000+0000","id":"4893","type":"yum","label":"rhel-6-server-satellite-proxy-5.7-source-rpms","name":"Red Hat Satellite Proxy 5.7 (for RHEL 6 Server) (Source RPMs)","vendor":"Red Hat","contentUrl":"/content/dist/rhel/server/6/$releasever/$basearch/satellite-proxy/5.7/source/SRPMS","requiredTags":"rhel-6-server","gpgUrl":"file:///etc/pki/rpm-gpg/RPM-GPG-KEY-redhat-release","modifiedProductIds":[],"arches":"x86_64","metadataExpire":86400,"uuid":"8a99f9815e62e65a015e7119ec671c5d","releaseVersion":null},"enabled":false},{"content":{"created":"2017-09-11T09:21:17.000+0000","updated":"2017-09-11T09:21:17.000+0000","id":"4894","type":"yum","label":"rhel-6-system-z-satellite-proxy-5.7-rpms","name":"Red Hat Satellite Proxy 5.7 (for RHEL 6 System Z) (RPMs)","vendor":"Red Hat","contentUrl":"/content/dist/rhel/system-z/6/$releasever/$basearch/satellite-proxy/5.7/os","requiredTags":"rhel-6-ibm-system-z","gpgUrl":"file:///etc/pki/rpm-gpg/RPM-GPG-KEY-redhat-release","modifiedProductIds":[],"arches":"s390x","metadataExpire":86400,"uuid":"8a99f9815e62e65a015e7119ec671c5c","releaseVersion":null},"enabled":false},{"content":{"created":"2017-09-11T09:21:17.000+0000","updated":"2017-09-11T09:21:17.000+0000","id":"3737","type":"yum","label":"rhel-6-server-satellite-proxy-5.4-source-rpms","name":"Red Hat Satellite Proxy 5.4 (for RHEL 6 Server) (Source RPMs)","vendor":"Red Hat","contentUrl":"/content/dist/rhel/server/6/$releasever/$basearch/satellite-proxy/5.4/source/SRPMS","requiredTags":"rhel-6-server","gpgUrl":"file:///etc/pki/rpm-gpg/RPM-GPG-KEY-redhat-release","modifiedProductIds":[],"arches":"x86,x86_64","metadataExpire":86400,"uuid":"8a99f9815e62e65a015e7119ec691c8b","releaseVersion":null},"enabled":false},{"content":{"created":"2017-09-11T09:21:17.000+0000","updated":"2017-09-11T09:21:17.000+0000","id":"3738","type":"yum","label":"rhel-5-system-z-satellite-proxy-5.4-rpms","name":"Red Hat Satellite Proxy 5.4 (for RHEL 5 System Z) (RPMs)","vendor":"Red Hat","contentUrl":"/content/dist/rhel/system-z/5/$releasever/$basearch/satellite-proxy/5.4/os","requiredTags":"rhel-5-ibm-system-z","gpgUrl":"file:///etc/pki/rpm-gpg/RPM-GPG-KEY-redhat-release","modifiedProductIds":[],"arches":"s390x","metadataExpire":86400,"uuid":"8a99f9815e62e65a015e7119ec691c8a","releaseVersion":null},"enabled":false},{"content":{"created":"2017-09-11T09:21:17.000+0000","updated":"2017-09-11T09:21:17.000+0000","id":"3739","type":"yum","label":"rhel-5-system-z-satellite-proxy-5.4-source-rpms","name":"Red Hat Satellite Proxy 5.4 (for RHEL 5 System Z) (Source RPMs)","vendor":"Red Hat","contentUrl":"/content/dist/rhel/system-z/5/$releasever/$basearch/satellite-proxy/5.4/source/SRPMS","requiredTags":"rhel-5-ibm-system-z","gpgUrl":"file:///etc/pki/rpm-gpg/RPM-GPG-KEY-redhat-release","modifiedProductIds":[],"arches":"s390x","metadataExpire":86400,"uuid":"8a99f9815e62e65a015e7119ec691c8c","releaseVersion":null},"enabled":false},{"content":{"created":"2017-09-11T09:21:41.000+0000","updated":"2017-09-11T09:21:41.000+0000","id":"3751","type":"yum","label":"rhel-5-server-satellite-proxy-5.6-source-rpms","name":"Red Hat Satellite Proxy 5.6 (for RHEL 5 Server) (Source RPMs)","vendor":"Red Hat","contentUrl":"/content/dist/rhel/server/5/$releasever/$basearch/satellite-proxy/5.6/source/SRPMS","requiredTags":"rhel-5-server","gpgUrl":"file:///etc/pki/rpm-gpg/RPM-GPG-KEY-redhat-release","modifiedProductIds":[],"arches":"x86_64","metadataExpire":86400,"uuid":"8a99f9815e62e65a015e711a49492190","releaseVersion":null},"enabled":false},{"content":{"created":"2017-09-11T09:21:17.000+0000","updated":"2017-09-11T09:21:17.000+0000","id":"3730","type":"yum","label":"rhel-5-server-satellite-proxy-5.3-rpms","name":"Red Hat Satellite Proxy 5.3 (for RHEL 5 Server) (RPMs)","vendor":"Red Hat","contentUrl":"/content/dist/rhel/server/5/$releasever/$basearch/satellite-proxy/5.3/os","requiredTags":"rhel-5-server","gpgUrl":"file:///etc/pki/rpm-gpg/RPM-GPG-KEY-redhat-release","modifiedProductIds":[],"arches":"x86,x86_64","metadataExpire":86400,"uuid":"8a99f9815e62e65a015e7119ec691c83","releaseVersion":null},"enabled":false},{"content":{"created":"2017-09-11T09:21:41.000+0000","updated":"2017-09-11T09:21:41.000+0000","id":"3752","type":"yum","label":"rhel-6-server-satellite-proxy-5.6-rpms","name":"Red Hat Satellite Proxy 5.6 (for RHEL 6 Server) (RPMs)","vendor":"Red Hat","contentUrl":"/content/dist/rhel/server/6/$releasever/$basearch/satellite-proxy/5.6/os","requiredTags":"rhel-6-server","gpgUrl":"file:///etc/pki/rpm-gpg/RPM-GPG-KEY-redhat-release","modifiedProductIds":[],"arches":"x86_64","metadataExpire":86400,"uuid":"8a99f9815e62e65a015e711a49492191","releaseVersion":null},"enabled":false},{"content":{"created":"2017-09-11T09:21:17.000+0000","updated":"2017-09-11T09:21:17.000+0000","id":"3731","type":"yum","label":"rhel-5-server-satellite-proxy-5.3-source-rpms","name":"Red Hat Satellite Proxy 5.3 (for RHEL 5 Server) (Source RPMs)","vendor":"Red Hat","contentUrl":"/content/dist/rhel/server/5/$releasever/$basearch/satellite-proxy/5.3/source/SRPMS","requiredTags":"rhel-5-server","gpgUrl":"file:///etc/pki/rpm-gpg/RPM-GPG-KEY-redhat-release","modifiedProductIds":[],"arches":"x86,x86_64","metadataExpire":86400,"uuid":"8a99f9815e62e65a015e7119ec691c85","releaseVersion":null},"enabled":false},{"content":{"created":"2017-09-11T09:21:41.000+0000","updated":"2017-09-11T09:21:41.000+0000","id":"3753","type":"yum","label":"rhel-6-server-satellite-proxy-5.6-source-rpms","name":"Red Hat Satellite Proxy 5.6 (for RHEL 6 Server) (Source RPMs)","vendor":"Red Hat","contentUrl":"/content/dist/rhel/server/6/$releasever/$basearch/satellite-proxy/5.6/source/SRPMS","requiredTags":"rhel-6-server","gpgUrl":"file:///etc/pki/rpm-gpg/RPM-GPG-KEY-redhat-release","modifiedProductIds":[],"arches":"x86_64","metadataExpire":86400,"uuid":"8a99f9815e62e65a015e711a4949218e","releaseVersion":null},"enabled":false},{"content":{"created":"2017-09-11T09:21:17.000+0000","updated":"2017-09-11T09:21:17.000+0000","id":"3732","type":"yum","label":"rhel-5-system-z-satellite-proxy-5.3-rpms","name":"Red Hat Satellite Proxy 5.3 (for RHEL 5 System Z) (RPMs)","vendor":"Red Hat","contentUrl":"/content/dist/rhel/system-z/5/$releasever/$basearch/satellite-proxy/5.3/os","requiredTags":"rhel-5-ibm-system-z","gpgUrl":"file:///etc/pki/rpm-gpg/RPM-GPG-KEY-redhat-release","modifiedProductIds":[],"arches":"s390x","metadataExpire":86400,"uuid":"8a99f9815e62e65a015e7119ec691c84","releaseVersion":null},"enabled":false},{"content":{"created":"2017-09-11T09:21:41.000+0000","updated":"2017-09-11T09:21:41.000+0000","id":"3754","type":"yum","label":"rhel-5-system-z-satellite-proxy-5.6-rpms","name":"Red Hat Satellite Proxy 5.6 (for RHEL 5 System Z) (RPMs)","vendor":"Red Hat","contentUrl":"/content/dist/rhel/system-z/5/$releasever/$basearch/satellite-proxy/5.6/os","requiredTags":"rhel-5-ibm-system-z","gpgUrl":"file:///etc/pki/rpm-gpg/RPM-GPG-KEY-redhat-release","modifiedProductIds":[],"arches":"s390x","metadataExpire":86400,"uuid":"8a99f9815e62e65a015e711a4949218f","releaseVersion":null},"enabled":false},{"content":{"created":"2017-09-11T09:21:17.000+0000","updated":"2017-09-11T09:21:17.000+0000","id":"3733","type":"yum","label":"rhel-5-system-z-satellite-proxy-5.3-source-rpms","name":"Red Hat Satellite Proxy 5.3 (for RHEL 5 System Z) (Source RPMs)","vendor":"Red Hat","contentUrl":"/content/dist/rhel/system-z/5/$releasever/$basearch/satellite-proxy/5.3/source/SRPMS","requiredTags":"rhel-5-ibm-system-z","gpgUrl":"file:///etc/pki/rpm-gpg/RPM-GPG-KEY-redhat-release","modifiedProductIds":[],"arches":"s390x","metadataExpire":86400,"uuid":"8a99f9815e62e65a015e7119ec691c87","releaseVersion":null},"enabled":false},{"content":{"created":"2017-09-11T09:21:41.000+0000","updated":"2017-09-11T09:21:41.000+0000","id":"3755","type":"yum","label":"rhel-5-system-z-satellite-proxy-5.6-source-rpms","name":"Red Hat Satellite Proxy 5.6 (for RHEL 5 System Z) (Source RPMs)","vendor":"Red Hat","contentUrl":"/content/dist/rhel/system-z/5/$releasever/$basearch/satellite-proxy/5.6/source/SRPMS","requiredTags":"rhel-5-ibm-system-z","gpgUrl":"file:///etc/pki/rpm-gpg/RPM-GPG-KEY-redhat-release","modifiedProductIds":[],"arches":"s390x","metadataExpire":86400,"uuid":"8a99f9815e62e65a015e711a49492194","releaseVersion":null},"enabled":false},{"content":{"created":"2017-09-11T09:21:17.000+0000","updated":"2017-09-11T09:21:17.000+0000","id":"3734","type":"yum","label":"rhel-5-server-satellite-proxy-5.4-rpms","name":"Red Hat Satellite Proxy 5.4 (for RHEL 5 Server) (RPMs)","vendor":"Red Hat","contentUrl":"/content/dist/rhel/server/5/$releasever/$basearch/satellite-proxy/5.4/os","requiredTags":"rhel-5-server","gpgUrl":"file:///etc/pki/rpm-gpg/RPM-GPG-KEY-redhat-release","modifiedProductIds":[],"arches":"x86,x86_64","metadataExpire":86400,"uuid":"8a99f9815e62e65a015e7119ec691c86","releaseVersion":null},"enabled":false},{"content":{"created":"2017-09-11T09:21:41.000+0000","updated":"2017-09-11T09:21:41.000+0000","id":"3756","type":"yum","label":"rhel-6-system-z-satellite-proxy-5.6-rpms","name":"Red Hat Satellite Proxy 5.6 (for RHEL 6 System Z) (RPMs)","vendor":"Red Hat","contentUrl":"/content/dist/rhel/system-z/6/$releasever/$basearch/satellite-proxy/5.6/os","requiredTags":"rhel-6-ibm-system-z","gpgUrl":"file:///etc/pki/rpm-gpg/RPM-GPG-KEY-redhat-release","modifiedProductIds":[],"arches":"s390x","metadataExpire":86400,"uuid":"8a99f9815e62e65a015e711a49492195","releaseVersion":null},"enabled":false},{"content":{"created":"2017-09-11T09:21:17.000+0000","updated":"2017-09-11T09:21:17.000+0000","id":"3735","type":"yum","label":"rhel-5-server-satellite-proxy-5.4-source-rpms","name":"Red Hat Satellite Proxy 5.4 (for RHEL 5 Server) (Source RPMs)","vendor":"Red Hat","contentUrl":"/content/dist/rhel/server/5/$releasever/$basearch/satellite-proxy/5.4/source/SRPMS","requiredTags":"rhel-5-server","gpgUrl":"file:///etc/pki/rpm-gpg/RPM-GPG-KEY-redhat-release","modifiedProductIds":[],"arches":"x86,x86_64","metadataExpire":86400,"uuid":"8a99f9815e62e65a015e7119ec691c89","releaseVersion":null},"enabled":false},{"content":{"created":"2017-09-11T09:21:41.000+0000","updated":"2017-09-11T09:21:41.000+0000","id":"3757","type":"yum","label":"rhel-6-system-z-satellite-proxy-5.6-source-rpms","name":"Red Hat Satellite Proxy 5.6 (for RHEL 6 System Z) (Source RPMs)","vendor":"Red Hat","contentUrl":"/content/dist/rhel/system-z/6/$releasever/$basearch/satellite-proxy/5.6/source/SRPMS","requiredTags":"rhel-6-ibm-system-z","gpgUrl":"file:///etc/pki/rpm-gpg/RPM-GPG-KEY-redhat-release","modifiedProductIds":[],"arches":"s390x","metadataExpire":86400,"uuid":"8a99f9815e62e65a015e711a49492192","releaseVersion":null},"enabled":false},{"content":{"created":"2017-09-11T09:21:17.000+0000","updated":"2017-09-11T09:21:17.000+0000","id":"3736","type":"yum","label":"rhel-6-server-satellite-proxy-5.4-rpms","name":"Red Hat Satellite Proxy 5.4 (for RHEL 6 Server) (RPMs)","vendor":"Red Hat","contentUrl":"/content/dist/rhel/server/6/$releasever/$basearch/satellite-proxy/5.4/os","requiredTags":"rhel-6-server","gpgUrl":"file:///etc/pki/rpm-gpg/RPM-GPG-KEY-redhat-release","modifiedProductIds":[],"arches":"x86,x86_64","metadataExpire":86400,"uuid":"8a99f9815e62e65a015e7119ec691c88","releaseVersion":null},"enabled":false},{"content":{"created":"2017-09-11T09:22:24.000+0000","updated":"2017-09-11T09:22:24.000+0000","id":"5670","type":"yum","label":"rhel-6-server-satellite-proxy-5.8-source-rpms","name":"Red Hat Satellite Proxy 5.8 (for RHEL 6 Server) (Source RPMs)","vendor":"Red Hat","contentUrl":"/content/dist/rhel/server/6/6Server/$basearch/satellite-proxy/5.8/source/SRPMS","requiredTags":"rhel-6-server","gpgUrl":"file:///etc/pki/rpm-gpg/RPM-GPG-KEY-redhat-release","modifiedProductIds":[],"arches":"x86_64","metadataExpire":86400,"uuid":"8a99f9815e62e65a015e711aefc6232b","releaseVersion":null},"enabled":false},{"content":{"created":"2017-09-11T09:22:24.000+0000","updated":"2017-09-11T09:22:24.000+0000","id":"5671","type":"yum","label":"rhel-6-server-satellite-proxy-5.8-debug-rpms","name":"Red Hat Satellite Proxy 5.8 (for RHEL 6 Server) (Debug RPMs)","vendor":"Red Hat","contentUrl":"/content/dist/rhel/server/6/6Server/$basearch/satellite-proxy/5.8/debug","requiredTags":"rhel-6-server","gpgUrl":"file:///etc/pki/rpm-gpg/RPM-GPG-KEY-redhat-release","modifiedProductIds":[],"arches":"x86_64","metadataExpire":86400,"uuid":"8a99f9815e62e65a015e711aefc6232a","releaseVersion":null},"enabled":false},{"content":{"created":"2017-09-11T09:22:24.000+0000","updated":"2017-09-11T09:22:24.000+0000","id":"5672","type":"file","label":"rhel-6-system-z-satellite-proxy-5.8-isos","name":"Red Hat Satellite Proxy 5.8 (for RHEL 6 System Z) (ISOs)","vendor":"Red Hat","contentUrl":"/content/dist/rhel/system-z/6/6Server/$basearch/satellite-proxy/5.8/iso","requiredTags":"rhel-6-ibm-system-z","gpgUrl":"http://","modifiedProductIds":[],"arches":"s390x","metadataExpire":86400,"uuid":"8a99f9815e62e65a015e711aefc62327","releaseVersion":null},"enabled":false},{"content":{"created":"2017-09-11T09:22:24.000+0000","updated":"2017-09-11T09:22:24.000+0000","id":"5673","type":"yum","label":"rhel-6-system-z-satellite-proxy-5.8-rpms","name":"Red Hat Satellite Proxy 5.8 (for RHEL 6 System Z) (RPMs)","vendor":"Red Hat","contentUrl":"/content/dist/rhel/system-z/6/6Server/$basearch/satellite-proxy/5.8/os","requiredTags":"rhel-6-ibm-system-z","gpgUrl":"file:///etc/pki/rpm-gpg/RPM-GPG-KEY-redhat-release","modifiedProductIds":[],"arches":"s390x","metadataExpire":86400,"uuid":"8a99f9815e62e65a015e711aefc62326","releaseVersion":null},"enabled":false},{"content":{"created":"2017-09-11T09:22:24.000+0000","updated":"2017-09-11T09:22:24.000+0000","id":"5674","type":"yum","label":"rhel-6-system-z-satellite-proxy-5.8-source-rpms","name":"Red Hat Satellite Proxy 5.8 (for RHEL 6 System Z) (Source RPMs)","vendor":"Red Hat","contentUrl":"/content/dist/rhel/system-z/6/6Server/$basearch/satellite-proxy/5.8/source/SRPMS","requiredTags":"rhel-6-ibm-system-z","gpgUrl":"file:///etc/pki/rpm-gpg/RPM-GPG-KEY-redhat-release","modifiedProductIds":[],"arches":"s390x","metadataExpire":86400,"uuid":"8a99f9815e62e65a015e711aefc62329","releaseVersion":null},"enabled":false},{"content":{"created":"2017-09-11T09:21:17.000+0000","updated":"2017-09-11T09:21:17.000+0000","id":"3750","type":"yum","label":"rhel-5-server-satellite-proxy-5.6-rpms","name":"Red Hat Satellite Proxy 5.6 (for RHEL 5 Server) (RPMs)","vendor":"Red Hat","contentUrl":"/content/dist/rhel/server/5/$releasever/$basearch/satellite-proxy/5.6/os","requiredTags":"rhel-5-server","gpgUrl":"file:///etc/pki/rpm-gpg/RPM-GPG-KEY-redhat-release","modifiedProductIds":[],"arches":"x86_64","metadataExpire":86400,"uuid":"8a99f9815e62e65a015e7119ec691c80","releaseVersion":null},"enabled":false},{"content":{"created":"2017-09-11T09:22:24.000+0000","updated":"2017-09-11T09:22:24.000+0000","id":"5675","type":"yum","label":"rhel-6-system-z-satellite-proxy-5.8-debug-rpms","name":"Red Hat Satellite Proxy 5.8 (for RHEL 6 System Z) (Debug RPMs)","vendor":"Red Hat","contentUrl":"/content/dist/rhel/system-z/6/6Server/$basearch/satellite-proxy/5.8/debug","requiredTags":"rhel-6-ibm-system-z","gpgUrl":"file:///etc/pki/rpm-gpg/RPM-GPG-KEY-redhat-release","modifiedProductIds":[],"arches":"s390x","metadataExpire":86400,"uuid":"8a99f9815e62e65a015e711aefc62328","releaseVersion":null},"enabled":false},{"content":{"created":"2017-09-11T09:21:17.000+0000","updated":"2017-09-11T09:21:17.000+0000","id":"3726","type":"yum","label":"rhel-5-server-satellite-proxy-5.2-rpms","name":"Red Hat Satellite Proxy 5.2 (for RHEL 5 Server) (RPMs)","vendor":"Red Hat","contentUrl":"/content/dist/rhel/server/5/$releasever/$basearch/satellite-proxy/5.2/os","requiredTags":"rhel-5-server","gpgUrl":"file:///etc/pki/rpm-gpg/RPM-GPG-KEY-redhat-release","modifiedProductIds":[],"arches":"x86,x86_64","metadataExpire":86400,"uuid":"8a99f9815e62e65a015e7119ec661c3e","releaseVersion":null},"enabled":false},{"content":{"created":"2017-09-11T09:21:17.000+0000","updated":"2017-09-11T09:21:17.000+0000","id":"3748","type":"yum","label":"rhel-6-system-z-satellite-proxy-5.5-rpms","name":"Red Hat Satellite Proxy 5.5 (for RHEL 6 System Z) (RPMs)","vendor":"Red Hat","contentUrl":"/content/dist/rhel/system-z/6/$releasever/$basearch/satellite-proxy/5.5/os","requiredTags":"rhel-6-ibm-system-z","gpgUrl":"file:///etc/pki/rpm-gpg/RPM-GPG-KEY-redhat-release","modifiedProductIds":[],"arches":"s390x","metadataExpire":86400,"uuid":"8a99f9815e62e65a015e7119ec691c7d","releaseVersion":null},"enabled":false},{"content":{"created":"2017-09-11T09:21:17.000+0000","updated":"2017-09-11T09:21:17.000+0000","id":"3727","type":"yum","label":"rhel-5-server-satellite-proxy-5.2-source-rpms","name":"Red Hat Satellite Proxy 5.2 (for RHEL 5 Server) (Source RPMs)","vendor":"Red Hat","contentUrl":"/content/dist/rhel/server/5/$releasever/$basearch/satellite-proxy/5.2/source/SRPMS","requiredTags":"rhel-5-server","gpgUrl":"file:///etc/pki/rpm-gpg/RPM-GPG-KEY-redhat-release","modifiedProductIds":[],"arches":"x86,x86_64","metadataExpire":86400,"uuid":"8a99f9815e62e65a015e7119ec661c3c","releaseVersion":null},"enabled":false},{"content":{"created":"2017-09-11T09:21:17.000+0000","updated":"2017-09-11T09:21:17.000+0000","id":"3749","type":"yum","label":"rhel-6-system-z-satellite-proxy-5.5-source-rpms","name":"Red Hat Satellite Proxy 5.5 (for RHEL 6 System Z) (Source RPMs)","vendor":"Red Hat","contentUrl":"/content/dist/rhel/system-z/6/$releasever/$basearch/satellite-proxy/5.5/source/SRPMS","requiredTags":"rhel-6-ibm-system-z","gpgUrl":"file:///etc/pki/rpm-gpg/RPM-GPG-KEY-redhat-release","modifiedProductIds":[],"arches":"s390x","metadataExpire":86400,"uuid":"8a99f9815e62e65a015e7119ec691c7c","releaseVersion":null},"enabled":false},{"content":{"created":"2017-09-11T09:21:17.000+0000","updated":"2017-09-11T09:21:17.000+0000","id":"3728","type":"yum","label":"rhel-5-system-z-satellite-proxy-5.2-rpms","name":"Red Hat Satellite Proxy 5.2 (for RHEL 5 System Z) (RPMs)","vendor":"Red Hat","contentUrl":"/content/dist/rhel/system-z/5/$releasever/$basearch/satellite-proxy/5.2/os","requiredTags":"rhel-5-ibm-system-z","gpgUrl":"file:///etc/pki/rpm-gpg/RPM-GPG-KEY-redhat-release","modifiedProductIds":[],"arches":"s390x","metadataExpire":86400,"uuid":"8a99f9815e62e65a015e7119ec661c3b","releaseVersion":null},"enabled":false},{"content":{"created":"2017-09-11T09:21:17.000+0000","updated":"2017-09-11T09:21:17.000+0000","id":"3729","type":"yum","label":"rhel-5-system-z-satellite-proxy-5.2-source-rpms","name":"Red Hat Satellite Proxy 5.2 (for RHEL 5 System Z) (Source RPMs)","vendor":"Red Hat","contentUrl":"/content/dist/rhel/system-z/5/$releasever/$basearch/satellite-proxy/5.2/source/SRPMS","requiredTags":"rhel-5-ibm-system-z","gpgUrl":"file:///etc/pki/rpm-gpg/RPM-GPG-KEY-redhat-release","modifiedProductIds":[],"arches":"s390x","metadataExpire":86400,"uuid":"8a99f9815e62e65a015e7119ec661c39","releaseVersion":null},"enabled":false},{"content":{"created":"2017-09-11T09:21:17.000+0000","updated":"2017-09-11T09:21:17.000+0000","id":"4895","type":"yum","label":"rhel-6-system-z-satellite-proxy-5.7-source-rpms","name":"Red Hat Satellite Proxy 5.7 (for RHEL 6 System Z) (Source RPMs)","vendor":"Red Hat","contentUrl":"/content/dist/rhel/system-z/6/$releasever/$basearch/satellite-proxy/5.7/source/SRPMS","requiredTags":"rhel-6-ibm-system-z","gpgUrl":"file:///etc/pki/rpm-gpg/RPM-GPG-KEY-redhat-release","modifiedProductIds":[],"arches":"s390x","metadataExpire":86400,"uuid":"8a99f9815e62e65a015e7119ec661c3d","releaseVersion":null},"enabled":false},{"content":{"created":"2017-09-11T09:21:17.000+0000","updated":"2017-09-11T09:21:17.000+0000","id":"3740","type":"yum","label":"rhel-6-system-z-satellite-proxy-5.4-rpms","name":"Red Hat Satellite Proxy 5.4 (for RHEL 6 System Z) (RPMs)","vendor":"Red Hat","contentUrl":"/content/dist/rhel/system-z/6/$releasever/$basearch/satellite-proxy/5.4/os","requiredTags":"rhel-6-ibm-system-z","gpgUrl":"file:///etc/pki/rpm-gpg/RPM-GPG-KEY-redhat-release","modifiedProductIds":[],"arches":"s390x","metadataExpire":86400,"uuid":"8a99f9815e62e65a015e7119ec681c72","releaseVersion":null},"enabled":false},{"content":{"created":"2017-09-11T09:21:17.000+0000","updated":"2017-09-11T09:21:17.000+0000","id":"3741","type":"yum","label":"rhel-6-system-z-satellite-proxy-5.4-source-rpms","name":"Red Hat Satellite Proxy 5.4 (for RHEL 6 System Z) (Source RPMs)","vendor":"Red Hat","contentUrl":"/content/dist/rhel/system-z/6/$releasever/$basearch/satellite-proxy/5.4/source/SRPMS","requiredTags":"rhel-6-ibm-system-z","gpgUrl":"file:///etc/pki/rpm-gpg/RPM-GPG-KEY-redhat-release","modifiedProductIds":[],"arches":"s390x","metadataExpire":86400,"uuid":"8a99f9815e62e65a015e7119ec681c6b","releaseVersion":null},"enabled":false},{"content":{"created":"2017-09-11T09:21:17.000+0000","updated":"2017-09-11T09:21:17.000+0000","id":"3742","type":"yum","label":"rhel-5-server-satellite-proxy-5.5-rpms","name":"Red Hat Satellite Proxy 5.5 (for RHEL 5 Server) (RPMs)","vendor":"Red Hat","contentUrl":"/content/dist/rhel/server/5/$releasever/$basearch/satellite-proxy/5.5/os","requiredTags":"rhel-5-server","gpgUrl":"file:///etc/pki/rpm-gpg/RPM-GPG-KEY-redhat-release","modifiedProductIds":[],"arches":"x86_64","metadataExpire":86400,"uuid":"8a99f9815e62e65a015e7119ec681c68","releaseVersion":null},"enabled":false},{"content":{"created":"2017-09-11T09:21:17.000+0000","updated":"2017-09-11T09:21:17.000+0000","id":"3743","type":"yum","label":"rhel-5-server-satellite-proxy-5.5-source-rpms","name":"Red Hat Satellite Proxy 5.5 (for RHEL 5 Server) (Source RPMs)","vendor":"Red Hat","contentUrl":"/content/dist/rhel/server/5/$releasever/$basearch/satellite-proxy/5.5/source/SRPMS","requiredTags":"rhel-5-server","gpgUrl":"file:///etc/pki/rpm-gpg/RPM-GPG-KEY-redhat-release","modifiedProductIds":[],"arches":"x86_64","metadataExpire":86400,"uuid":"8a99f9815e62e65a015e7119ec681c64","releaseVersion":null},"enabled":false},{"content":{"created":"2017-09-11T09:22:24.000+0000","updated":"2017-09-11T09:22:24.000+0000","id":"5668","type":"file","label":"rhel-6-server-satellite-proxy-5.8-isos","name":"Red Hat Satellite Proxy 5.8 (for RHEL 6 Server) (ISOs)","vendor":"Red Hat","contentUrl":"/content/dist/rhel/server/6/6Server/$basearch/satellite-proxy/5.8/iso","requiredTags":"rhel-6-server","gpgUrl":"http://","modifiedProductIds":[],"arches":"x86_64","metadataExpire":86400,"uuid":"8a99f9815e62e65a015e711aefc62330","releaseVersion":null},"enabled":false},{"content":{"created":"2017-09-11T09:21:17.000+0000","updated":"2017-09-11T09:21:17.000+0000","id":"3744","type":"yum","label":"rhel-6-server-satellite-proxy-5.5-rpms","name":"Red Hat Satellite Proxy 5.5 (for RHEL 6 Server) (RPMs)","vendor":"Red Hat","contentUrl":"/content/dist/rhel/server/6/$releasever/$basearch/satellite-proxy/5.5/os","requiredTags":"rhel-6-server","gpgUrl":"file:///etc/pki/rpm-gpg/RPM-GPG-KEY-redhat-release","modifiedProductIds":[],"arches":"x86_64","metadataExpire":86400,"uuid":"8a99f9815e62e65a015e7119ec691c7b","releaseVersion":null},"enabled":false},{"content":{"created":"2017-09-11T09:22:24.000+0000","updated":"2017-09-11T09:22:24.000+0000","id":"5669","type":"yum","label":"rhel-6-server-satellite-proxy-5.8-rpms","name":"Red Hat Satellite Proxy 5.8 (for RHEL 6 Server) (RPMs)","vendor":"Red Hat","contentUrl":"/content/dist/rhel/server/6/6Server/$basearch/satellite-proxy/5.8/os","requiredTags":"rhel-6-server","gpgUrl":"file:///etc/pki/rpm-gpg/RPM-GPG-KEY-redhat-release","modifiedProductIds":[],"arches":"x86_64","metadataExpire":86400,"uuid":"8a99f9815e62e65a015e711aefc6232c","releaseVersion":null},"enabled":false},{"content":{"created":"2017-09-11T09:21:17.000+0000","updated":"2017-09-11T09:21:17.000+0000","id":"3745","type":"yum","label":"rhel-6-server-satellite-proxy-5.5-source-rpms","name":"Red Hat Satellite Proxy 5.5 (for RHEL 6 Server) (Source RPMs)","vendor":"Red Hat","contentUrl":"/content/dist/rhel/server/6/$releasever/$basearch/satellite-proxy/5.5/source/SRPMS","requiredTags":"rhel-6-server","gpgUrl":"file:///etc/pki/rpm-gpg/RPM-GPG-KEY-redhat-release","modifiedProductIds":[],"arches":"x86_64","metadataExpire":86400,"uuid":"8a99f9815e62e65a015e7119ec691c79","releaseVersion":null},"enabled":false},{"content":{"created":"2017-09-11T09:21:17.000+0000","updated":"2017-09-11T09:21:17.000+0000","id":"3746","type":"yum","label":"rhel-5-system-z-satellite-proxy-5.5-rpms","name":"Red Hat Satellite Proxy 5.5 (for RHEL 5 System Z) (RPMs)","vendor":"Red Hat","contentUrl":"/content/dist/rhel/system-z/5/$releasever/$basearch/satellite-proxy/5.5/os","requiredTags":"rhel-5-ibm-system-z","gpgUrl":"file:///etc/pki/rpm-gpg/RPM-GPG-KEY-redhat-release","modifiedProductIds":[],"arches":"s390x","metadataExpire":86400,"uuid":"8a99f9815e62e65a015e7119ec681c76","releaseVersion":null},"enabled":false},{"content":{"created":"2017-09-11T09:21:17.000+0000","updated":"2017-09-11T09:21:17.000+0000","id":"3747","type":"yum","label":"rhel-5-system-z-satellite-proxy-5.5-source-rpms","name":"Red Hat Satellite Proxy 5.5 (for RHEL 5 System Z) (Source RPMs)","vendor":"Red Hat","contentUrl":"/content/dist/rhel/system-z/5/$releasever/$basearch/satellite-proxy/5.5/source/SRPMS","requiredTags":"rhel-5-ibm-system-z","gpgUrl":"file:///etc/pki/rpm-gpg/RPM-GPG-KEY-redhat-release","modifiedProductIds":[],"arches":"s390x","metadataExpire":86400,"uuid":"8a99f9815e62e65a015e7119ec681c73","releaseVersion":null},"enabled":false}],"dependentProductIds":[]}