{"created":"2017-09-11T14:50:16.000+0000","updated":"2018-01-22T13:35:59.000+0000","uuid":"8a99f9896118708f01611f27d50a3db2","multiplier":1,"id":"269","name":"Red Hat Satellite Capsule","attributes":[{"name":"name","value":"Red Hat Satellite Capsule"},{"name":"arch","value":"x86_64"},{"name":"type","value":"SVC"}],"productContent":[{"content":{"created":"2017-09-11T09:21:41.000+0000","updated":"2017-09-11T09:21:41.000+0000","id":"3780","type":"file","label":"rhel-7-server-satellite-capsule-6.0-isos","name":"Red Hat Satellite Capsule 6.0 (for RHEL 7 Server) (ISOs)","vendor":"Red Hat","contentUrl":"/content/dist/rhel/server/7/$releasever/$basearch/sat-capsule/6.0/iso","requiredTags":"rhel-7-server","gpgUrl":"http://","modifiedProductIds":[],"arches":"x86_64","metadataExpire":86400,"uuid":"8a99f9815e62e65a015e711a49482178","releaseVersion":null},"enabled":false},{"content":{"created":"2017-09-11T09:21:17.000+0000","updated":"2017-09-11T09:21:17.000+0000","id":"4078","type":"yum","label":"rhel-6-server-satellite-capsule-6.1-rpms","name":"Red Hat Satellite Capsule 6.1 (for RHEL 6 Server) (RPMs)","vendor":"Red Hat","contentUrl":"/content/dist/rhel/server/6/6Server/$basearch/sat-capsule/6.1/os","requiredTags":"rhel-6-server","gpgUrl":"file:///etc/pki/rpm-gpg/RPM-GPG-KEY-redhat-release","modifiedProductIds":[],"arches":"x86_64","metadataExpire":86400,"uuid":"8a99f9815e62e65a015e7119ec6e1ca0","releaseVersion":null},"enabled":false},{"content":{"created":"2017-09-11T09:21:41.000+0000","updated":"2017-09-11T09:21:41.000+0000","id":"3781","type":"yum","label":"rhel-7-server-satellite-capsule-6.0-debug-rpms","name":"Red Hat Satellite Capsule 6.0 (for RHEL 7 Server) (Debug RPMs)","vendor":"Red Hat","contentUrl":"/content/dist/rhel/server/7/$releasever/$basearch/sat-capsule/6.0/debug","requiredTags":"rhel-7-server","gpgUrl":"file:///etc/pki/rpm-gpg/RPM-GPG-KEY-redhat-release","modifiedProductIds":[],"arches":"x86_64","metadataExpire":86400,"uuid":"8a99f9815e62e65a015e711a49482176","releaseVersion":null},"enabled":false},{"content":{"created":"2017-09-11T09:21:17.000+0000","updated":"2017-09-11T09:21:17.000+0000","id":"4079","type":"file","label":"rhel-6-server-satellite-capsule-6.1-isos","name":"Red Hat Satellite Capsule 6.1 (for RHEL 6 Server) (ISOs)","vendor":"Red Hat","contentUrl":"/content/dist/rhel/server/6/6Server/$basearch/sat-capsule/6.1/iso","requiredTags":"rhel-6-server","gpgUrl":"http://","modifiedProductIds":[],"arches":"x86_64","metadataExpire":86400,"uuid":"8a99f9815e62e65a015e7119ec6e1c9f","releaseVersion":null},"enabled":false},{"content":{"created":"2017-09-11T09:21:41.000+0000","updated":"2017-09-11T09:21:41.000+0000","id":"3782","type":"yum","label":"rhel-7-server-satellite-capsule-6.0-source-rpms","name":"Red Hat Satellite Capsule 6.0 (for RHEL 7 Server) (Source RPMs)","vendor":"Red Hat","contentUrl":"/content/dist/rhel/server/7/$releasever/$basearch/sat-capsule/6.0/source/SRPMS","requiredTags":"rhel-7-server","gpgUrl":"file:///etc/pki/rpm-gpg/RPM-GPG-KEY-redhat-release","modifiedProductIds":[],"arches":"x86_64","metadataExpire":86400,"uuid":"8a99f9815e62e65a015e711a49482174","releaseVersion":null},"enabled":false},{"content":{"created":"2017-09-11T09:21:41.000+0000","updated":"2017-09-11T09:21:41.000+0000","id":"4750","type":"yum","label":"rhel-6-server-satellite-capsule-6.2-source-rpms","name":"Red Hat Satellite Capsule 6.2 (for RHEL 6 Server) (Source RPMs)","vendor":"Red Hat","contentUrl":"/content/dist/rhel/server/6/6Server/$basearch/sat-capsule/6.2/source/SRPMS","requiredTags":"rhel-6-server","gpgUrl":"file:///etc/pki/rpm-gpg/RPM-GPG-KEY-redhat-release","modifiedProductIds":[],"arches":"x86_64","metadataExpire":86400,"uuid":"8a99f9815e62e65a015e711a494e2213","releaseVersion":null},"enabled":false},{"content":{"created":"2017-09-11T09:21:41.000+0000","updated":"2017-09-11T09:21:41.000+0000","id":"3783","type":"yum","label":"rhel-7-server-satellite-capsule-optional-6.0-rpms","name":"Red Hat Satellite Capsule 6.0 - Optional (for RHEL 7 Server) (RPMs)","vendor":"Red Hat","contentUrl":"/content/dist/rhel/server/7/$releasever/$basearch/sat-capsule-optional/6.0/os","requiredTags":"rhel-7-server","gpgUrl":"file:///etc/pki/rpm-gpg/RPM-GPG-KEY-redhat-release","modifiedProductIds":[],"arches":"x86_64","metadataExpire":86400,"uuid":"8a99f9815e62e65a015e711a49482172","releaseVersion":null},"enabled":false},{"content":{"created":"2017-09-11T09:21:41.000+0000","updated":"2017-09-11T09:21:41.000+0000","id":"4751","type":"yum","label":"rhel-7-server-satellite-capsule-6.2-rpms","name":"Red Hat Satellite Capsule 6.2 (for RHEL 7 Server) (RPMs)","vendor":"Red Hat","contentUrl":"/content/dist/rhel/server/7/7Server/$basearch/sat-capsule/6.2/os","requiredTags":"rhel-7-server","gpgUrl":"file:///etc/pki/rpm-gpg/RPM-GPG-KEY-redhat-release","modifiedProductIds":[],"arches":"x86_64","metadataExpire":86400,"uuid":"8a99f9815e62e65a015e711a494e2214","releaseVersion":null},"enabled":false},{"content":{"created":"2017-09-11T09:21:41.000+0000","updated":"2017-09-11T09:21:41.000+0000","id":"4749","type":"yum","label":"rhel-6-server-satellite-capsule-6.2-debug-rpms","name":"Red Hat Satellite Capsule 6.2 (for RHEL 6 Server) (Debug RPMs)","vendor":"Red Hat","contentUrl":"/content/dist/rhel/server/6/6Server/$basearch/sat-capsule/6.2/debug","requiredTags":"rhel-6-server","gpgUrl":"file:///etc/pki/rpm-gpg/RPM-GPG-KEY-redhat-release","modifiedProductIds":[],"arches":"x86_64","metadataExpire":86400,"uuid":"8a99f9815e62e65a015e711a494d2200","releaseVersion":null},"enabled":false},{"content":{"created":"2018-01-22T13:35:59.000+0000","updated":"2018-01-22T13:35:59.000+0000","id":"6908","type":"yum","label":"rhel-7-server-satellite-capsule-6.3-puppet4-debug-rpms","name":"Red Hat Satellite Capsule 6.3 - Puppet 4 (for RHEL 7 Server) (Debug RPMs)","vendor":"Red Hat","contentUrl":"/content/dist/rhel/server/7/7Server/$basearch/sat-capsule/6.3-puppet4/debug","requiredTags":"rhel-7-server","gpgUrl":"file:///etc/pki/rpm-gpg/RPM-GPG-KEY-redhat-release","modifiedProductIds":[],"arches":"x86_64","metadataExpire":86400,"uuid":"8a99f9896118708f01611f27d3a73dae","releaseVersion":null},"enabled":false},{"content":{"created":"2018-01-22T13:35:59.000+0000","updated":"2018-01-22T13:35:59.000+0000","id":"6907","type":"yum","label":"rhel-7-server-satellite-capsule-6.3-puppet4-rpms","name":"Red Hat Satellite Capsule 6.3 - Puppet 4 (for RHEL 7 Server) (RPMs)","vendor":"Red Hat","contentUrl":"/content/dist/rhel/server/7/7Server/$basearch/sat-capsule/6.3-puppet4/os","requiredTags":"rhel-7-server","gpgUrl":"file:///etc/pki/rpm-gpg/RPM-GPG-KEY-redhat-release","modifiedProductIds":[],"arches":"x86_64","metadataExpire":86400,"uuid":"8a99f9896118708f01611f27d3a73daf","releaseVersion":null},"enabled":false},{"content":{"created":"2018-01-22T13:35:59.000+0000","updated":"2018-01-22T13:35:59.000+0000","id":"6909","type":"yum","label":"rhel-7-server-satellite-capsule-6.3-puppet4-source-rpms","name":"Red Hat Satellite Capsule 6.3 - Puppet 4 (for RHEL 7 Server) (Source RPMs)","vendor":"Red Hat","contentUrl":"/content/dist/rhel/server/7/7Server/$basearch/sat-capsule/6.3-puppet4/source/SRPMS","requiredTags":"rhel-7-server","gpgUrl":"file:///etc/pki/rpm-gpg/RPM-GPG-KEY-redhat-release","modifiedProductIds":[],"arches":"x86_64","metadataExpire":86400,"uuid":"8a99f9896118708f01611f27d3a73dab","releaseVersion":null},"enabled":false},{"content":{"created":"2017-09-11T09:21:41.000+0000","updated":"2017-09-11T09:21:41.000+0000","id":"3773","type":"file","label":"rhel-6-server-satellite-capsule-6.0-isos","name":"Red Hat Satellite Capsule 6.0 (for RHEL 6 Server) (ISOs)","vendor":"Red Hat","contentUrl":"/content/dist/rhel/server/6/$releasever/$basearch/sat-capsule/6.0/iso","requiredTags":"rhel-6-server","gpgUrl":"http://","modifiedProductIds":[],"arches":"x86_64","metadataExpire":86400,"uuid":"8a99f9815e62e65a015e711a49482181","releaseVersion":null},"enabled":false},{"content":{"created":"2017-09-11T09:21:41.000+0000","updated":"2017-09-11T09:21:41.000+0000","id":"3774","type":"yum","label":"rhel-6-server-satellite-capsule-6.0-debug-rpms","name":"Red Hat Satellite Capsule 6.0 (for RHEL 6 Server) (Debug RPMs)","vendor":"Red Hat","contentUrl":"/content/dist/rhel/server/6/$releasever/$basearch/sat-capsule/6.0/debug","requiredTags":"rhel-6-server","gpgUrl":"file:///etc/pki/rpm-gpg/RPM-GPG-KEY-redhat-release","modifiedProductIds":[],"arches":"x86_64","metadataExpire":86400,"uuid":"8a99f9815e62e65a015e711a49482182","releaseVersion":null},"enabled":false},{"content":{"created":"2017-09-11T09:21:41.000+0000","updated":"2017-09-11T09:21:41.000+0000","id":"3775","type":"yum","label":"rhel-6-server-satellite-capsule-6.0-source-rpms","name":"Red Hat Satellite Capsule 6.0 (for RHEL 6 Server) (Source RPMs)","vendor":"Red Hat","contentUrl":"/content/dist/rhel/server/6/$releasever/$basearch/sat-capsule/6.0/source/SRPMS","requiredTags":"rhel-6-server","gpgUrl":"file:///etc/pki/rpm-gpg/RPM-GPG-KEY-redhat-release","modifiedProductIds":[],"arches":"x86_64","metadataExpire":86400,"uuid":"8a99f9815e62e65a015e711a4948217d","releaseVersion":null},"enabled":false},{"content":{"created":"2017-09-11T09:21:41.000+0000","updated":"2017-09-11T09:21:41.000+0000","id":"3776","type":"yum","label":"rhel-6-server-satellite-capsule-optional-6.0-rpms","name":"Red Hat Satellite Capsule 6.0 - Optional (for RHEL 6 Server) (RPMs)","vendor":"Red Hat","contentUrl":"/content/dist/rhel/server/6/$releasever/$basearch/sat-capsule-optional/6.0/os","requiredTags":"rhel-6-server","gpgUrl":"file:///etc/pki/rpm-gpg/RPM-GPG-KEY-redhat-release","modifiedProductIds":[],"arches":"x86_64","metadataExpire":86400,"uuid":"8a99f9815e62e65a015e711a49482180","releaseVersion":null},"enabled":false},{"content":{"created":"2017-09-11T09:21:41.000+0000","updated":"2017-09-11T09:21:41.000+0000","id":"3777","type":"yum","label":"rhel-6-server-satellite-capsule-optional-6.0-debug-rpms","name":"Red Hat Satellite Capsule 6.0 - Optional (for RHEL 6 Server) (Debug RPMs)","vendor":"Red Hat","contentUrl":"/content/dist/rhel/server/6/$releasever/$basearch/sat-capsule-optional/6.0/debug","requiredTags":"rhel-6-server","gpgUrl":"file:///etc/pki/rpm-gpg/RPM-GPG-KEY-redhat-release","modifiedProductIds":[],"arches":"x86_64","metadataExpire":86400,"uuid":"8a99f9815e62e65a015e711a4948217a","releaseVersion":null},"enabled":false},{"content":{"created":"2017-09-11T09:21:41.000+0000","updated":"2017-09-11T09:21:41.000+0000","id":"3778","type":"yum","label":"rhel-6-server-satellite-capsule-optional-6.0-source-rpms","name":"Red Hat Satellite Capsule 6.0 - Optional (for RHEL 6 Server) (Source RPMs)","vendor":"Red Hat","contentUrl":"/content/dist/rhel/server/6/$releasever/$basearch/sat-capsule-optional/6.0/source/SRPMS","requiredTags":"rhel-6-server","gpgUrl":"file:///etc/pki/rpm-gpg/RPM-GPG-KEY-redhat-release","modifiedProductIds":[],"arches":"x86_64","metadataExpire":86400,"uuid":"8a99f9815e62e65a015e711a4948217b","releaseVersion":null},"enabled":false},{"content":{"created":"2017-09-11T09:21:41.000+0000","updated":"2017-09-11T09:21:41.000+0000","id":"3779","type":"yum","label":"rhel-7-server-satellite-capsule-6.0-rpms","name":"Red Hat Satellite Capsule 6.0 (for RHEL 7 Server) (RPMs)","vendor":"Red Hat","contentUrl":"/content/dist/rhel/server/7/$releasever/$basearch/sat-capsule/6.0/os","requiredTags":"rhel-7-server","gpgUrl":"file:///etc/pki/rpm-gpg/RPM-GPG-KEY-redhat-release","modifiedProductIds":[],"arches":"x86_64","metadataExpire":86400,"uuid":"8a99f9815e62e65a015e711a49482179","releaseVersion":null},"enabled":false},{"content":{"created":"2017-09-11T09:21:41.000+0000","updated":"2017-09-11T09:21:41.000+0000","id":"4747","type":"yum","label":"rhel-6-server-satellite-capsule-6.2-rpms","name":"Red Hat Satellite Capsule 6.2 (for RHEL 6 Server) (RPMs)","vendor":"Red Hat","contentUrl":"/content/dist/rhel/server/6/6Server/$basearch/sat-capsule/6.2/os","requiredTags":"rhel-6-server","gpgUrl":"file:///etc/pki/rpm-gpg/RPM-GPG-KEY-redhat-release","modifiedProductIds":[],"arches":"x86_64","metadataExpire":86400,"uuid":"8a99f9815e62e65a015e711a494d2210","releaseVersion":null},"enabled":false},{"content":{"created":"2017-09-11T09:21:41.000+0000","updated":"2017-09-11T09:21:41.000+0000","id":"4748","type":"file","label":"rhel-6-server-satellite-capsule-6.2-isos","name":"Red Hat Satellite Capsule 6.2 (for RHEL 6 Server) (ISOs)","vendor":"Red Hat","contentUrl":"/content/dist/rhel/server/6/6Server/$basearch/sat-capsule/6.2/iso","requiredTags":"rhel-6-server","gpgUrl":"http://","modifiedProductIds":[],"arches":"x86_64","metadataExpire":86400,"uuid":"8a99f9815e62e65a015e711a494d220f","releaseVersion":null},"enabled":false},{"content":{"created":"2017-09-11T14:50:13.000+0000","updated":"2017-09-11T14:50:13.000+0000","id":"5294","type":"yum","label":"rhel-7-server-satellite-capsule-6.3-rpms","name":"Red Hat Satellite Capsule 6.3 (for RHEL 7 Server) (RPMs)","vendor":"Red Hat","contentUrl":"/content/dist/rhel/server/7/7Server/$basearch/sat-capsule/6.3/os","requiredTags":"rhel-7-server","gpgUrl":"file:///etc/pki/rpm-gpg/RPM-GPG-KEY-redhat-release","modifiedProductIds":[],"arches":"x86_64","metadataExpire":86400,"uuid":"8a99f9825e718933015e724711610687","releaseVersion":null},"enabled":false},{"content":{"created":"2017-09-11T09:21:17.000+0000","updated":"2017-09-11T09:21:17.000+0000","id":"4085","type":"yum","label":"rhel-7-server-satellite-capsule-6.1-rpms","name":"Red Hat Satellite Capsule 6.1 (for RHEL 7 Server) (RPMs)","vendor":"Red Hat","contentUrl":"/content/dist/rhel/server/7/7Server/$basearch/sat-capsule/6.1/os","requiredTags":"rhel-7-server","gpgUrl":"file:///etc/pki/rpm-gpg/RPM-GPG-KEY-redhat-release","modifiedProductIds":[],"arches":"x86_64","metadataExpire":86400,"uuid":"8a99f9815e62e65a015e7119ec701cc5","releaseVersion":null},"enabled":false},{"content":{"created":"2017-09-11T14:50:13.000+0000","updated":"2017-09-11T14:50:13.000+0000","id":"5295","type":"file","label":"rhel-7-server-satellite-capsule-6.3-isos","name":"Red Hat Satellite Capsule 6.3 (for RHEL 7 Server) (ISOs)","vendor":"Red Hat","contentUrl":"/content/dist/rhel/server/7/7Server/$basearch/sat-capsule/6.3/iso","requiredTags":"rhel-7-server","gpgUrl":"http://","modifiedProductIds":[],"arches":"x86_64","metadataExpire":86400,"uuid":"8a99f9825e718933015e724711610688","releaseVersion":null},"enabled":false},{"content":{"created":"2017-09-11T09:21:17.000+0000","updated":"2017-09-11T09:21:17.000+0000","id":"4086","type":"file","label":"rhel-7-server-satellite-capsule-6.1-isos","name":"Red Hat Satellite Capsule 6.1 (for RHEL 7 Server) (ISOs)","vendor":"Red Hat","contentUrl":"/content/dist/rhel/server/7/7Server/$basearch/sat-capsule/6.1/iso","requiredTags":"rhel-7-server","gpgUrl":"http://","modifiedProductIds":[],"arches":"x86_64","metadataExpire":86400,"uuid":"8a99f9815e62e65a015e7119ec701cc6","releaseVersion":null},"enabled":false},{"content":{"created":"2017-09-11T14:50:13.000+0000","updated":"2017-09-11T14:50:13.000+0000","id":"5296","type":"yum","label":"rhel-7-server-satellite-capsule-6.3-debug-rpms","name":"Red Hat Satellite Capsule 6.3 (for RHEL 7 Server) (Debug RPMs)","vendor":"Red Hat","contentUrl":"/content/dist/rhel/server/7/7Server/$basearch/sat-capsule/6.3/debug","requiredTags":"rhel-7-server","gpgUrl":"file:///etc/pki/rpm-gpg/RPM-GPG-KEY-redhat-release","modifiedProductIds":[],"arches":"x86_64","metadataExpire":86400,"uuid":"8a99f9825e718933015e724711610689","releaseVersion":null},"enabled":false},{"content":{"created":"2017-09-11T09:21:17.000+0000","updated":"2017-09-11T09:21:17.000+0000","id":"4087","type":"yum","label":"rhel-7-server-satellite-capsule-6.1-debug-rpms","name":"Red Hat Satellite Capsule 6.1 (for RHEL 7 Server) (Debug RPMs)","vendor":"Red Hat","contentUrl":"/content/dist/rhel/server/7/7Server/$basearch/sat-capsule/6.1/debug","requiredTags":"rhel-7-server","gpgUrl":"file:///etc/pki/rpm-gpg/RPM-GPG-KEY-redhat-release","modifiedProductIds":[],"arches":"x86_64","metadataExpire":86400,"uuid":"8a99f9815e62e65a015e7119ec701cc7","releaseVersion":null},"enabled":false},{"content":{"created":"2017-09-11T14:50:13.000+0000","updated":"2017-09-11T14:50:13.000+0000","id":"5297","type":"yum","label":"rhel-7-server-satellite-capsule-6.3-source-rpms","name":"Red Hat Satellite Capsule 6.3 (for RHEL 7 Server) (Source RPMs)","vendor":"Red Hat","contentUrl":"/content/dist/rhel/server/7/7Server/$basearch/sat-capsule/6.3/source/SRPMS","requiredTags":"rhel-7-server","gpgUrl":"file:///etc/pki/rpm-gpg/RPM-GPG-KEY-redhat-release","modifiedProductIds":[],"arches":"x86_64","metadataExpire":86400,"uuid":"8a99f9825e718933015e72471161068a","releaseVersion":null},"enabled":false},{"content":{"created":"2017-09-11T09:21:17.000+0000","updated":"2017-09-11T09:21:17.000+0000","id":"4088","type":"yum","label":"rhel-7-server-satellite-capsule-6.1-source-rpms","name":"Red Hat Satellite Capsule 6.1 (for RHEL 7 Server) (Source RPMs)","vendor":"Red Hat","contentUrl":"/content/dist/rhel/server/7/7Server/$basearch/sat-capsule/6.1/source/SRPMS","requiredTags":"rhel-7-server","gpgUrl":"file:///etc/pki/rpm-gpg/RPM-GPG-KEY-redhat-release","modifiedProductIds":[],"arches":"x86_64","metadataExpire":86400,"uuid":"8a99f9815e62e65a015e7119ec701cc4","releaseVersion":null},"enabled":false},{"content":{"created":"2017-09-11T09:21:41.000+0000","updated":"2017-09-11T09:21:41.000+0000","id":"3772","type":"yum","label":"rhel-6-server-satellite-capsule-6.0-rpms","name":"Red Hat Satellite Capsule 6.0 (for RHEL 6 Server) (RPMs)","vendor":"Red Hat","contentUrl":"/content/dist/rhel/server/6/$releasever/$basearch/sat-capsule/6.0/os","requiredTags":"rhel-6-server","gpgUrl":"file:///etc/pki/rpm-gpg/RPM-GPG-KEY-redhat-release","modifiedProductIds":[],"arches":"x86_64","metadataExpire":86400,"uuid":"8a99f9815e62e65a015e711a494921a2","releaseVersion":null},"enabled":false},{"content":{"created":"2017-09-11T09:21:17.000+0000","updated":"2017-09-11T09:21:17.000+0000","id":"4080","type":"yum","label":"rhel-6-server-satellite-capsule-6.1-debug-rpms","name":"Red Hat Satellite Capsule 6.1 (for RHEL 6 Server) (Debug RPMs)","vendor":"Red Hat","contentUrl":"/content/dist/rhel/server/6/6Server/$basearch/sat-capsule/6.1/debug","requiredTags":"rhel-6-server","gpgUrl":"file:///etc/pki/rpm-gpg/RPM-GPG-KEY-redhat-release","modifiedProductIds":[],"arches":"x86_64","metadataExpire":86400,"uuid":"8a99f9815e62e65a015e7119ec6f1cb8","releaseVersion":null},"enabled":false},{"content":{"created":"2017-09-11T09:21:17.000+0000","updated":"2017-09-11T09:21:17.000+0000","id":"4081","type":"yum","label":"rhel-6-server-satellite-capsule-6.1-source-rpms","name":"Red Hat Satellite Capsule 6.1 (for RHEL 6 Server) (Source RPMs)","vendor":"Red Hat","contentUrl":"/content/dist/rhel/server/6/6Server/$basearch/sat-capsule/6.1/source/SRPMS","requiredTags":"rhel-6-server","gpgUrl":"file:///etc/pki/rpm-gpg/RPM-GPG-KEY-redhat-release","modifiedProductIds":[],"arches":"x86_64","metadataExpire":86400,"uuid":"8a99f9815e62e65a015e7119ec6f1cb9","releaseVersion":null},"enabled":false},{"content":{"created":"2017-09-11T09:21:41.000+0000","updated":"2017-09-11T09:21:41.000+0000","id":"3784","type":"yum","label":"rhel-7-server-satellite-capsule-optional-6.0-debug-rpms","name":"Red Hat Satellite Capsule 6.0 - Optional (for RHEL 7 Server) (Debug RPMs)","vendor":"Red Hat","contentUrl":"/content/dist/rhel/server/7/$releasever/$basearch/sat-capsule-optional/6.0/debug","requiredTags":"rhel-7-server","gpgUrl":"file:///etc/pki/rpm-gpg/RPM-GPG-KEY-redhat-release","modifiedProductIds":[],"arches":"x86_64","metadataExpire":86400,"uuid":"8a99f9815e62e65a015e711a49482186","releaseVersion":null},"enabled":false},{"content":{"created":"2017-09-11T09:21:41.000+0000","updated":"2017-09-11T09:21:41.000+0000","id":"4752","type":"file","label":"rhel-7-server-satellite-capsule-6.2-isos","name":"Red Hat Satellite Capsule 6.2 (for RHEL 7 Server) (ISOs)","vendor":"Red Hat","contentUrl":"/content/dist/rhel/server/7/7Server/$basearch/sat-capsule/6.2/iso","requiredTags":"rhel-7-server","gpgUrl":"http://","modifiedProductIds":[],"arches":"x86_64","metadataExpire":86400,"uuid":"8a99f9815e62e65a015e711a494c21ec","releaseVersion":null},"enabled":false},{"content":{"created":"2017-09-11T09:21:41.000+0000","updated":"2017-09-11T09:21:41.000+0000","id":"3785","type":"yum","label":"rhel-7-server-satellite-capsule-optional-6.0-source-rpms","name":"Red Hat Satellite Capsule 6.0 - Optional (for RHEL 7 Server) (Source RPMs)","vendor":"Red Hat","contentUrl":"/content/dist/rhel/server/7/$releasever/$basearch/sat-capsule-optional/6.0/source/SRPMS","requiredTags":"rhel-7-server","gpgUrl":"file:///etc/pki/rpm-gpg/RPM-GPG-KEY-redhat-release","modifiedProductIds":[],"arches":"x86_64","metadataExpire":86400,"uuid":"8a99f9815e62e65a015e711a49492187","releaseVersion":null},"enabled":false},{"content":{"created":"2017-09-11T09:21:41.000+0000","updated":"2017-09-11T09:21:41.000+0000","id":"4753","type":"yum","label":"rhel-7-server-satellite-capsule-6.2-debug-rpms","name":"Red Hat Satellite Capsule 6.2 (for RHEL 7 Server) (Debug RPMs)","vendor":"Red Hat","contentUrl":"/content/dist/rhel/server/7/7Server/$basearch/sat-capsule/6.2/debug","requiredTags":"rhel-7-server","gpgUrl":"file:///etc/pki/rpm-gpg/RPM-GPG-KEY-redhat-release","modifiedProductIds":[],"arches":"x86_64","metadataExpire":86400,"uuid":"8a99f9815e62e65a015e711a494c21ea","releaseVersion":null},"enabled":false},{"content":{"created":"2017-09-11T09:21:41.000+0000","updated":"2017-09-11T09:21:41.000+0000","id":"4754","type":"yum","label":"rhel-7-server-satellite-capsule-6.2-source-rpms","name":"Red Hat Satellite Capsule 6.2 (for RHEL 7 Server) (Source RPMs)","vendor":"Red Hat","contentUrl":"/content/dist/rhel/server/7/7Server/$basearch/sat-capsule/6.2/source/SRPMS","requiredTags":"rhel-7-server","gpgUrl":"file:///etc/pki/rpm-gpg/RPM-GPG-KEY-redhat-release","modifiedProductIds":[],"arches":"x86_64","metadataExpire":86400,"uuid":"8a99f9815e62e65a015e711a494c21e8","releaseVersion":null},"enabled":false}],"dependentProductIds":[]}