{"created":"2017-09-11T09:21:10.000+0000","updated":"2018-05-11T16:14:07.000+0000","uuid":"8a99f986634f1dea016350d6d9ad32e1","multiplier":1,"id":"271","name":"Red Hat Enterprise Linux Atomic Host","attributes":[{"name":"name","value":"Red Hat Enterprise Linux Atomic Host"},{"name":"arch","value":"x86_64"},{"name":"type","value":"SVC"}],"productContent":[{"content":{"created":"2017-09-11T09:20:50.000+0000","updated":"2017-09-11T09:20:50.000+0000","id":"3880","type":"yum","label":"rhel-atomic-host-debug-rpms","name":"Red Hat Enterprise Linux Atomic Host (Debug RPMs)","vendor":"Red Hat","contentUrl":"/content/dist/rhel/atomic/7/7Server/$basearch/debug","requiredTags":null,"gpgUrl":"file:///etc/pki/rpm-gpg/RPM-GPG-KEY-redhat-release","modifiedProductIds":[],"arches":null,"metadataExpire":86400,"uuid":"8a99f9815e62e65a015e711982660b7b","releaseVersion":null},"enabled":false},{"content":{"created":"2017-09-11T09:20:50.000+0000","updated":"2017-09-11T09:20:50.000+0000","id":"3830","type":"yum","label":"rhel-atomic-host-rpms","name":"Red Hat Enterprise Linux Atomic Host (RPMs)","vendor":"Red Hat","contentUrl":"/content/dist/rhel/atomic/7/7Server/$basearch/os","requiredTags":null,"gpgUrl":"file:///etc/pki/rpm-gpg/RPM-GPG-KEY-redhat-release","modifiedProductIds":[],"arches":null,"metadataExpire":86400,"uuid":"8a99f9815e62e65a015e711982770c89","releaseVersion":null},"enabled":false},{"content":{"created":"2017-09-11T09:20:50.000+0000","updated":"2017-09-11T09:20:50.000+0000","id":"3822","type":"ostree","label":"rhel-atomic-host-ostree","name":"Red Hat Enterprise Linux Atomic Host (Trees)","vendor":"Red Hat","contentUrl":"/content/dist/rhel/atomic/7/7Server/x86_64/ostree/repo","requiredTags":"rhel-atomic-7","gpgUrl":"http://","modifiedProductIds":[],"arches":null,"metadataExpire":86400,"uuid":"8a99f9815e62e65a015e711982780c8f","releaseVersion":null},"enabled":false},{"content":{"created":"2017-09-11T09:20:50.000+0000","updated":"2017-09-11T09:20:50.000+0000","id":"4967","type":"kickstart","label":"rhel-atomic-host-kickstart","name":"Red Hat Enterprise Linux Atomic Host (Kickstart)","vendor":"Red Hat","contentUrl":"/content/dist/rhel/atomic/7/7Server/x86_64/kickstart","requiredTags":"rhel-atomic-7","gpgUrl":"file:///etc/pki/rpm-gpg/RPM-GPG-KEY-redhat-release","modifiedProductIds":[],"arches":null,"metadataExpire":86400,"uuid":"8a99f9815e62e65a015e711982610b2d","releaseVersion":null},"enabled":false},{"content":{"created":"2017-09-11T09:20:50.000+0000","updated":"2018-05-11T16:14:06.000+0000","id":"3823","type":"file","label":"rhel-atomic-host-image","name":"Red Hat Enterprise Linux Atomic Host (Images)","vendor":"Red Hat","contentUrl":"/content/dist/rhel/atomic/7/7Server/$basearch/images","requiredTags":"","gpgUrl":"http://","modifiedProductIds":[],"arches":null,"metadataExpire":86400,"uuid":"8a99f986634f1dea016350d6d5d832e0","releaseVersion":null},"enabled":false},{"content":{"created":"2017-09-11T09:20:50.000+0000","updated":"2017-09-11T09:20:50.000+0000","id":"3824","type":"yum","label":"rhel-atomic-host-source-rpms","name":"Red Hat Enterprise Linux Atomic Host (Source RPMs)","vendor":"Red Hat","contentUrl":"/content/dist/rhel/atomic/7/7Server/$basearch/source/SRPMS","requiredTags":null,"gpgUrl":"file:///etc/pki/rpm-gpg/RPM-GPG-KEY-redhat-release","modifiedProductIds":[],"arches":null,"metadataExpire":86400,"uuid":"8a99f9815e62e65a015e711982780c8e","releaseVersion":null},"enabled":false}],"dependentProductIds":[]}