{"created":"2017-09-11T09:21:10.000+0000","updated":"2018-05-11T16:14:07.000+0000","uuid":"8a99f986634f1dea016350d6d9ae32e8","multiplier":1,"id":"272","name":"Red Hat Enterprise Linux Atomic Host Beta","attributes":[{"name":"name","value":"Red Hat Enterprise Linux Atomic Host Beta"},{"name":"arch","value":"x86_64"},{"name":"type","value":"SVC"}],"productContent":[{"content":{"created":"2017-09-11T09:20:50.000+0000","updated":"2017-09-11T09:20:50.000+0000","id":"3825","type":"ostree","label":"rhel-atomic-host-beta-ostree","name":"Red Hat Enterprise Linux Atomic Host Beta (Trees)","vendor":"Red Hat","contentUrl":"/content/beta/rhel/atomic/7/x86_64/ostree/repo","requiredTags":"rhel-atomic-beta-7","gpgUrl":"http://","modifiedProductIds":[],"arches":null,"metadataExpire":86400,"uuid":"8a99f9815e62e65a015e711982780c91","releaseVersion":null},"enabled":false},{"content":{"created":"2017-09-11T09:20:50.000+0000","updated":"2018-05-11T16:14:06.000+0000","id":"3826","type":"file","label":"rhel-atomic-host-beta-image","name":"Red Hat Enterprise Linux Atomic Host Beta (Images)","vendor":"Red Hat","contentUrl":"/content/beta/rhel/atomic/7/$basearch/images","requiredTags":"","gpgUrl":"http://","modifiedProductIds":[],"arches":null,"metadataExpire":86400,"uuid":"8a99f986634f1dea016350d6d5d732de","releaseVersion":null},"enabled":false},{"content":{"created":"2017-09-11T09:20:50.000+0000","updated":"2018-05-11T16:14:06.000+0000","id":"3827","type":"yum","label":"rhel-atomic-host-beta-source-rpms","name":"Red Hat Enterprise Linux Atomic Host Beta (Source RPMs)","vendor":"Red Hat","contentUrl":"/content/beta/rhel/atomic/7/$basearch/source/SRPMS","requiredTags":"","gpgUrl":"file:///etc/pki/rpm-gpg/RPM-GPG-KEY-redhat-beta,file:///etc/pki/rpm-gpg/RPM-GPG-KEY-redhat-release","modifiedProductIds":[],"arches":null,"metadataExpire":86400,"uuid":"8a99f986634f1dea016350d6d5d832df","releaseVersion":null},"enabled":false},{"content":{"created":"2017-09-11T09:20:50.000+0000","updated":"2017-09-11T09:20:50.000+0000","id":"3882","type":"yum","label":"rhel-atomic-host-beta-debug-rpms","name":"Red Hat Enterprise Linux Atomic Host Beta (Debug RPMs)","vendor":"Red Hat","contentUrl":"/content/beta/rhel/atomic/7/$basearch/debug","requiredTags":null,"gpgUrl":"file:///etc/pki/rpm-gpg/RPM-GPG-KEY-redhat-beta,file:///etc/pki/rpm-gpg/RPM-GPG-KEY-redhat-release","modifiedProductIds":[],"arches":null,"metadataExpire":86400,"uuid":"8a99f9815e62e65a015e711982650b79","releaseVersion":null},"enabled":false},{"content":{"created":"2017-09-11T09:20:50.000+0000","updated":"2017-09-11T09:20:50.000+0000","id":"3831","type":"yum","label":"rhel-atomic-host-beta-rpms","name":"Red Hat Enterprise Linux Atomic Host Beta (RPMs)","vendor":"Red Hat","contentUrl":"/content/beta/rhel/atomic/7/$basearch/os","requiredTags":null,"gpgUrl":"file:///etc/pki/rpm-gpg/RPM-GPG-KEY-redhat-beta,file:///etc/pki/rpm-gpg/RPM-GPG-KEY-redhat-release","modifiedProductIds":[],"arches":null,"metadataExpire":86400,"uuid":"8a99f9815e62e65a015e711982770c88","releaseVersion":null},"enabled":false},{"content":{"created":"2017-09-11T09:20:50.000+0000","updated":"2017-09-11T09:20:50.000+0000","id":"4968","type":"kickstart","label":"rhel-atomic-host-beta-kickstart","name":"Red Hat Enterprise Linux Atomic Host Beta (Kickstart)","vendor":"Red Hat","contentUrl":"/content/beta/rhel/atomic/7/x86_64/kickstart","requiredTags":"rhel-atomic-beta-7","gpgUrl":"file:///etc/pki/rpm-gpg/RPM-GPG-KEY-redhat-beta,file:///etc/pki/rpm-gpg/RPM-GPG-KEY-redhat-release","modifiedProductIds":[],"arches":null,"metadataExpire":86400,"uuid":"8a99f9815e62e65a015e711982610b30","releaseVersion":null},"enabled":false}],"dependentProductIds":[]}