{"created":"2018-07-17T12:27:15.000+0000","updated":"2018-07-17T12:27:15.000+0000","uuid":"8a99f99f643c29720164a91139c721a5","multiplier":1,"id":"273","name":"Red Hat Container Images","attributes":[{"name":"name","value":"Red Hat Container Images"},{"name":"arch","value":"x86_64"},{"name":"type","value":"SVC"}],"productContent":[{"content":{"created":"2018-06-27T16:49:05.000+0000","updated":"2018-06-27T16:49:05.000+0000","id":"7440","type":"containerimage","label":"rhel-8-baseos-containers","name":"Red Hat Enterprise Linux 8 - BaseOS (Containers)","vendor":"Red Hat","contentUrl":"/content/dist/containers/rhel8/multiarch/baseos/containers","requiredTags":"rhel-8","gpgUrl":"file:///etc/pki/rpm-gpg/RPM-GPG-KEY-redhat-release","modifiedProductIds":[],"arches":null,"metadataExpire":86400,"uuid":"8a99f99f643c297201644301bfce01f8","releaseVersion":null},"enabled":false},{"content":{"created":"2018-06-20T12:18:38.000+0000","updated":"2018-06-20T12:18:38.000+0000","id":"7495","type":"containerimage","label":"rhel-7-for-arm-64-multiarch-containers","name":"Red Hat Enterprise Linux 7 for ARM (Containers) Multiarch","vendor":"Red Hat","contentUrl":"/content/dist/rhel-alt/server/7/7Server/multiarch/containers","requiredTags":"rhel-alt-7-armv8-a","gpgUrl":"file:///etc/pki/rpm-gpg/RPM-GPG-KEY-redhat-release","modifiedProductIds":[],"arches":null,"metadataExpire":86400,"uuid":"8a99f98a6404334f01641dfda1d004cd","releaseVersion":null},"enabled":false},{"content":{"created":"2017-09-11T09:20:55.000+0000","updated":"2017-09-11T09:20:55.000+0000","id":"5582","type":"containerimage","label":"rhel-7-server-containers","name":"Red Hat Enterprise Linux 7 Server (Containers)","vendor":"Red Hat","contentUrl":"/content/dist/rhel/server/7/7Server/x86_64/containers","requiredTags":"rhel-7-server","gpgUrl":"file:///etc/pki/rpm-gpg/RPM-GPG-KEY-redhat-release","modifiedProductIds":[],"arches":null,"metadataExpire":86400,"uuid":"8a99f9815e62e65a015e711994ed1114","releaseVersion":null},"enabled":false},{"content":{"created":"2018-04-06T00:00:12.000+0000","updated":"2018-04-06T00:00:12.000+0000","id":"7046","type":"containerimage","label":"rhel-7-server-multiarch-containers","name":"Red Hat Enterprise Linux 7 Server (Containers) Multiarch","vendor":"Red Hat","contentUrl":"/content/dist/rhel/server/7/7Server/multiarch/containers","requiredTags":"rhel-7-server","gpgUrl":"file:///etc/pki/rpm-gpg/RPM-GPG-KEY-redhat-release","modifiedProductIds":[],"arches":null,"metadataExpire":86400,"uuid":"8a99f99e6291326c0162991c9ce00291","releaseVersion":null},"enabled":false},{"content":{"created":"2018-04-06T00:00:12.000+0000","updated":"2018-04-06T00:00:12.000+0000","id":"7023","type":"containerimage","label":"rhel-6-server-multiarch-containers","name":"Red Hat Enterprise Linux 6 Server (Containers) Multiarch","vendor":"Red Hat","contentUrl":"/content/dist/rhel/server/6/6Server/multiarch/containers","requiredTags":"rhel-6-server","gpgUrl":"file:///etc/pki/rpm-gpg/RPM-GPG-KEY-redhat-release","modifiedProductIds":[],"arches":null,"metadataExpire":86400,"uuid":"8a99f99e6291326c0162991c9ce10293","releaseVersion":null},"enabled":false},{"content":{"created":"2018-07-17T12:27:08.000+0000","updated":"2018-07-17T12:27:08.000+0000","id":"7532","type":"containerimage","label":"rhel-7-for-power-le-multiarch-containers","name":"Red Hat Enterprise Linux 7 for IBM Power LE (Containers) Multiarch","vendor":"Red Hat","contentUrl":"/content/dist/rhel/power-le/7/7Server/multiarch/containers","requiredTags":"rhel-7-for-power-le","gpgUrl":"file:///etc/pki/rpm-gpg/RPM-GPG-KEY-redhat-release","modifiedProductIds":[],"arches":null,"metadataExpire":86400,"uuid":"8a99f99f643c29720164a9111c8021a4","releaseVersion":null},"enabled":false},{"content":{"created":"2018-07-16T15:07:23.000+0000","updated":"2018-07-16T15:07:23.000+0000","id":"7531","type":"containerimage","label":"rhel-7-for-system-z-multiarch-containers","name":"Red Hat Enterprise Linux 7 for System Z (Containers) Multiarch","vendor":"Red Hat","contentUrl":"/content/dist/rhel/system-z/7/7Server/multiarch/containers","requiredTags":"rhel-7-ibm-system-z","gpgUrl":"file:///etc/pki/rpm-gpg/RPM-GPG-KEY-redhat-release","modifiedProductIds":[],"arches":null,"metadataExpire":86400,"uuid":"8a99f99e643c23d30164a47d794a229a","releaseVersion":null},"enabled":false},{"content":{"created":"2018-06-27T16:49:05.000+0000","updated":"2018-06-27T16:49:05.000+0000","id":"7465","type":"containerimage","label":"rhel-8-appstream-containers","name":"Red Hat Enterprise Linux 8 - AppStream (Containers)","vendor":"Red Hat","contentUrl":"/content/dist/containers/rhel8/multiarch/appstream/containers","requiredTags":"rhel-8","gpgUrl":"file:///etc/pki/rpm-gpg/RPM-GPG-KEY-redhat-release","modifiedProductIds":[],"arches":null,"metadataExpire":86400,"uuid":"8a99f99f643c297201644301bfcf01ff","releaseVersion":null},"enabled":false},{"content":{"created":"2018-05-03T04:04:52.000+0000","updated":"2018-05-03T04:04:52.000+0000","id":"7309","type":"containerimage","label":"rhel-7-server-insights-3-multiarch-containers","name":"Red Hat Insights 3 (Containers) Multiarch","vendor":"Red Hat","contentUrl":"/content/dist/rhel/server/7/7Server/multiarch/insights/3/containers","requiredTags":"rhel-7-server","gpgUrl":"file:///etc/pki/rpm-gpg/RPM-GPG-KEY-redhat-release","modifiedProductIds":[],"arches":null,"metadataExpire":86400,"uuid":"8a99f99e6321d9ed01632508522801cd","releaseVersion":null},"enabled":false},{"content":{"created":"2017-09-11T09:20:50.000+0000","updated":"2017-09-11T09:20:50.000+0000","id":"3877","type":"containerimage","label":"rhel-6-server-containers","name":"Red Hat Enterprise Linux 6 Server (Containers)","vendor":"Red Hat","contentUrl":"/content/dist/rhel/server/6/6Server/x86_64/containers","requiredTags":"rhel-6-server","gpgUrl":"file:///etc/pki/rpm-gpg/RPM-GPG-KEY-redhat-release","modifiedProductIds":[],"arches":null,"metadataExpire":86400,"uuid":"8a99f9815e62e65a015e711982650b75","releaseVersion":null},"enabled":false}],"dependentProductIds":[]}