{"created":"2017-09-11T09:21:10.000+0000","updated":"2018-08-16T15:00:11.000+0000","uuid":"8a99f9aa653dbb450165434049967258","multiplier":1,"id":"274","name":"Red Hat Container Images Beta","attributes":[{"name":"name","value":"Red Hat Container Images Beta"},{"name":"arch","value":"x86_64"},{"name":"type","value":"SVC"}],"productContent":[{"content":{"created":"2018-04-06T00:00:12.000+0000","updated":"2018-04-06T00:00:12.000+0000","id":"7057","type":"containerimage","label":"rhel-7-server-beta-multiarch-containers","name":"Red Hat Enterprise Linux 7 Server - Beta (Containers) Multiarch","vendor":"Red Hat","contentUrl":"/content/beta/rhel/server/7/multiarch/containers","requiredTags":"rhel-7-server","gpgUrl":"file:///etc/pki/rpm-gpg/RPM-GPG-KEY-redhat-beta,file:///etc/pki/rpm-gpg/RPM-GPG-KEY-redhat-release","modifiedProductIds":[],"arches":null,"metadataExpire":86400,"uuid":"8a99f99e6291326c0162991c9ce10292","releaseVersion":null},"enabled":false},{"content":{"created":"2018-04-06T00:00:11.000+0000","updated":"2018-04-06T00:00:11.000+0000","id":"7024","type":"containerimage","label":"rhel-6-server-beta-multiarch-containers","name":"Red Hat Enterprise Linux 6 Server - Beta (Containers) Multiarch","vendor":"Red Hat","contentUrl":"/content/beta/rhel/server/6/6Server/multiarch/containers","requiredTags":"rhel-6-server","gpgUrl":"file:///etc/pki/rpm-gpg/RPM-GPG-KEY-redhat-beta,file:///etc/pki/rpm-gpg/RPM-GPG-KEY-redhat-release","modifiedProductIds":[],"arches":null,"metadataExpire":86400,"uuid":"8a99f99e6291326c0162991c9ce00290","releaseVersion":null},"enabled":false},{"content":{"created":"2018-06-20T12:18:38.000+0000","updated":"2018-06-20T12:18:38.000+0000","id":"7496","type":"containerimage","label":"rhel-7-for-arm-64-beta-multiarch-containers","name":"Red Hat Enterprise Linux 7 for ARM - Beta (Containers) Multiarch","vendor":"Red Hat","contentUrl":"/content/beta/rhel-alt/server/7/multiarch/containers","requiredTags":"rhel-alt-7-armv8-a","gpgUrl":"file:///etc/pki/rpm-gpg/RPM-GPG-KEY-redhat-beta,file:///etc/pki/rpm-gpg/RPM-GPG-KEY-redhat-release","modifiedProductIds":[],"arches":null,"metadataExpire":86400,"uuid":"8a99f98a6404334f01641dfda1d104ce","releaseVersion":null},"enabled":false},{"content":{"created":"2017-09-11T09:20:50.000+0000","updated":"2017-09-11T09:20:50.000+0000","id":"3829","type":"yum","label":"rhel-7-container-beta-rpms","name":"Red Hat Enterprise Linux 7 for Containers - Beta (RPMs)","vendor":"Red Hat","contentUrl":"/content/beta/rhel/container/7/$basearch/os","requiredTags":"rhel-7-container","gpgUrl":"file:///etc/pki/rpm-gpg/RPM-GPG-KEY-redhat-beta,file:///etc/pki/rpm-gpg/RPM-GPG-KEY-redhat-release","modifiedProductIds":[],"arches":null,"metadataExpire":86400,"uuid":"8a99f9815e62e65a015e711982780c9b","releaseVersion":null},"enabled":false},{"content":{"created":"2017-09-11T09:20:55.000+0000","updated":"2017-09-11T09:20:55.000+0000","id":"5437","type":"yum","label":"rhel-7-container-beta-debug-rpms","name":"Red Hat Enterprise Linux 7 for Containers - Beta (Debug RPMs)","vendor":"Red Hat","contentUrl":"/content/beta/rhel/container/7/$basearch/debug","requiredTags":"rhel-7-container","gpgUrl":"file:///etc/pki/rpm-gpg/RPM-GPG-KEY-redhat-beta,file:///etc/pki/rpm-gpg/RPM-GPG-KEY-redhat-release","modifiedProductIds":[],"arches":null,"metadataExpire":86400,"uuid":"8a99f9815e62e65a015e711994ea10de","releaseVersion":null},"enabled":false},{"content":{"created":"2017-09-11T09:20:55.000+0000","updated":"2017-09-11T09:20:55.000+0000","id":"5438","type":"yum","label":"rhel-7-container-beta-source-rpms","name":"Red Hat Enterprise Linux 7 for Containers - Beta (Source RPMs)","vendor":"Red Hat","contentUrl":"/content/beta/rhel/container/7/$basearch/source/SRPMS","requiredTags":"rhel-7-container","gpgUrl":"file:///etc/pki/rpm-gpg/RPM-GPG-KEY-redhat-beta,file:///etc/pki/rpm-gpg/RPM-GPG-KEY-redhat-release","modifiedProductIds":[],"arches":null,"metadataExpire":86400,"uuid":"8a99f9815e62e65a015e711994ea10df","releaseVersion":null},"enabled":false},{"content":{"created":"2018-08-16T15:00:10.000+0000","updated":"2018-08-16T15:00:10.000+0000","id":"7617","type":"containerimage","label":"rhel-8-appstream-beta-containers","name":"Red Hat Enterprise Linux 8 - AppStream Beta (Containers)","vendor":"Red Hat","contentUrl":"/content/beta/containers/rhel8/multiarch/appstream/containers","requiredTags":"rhel-8-beta","gpgUrl":"file:///etc/pki/rpm-gpg/RPM-GPG-KEY-redhat-beta,file:///etc/pki/rpm-gpg/RPM-GPG-KEY-redhat-release","modifiedProductIds":[],"arches":null,"metadataExpire":86400,"uuid":"8a99f9aa653dbb4501654340452f7257","releaseVersion":null},"enabled":false},{"content":{"created":"2017-09-11T09:20:50.000+0000","updated":"2017-09-11T09:20:50.000+0000","id":"5803","type":"containerimage","label":"rhel-7-server-beta-container","name":"Red Hat Enterprise Linux 7 Server - Beta (Containers)","vendor":"Red Hat","contentUrl":"/content/beta/rhel/server/7/x86_64/containers","requiredTags":"rhel-7-server","gpgUrl":"file:///etc/pki/rpm-gpg/RPM-GPG-KEY-redhat-beta,file:///etc/pki/rpm-gpg/RPM-GPG-KEY-redhat-release","modifiedProductIds":[],"arches":null,"metadataExpire":86400,"uuid":"8a99f9815e62e65a015e7119826b0bca","releaseVersion":null},"enabled":false},{"content":{"created":"2017-09-11T09:20:50.000+0000","updated":"2017-09-11T09:20:50.000+0000","id":"3878","type":"containerimage","label":"rhel-6-server-beta-containers","name":"Red Hat Enterprise Linux 6 Server - Beta (Containers)","vendor":"Red Hat","contentUrl":"/content/beta/rhel/server/6/6Server/x86_64/containers","requiredTags":"rhel-6-server","gpgUrl":"file:///etc/pki/rpm-gpg/RPM-GPG-KEY-redhat-beta,file:///etc/pki/rpm-gpg/RPM-GPG-KEY-redhat-release","modifiedProductIds":[],"arches":null,"metadataExpire":86400,"uuid":"8a99f9815e62e65a015e711982650b70","releaseVersion":null},"enabled":false},{"content":{"created":"2018-08-16T15:00:10.000+0000","updated":"2018-08-16T15:00:10.000+0000","id":"7592","type":"containerimage","label":"rhel-8-baseos-beta-containers","name":"Red Hat Enterprise Linux 8 - BaseOS Beta (Containers)","vendor":"Red Hat","contentUrl":"/content/beta/containers/rhel8/multiarch/baseos/containers","requiredTags":"rhel-8-beta","gpgUrl":"file:///etc/pki/rpm-gpg/RPM-GPG-KEY-redhat-beta,file:///etc/pki/rpm-gpg/RPM-GPG-KEY-redhat-release","modifiedProductIds":[],"arches":null,"metadataExpire":86400,"uuid":"8a99f9aa653dbb4501654340452f7256","releaseVersion":null},"enabled":false}],"dependentProductIds":[]}