{"created":"2017-09-11T09:23:17.000+0000","updated":"2018-08-16T19:35:36.000+0000","uuid":"8a99f9ae653dbb4b0165443c6f740191","multiplier":1,"id":"276","name":"Red Hat Virtualization for IBM Power LE","attributes":[{"name":"name","value":"Red Hat Virtualization for IBM Power LE"},{"name":"arch","value":"ppc64,ppc64le,x86_64"},{"name":"type","value":"SVC"}],"productContent":[{"content":{"created":"2018-08-16T19:35:35.000+0000","updated":"2018-08-16T19:35:35.000+0000","id":"7620","type":"yum","label":"rhel-7-server-rhv-4-mgmt-agent-for-power-9-debug-rpms","name":"Red Hat Virtualization 4 Management Agents (for RHEL 7 Server for IBM POWER9) Debug RPMs","vendor":"Red Hat","contentUrl":"/content/dist/rhel-alt/server/7/7Server/power9/$basearch/rhv-mgmt-agent/4/debug","requiredTags":"rhel-alt-7-power9","gpgUrl":"file:///etc/pki/rpm-gpg/RPM-GPG-KEY-redhat-release","modifiedProductIds":[],"arches":"ppc64le","metadataExpire":86400,"uuid":"8a99f9ae653dbb4b0165443c6d1d018b","releaseVersion":null},"enabled":false},{"content":{"created":"2018-08-16T19:35:35.000+0000","updated":"2018-08-16T19:35:35.000+0000","id":"7622","type":"yum","label":"rhel-7-server-rhv-4-mgmt-agent-for-power-9-beta-rpms","name":"Red Hat Virtualization 4 Management Agents (for RHEL 7 Server for IBM POWER9) Beta RPMs","vendor":"Red Hat","contentUrl":"/content/beta/rhel-alt/server/7/7Server/power9/$basearch/rhv-mgmt-agent/4/os","requiredTags":"rhel-alt-7-power9","gpgUrl":"file:///etc/pki/rpm-gpg/RPM-GPG-KEY-redhat-release,file:///etc/pki/rpm-gpg/RPM-GPG-KEY-redhat-beta","modifiedProductIds":[],"arches":"ppc64le","metadataExpire":86400,"uuid":"8a99f9ae653dbb4b0165443c6d1d018c","releaseVersion":null},"enabled":false},{"content":{"created":"2017-09-11T09:22:30.000+0000","updated":"2017-09-11T09:22:30.000+0000","id":"4531","type":"yum","label":"rhel-7-server-rhev-mgmt-agent-for-power-le-rpms","name":"Red Hat Enterprise Virtualization Management Agents for RHEL 7 for IBM Power (RPMs)","vendor":"Red Hat","contentUrl":"/content/dist/rhel/power-le/7/$releasever/$basearch/rhev-mgmt-agent/3/os","requiredTags":"rhel-7-ibm-power-le","gpgUrl":"file:///etc/pki/rpm-gpg/RPM-GPG-KEY-redhat-release","modifiedProductIds":[],"arches":"ppc64le","metadataExpire":86400,"uuid":"8a99f9835e62e718015e711b0929299d","releaseVersion":null},"enabled":false},{"content":{"created":"2018-08-16T19:35:35.000+0000","updated":"2018-08-16T19:35:35.000+0000","id":"7621","type":"yum","label":"rhel-7-server-rhv-4-mgmt-agent-for-power-9-source-rpms","name":"Red Hat Virtualization 4 Management Agents (for RHEL 7 Server for IBM POWER9) Source RPMs","vendor":"Red Hat","contentUrl":"/content/dist/rhel-alt/server/7/7Server/power9/$basearch/rhv-mgmt-agent/4/source/SRPMS","requiredTags":"rhel-alt-7-power9","gpgUrl":"file:///etc/pki/rpm-gpg/RPM-GPG-KEY-redhat-release","modifiedProductIds":[],"arches":"ppc64le","metadataExpire":86400,"uuid":"8a99f9ae653dbb4b0165443c6d1d018d","releaseVersion":null},"enabled":false},{"content":{"created":"2017-09-11T09:22:10.000+0000","updated":"2017-09-11T09:22:10.000+0000","id":"5180","type":"yum","label":"rhel-7-server-rhv-4-power-debug-rpms","name":"Red Hat Virtualization 4 for IBM Power (Debug RPMs)","vendor":"Red Hat","contentUrl":"/content/dist/rhel/server/7/7Server/$basearch/rhv-power/4/debug","requiredTags":"rhel-7-server","gpgUrl":"file:///etc/pki/rpm-gpg/RPM-GPG-KEY-redhat-release","modifiedProductIds":[],"arches":"x86_64","metadataExpire":86400,"uuid":"8a99f9835e62e718015e711ab80d244e","releaseVersion":null},"enabled":false},{"content":{"created":"2017-09-11T09:22:10.000+0000","updated":"2017-09-11T09:22:10.000+0000","id":"5181","type":"yum","label":"rhel-7-server-rhv-4-power-source-rpms","name":"Red Hat Virtualization 4 for IBM Power (Source RPMs)","vendor":"Red Hat","contentUrl":"/content/dist/rhel/server/7/7Server/$basearch/rhv-power/4/source/SRPMS","requiredTags":"rhel-7-server","gpgUrl":"file:///etc/pki/rpm-gpg/RPM-GPG-KEY-redhat-release","modifiedProductIds":[],"arches":"x86_64","metadataExpire":86400,"uuid":"8a99f9835e62e718015e711ab80d244d","releaseVersion":null},"enabled":false},{"content":{"created":"2017-09-11T09:22:10.000+0000","updated":"2017-09-11T09:22:10.000+0000","id":"5182","type":"file","label":"rhel-7-server-rhv-4-power-files","name":"Red Hat Virtualization 4 for IBM Power (Files)","vendor":"Red Hat","contentUrl":"/content/dist/rhel/server/7/7Server/$basearch/rhv-power/4/files","requiredTags":"rhel-7-server","gpgUrl":"file:///etc/pki/rpm-gpg/RPM-GPG-KEY-redhat-release","modifiedProductIds":[],"arches":"x86_64","metadataExpire":86400,"uuid":"8a99f9835e62e718015e711ab80d244c","releaseVersion":null},"enabled":false},{"content":{"created":"2017-09-11T09:22:10.000+0000","updated":"2017-09-11T09:22:10.000+0000","id":"5160","type":"yum","label":"rhel-7-server-rhv-4-mgmt-agent-for-power-le-beta-debug-rpms","name":"Red Hat Virtualization 4 Management Agents for RHEL 7 Beta for IBM Power (Debug RPMs)","vendor":"Red Hat","contentUrl":"/content/beta/rhel/power-le/7/$basearch/rhv-mgmt-agent/4/debug","requiredTags":"rhel-7-ibm-power-le","gpgUrl":"file:///etc/pki/rpm-gpg/RPM-GPG-KEY-redhat-release","modifiedProductIds":[],"arches":"ppc64le","metadataExpire":86400,"uuid":"8a99f9835e62e718015e711ab80a23e4","releaseVersion":null},"enabled":false},{"content":{"created":"2017-09-11T09:22:30.000+0000","updated":"2017-09-11T09:22:30.000+0000","id":"3858","type":"file","label":"rhev-host-3.4-for-power-files","name":"Red Hat Enterprise Virtualization for IBM Power (Files)","vendor":"Red Hat","contentUrl":"/content/dist/rhel/power/7/$releasever/$basearch/rhevpower/3.4/files","requiredTags":"rhel-7-ibm-power","gpgUrl":"file:///etc/pki/rpm-gpg/RPM-GPG-KEY-redhat-release","modifiedProductIds":[],"arches":"ppc64","metadataExpire":86400,"uuid":"8a99f9835e62e718015e711b092328e3","releaseVersion":null},"enabled":false},{"content":{"created":"2017-09-11T09:22:30.000+0000","updated":"2017-09-11T09:22:30.000+0000","id":"3859","type":"yum","label":"rhev-host-3.4-for-power-source-rpms","name":"Red Hat Enterprise Virtualization for IBM Power (Source RPMs)","vendor":"Red Hat","contentUrl":"/content/dist/rhel/power/7/$releasever/$basearch/rhevpower/3.4/source/SRPMS","requiredTags":"rhel-7-ibm-power","gpgUrl":"file:///etc/pki/rpm-gpg/RPM-GPG-KEY-redhat-release","modifiedProductIds":[],"arches":"ppc64","metadataExpire":86400,"uuid":"8a99f9835e62e718015e711b092328e2","releaseVersion":null},"enabled":false},{"content":{"created":"2017-09-11T09:22:10.000+0000","updated":"2017-09-11T09:22:10.000+0000","id":"5159","type":"yum","label":"rhel-7-server-rhv-4-mgmt-agent-for-power-le-beta-source-rpms","name":"Red Hat Virtualization 4 Management Agents for RHEL 7 Beta for IBM Power (Source RPMs)","vendor":"Red Hat","contentUrl":"/content/beta/rhel/power-le/7/$basearch/rhv-mgmt-agent/4/source/SRPMS","requiredTags":"rhel-7-ibm-power-le","gpgUrl":"file:///etc/pki/rpm-gpg/RPM-GPG-KEY-redhat-release","modifiedProductIds":[],"arches":"ppc64le","metadataExpire":86400,"uuid":"8a99f9835e62e718015e711ab80a23f4","releaseVersion":null},"enabled":false},{"content":{"created":"2017-09-11T09:21:48.000+0000","updated":"2017-09-11T09:21:48.000+0000","id":"4600","type":"yum","label":"rhel-7-server-rhev-mgmt-agent-for-power-le-beta-rpms","name":"Red Hat Enterprise Virtualization Management Agents Beta for RHEL 7 for IBM Power (RPMs)","vendor":"Red Hat","contentUrl":"/content/beta/rhel/power-le/7/$basearch/rhev-mgmt-agent/3/os","requiredTags":"rhel-7-ibm-power-le","gpgUrl":"file:///etc/pki/rpm-gpg/RPM-GPG-KEY-redhat-release","modifiedProductIds":[],"arches":"ppc64le","metadataExpire":86400,"uuid":"8a99f9835e62e718015e711a6523218d","releaseVersion":null},"enabled":false},{"content":{"created":"2017-09-11T09:21:48.000+0000","updated":"2017-09-11T09:21:48.000+0000","id":"3875","type":"yum","label":"rhev-host-3.4-for-power-debug-rpms","name":"Red Hat Enterprise Virtualization for IBM Power (Debug RPMs)","vendor":"Red Hat","contentUrl":"/content/dist/rhel/power/7/$releasever/$basearch/rhevpower/3.4/debug","requiredTags":"rhel-7-ibm-power","gpgUrl":"file:///etc/pki/rpm-gpg/RPM-GPG-KEY-redhat-release","modifiedProductIds":[],"arches":"ppc64","metadataExpire":86400,"uuid":"8a99f9835e62e718015e711a6517206a","releaseVersion":null},"enabled":false},{"content":{"created":"2017-09-11T09:21:48.000+0000","updated":"2017-09-11T09:21:48.000+0000","id":"4601","type":"yum","label":"rhel-7-server-rhev-mgmt-agent-for-power-le-beta-source-rpms","name":"Red Hat Enterprise Virtualization Management Agents Beta for RHEL 7 for IBM Power (Source RPMs)","vendor":"Red Hat","contentUrl":"/content/beta/rhel/power-le/7/$basearch/rhev-mgmt-agent/3/source/SRPMS","requiredTags":"rhel-7-ibm-power-le","gpgUrl":"file:///etc/pki/rpm-gpg/RPM-GPG-KEY-redhat-release","modifiedProductIds":[],"arches":"ppc64le","metadataExpire":86400,"uuid":"8a99f9835e62e718015e711a6523218a","releaseVersion":null},"enabled":false},{"content":{"created":"2017-09-11T09:21:48.000+0000","updated":"2017-09-11T09:21:48.000+0000","id":"4700","type":"yum","label":"rhel-6-server-rhevm-3.6-power-debug-rpms","name":"Red Hat Enterprise Virtualization Manager 3.6 for IBM Power (Debug RPMs)","vendor":"Red Hat","contentUrl":"/content/dist/rhel/server/6/6Server/$basearch/rhev-power-manager/3.6/debug","requiredTags":"rhel-6-server","gpgUrl":"file:///etc/pki/rpm-gpg/RPM-GPG-KEY-redhat-release","modifiedProductIds":[],"arches":"x86_64","metadataExpire":86400,"uuid":"8a99f9835e62e718015e711a65202136","releaseVersion":null},"enabled":false},{"content":{"created":"2017-09-11T09:21:48.000+0000","updated":"2017-09-11T09:21:48.000+0000","id":"4602","type":"yum","label":"rhel-7-server-rhev-mgmt-agent-for-power-le-beta-debug-rpms","name":"Red Hat Enterprise Virtualization Management Agents Beta for RHEL 7 for IBM Power (Debug RPMs)","vendor":"Red Hat","contentUrl":"/content/beta/rhel/power-le/7/$basearch/rhev-mgmt-agent/3/debug","requiredTags":"rhel-7-ibm-power-le","gpgUrl":"file:///etc/pki/rpm-gpg/RPM-GPG-KEY-redhat-release","modifiedProductIds":[],"arches":"ppc64le","metadataExpire":86400,"uuid":"8a99f9835e62e718015e711a65232183","releaseVersion":null},"enabled":false},{"content":{"created":"2017-09-11T09:21:48.000+0000","updated":"2017-09-11T09:21:48.000+0000","id":"4701","type":"yum","label":"rhel-6-server-rhevm-3.6-power-source-rpms","name":"Red Hat Enterprise Virtualization Manager 3.6 for IBM Power (Source RPMs)","vendor":"Red Hat","contentUrl":"/content/dist/rhel/server/6/6Server/$basearch/rhev-power-manager/3.6/source/SRPMS","requiredTags":"rhel-6-server","gpgUrl":"file:///etc/pki/rpm-gpg/RPM-GPG-KEY-redhat-release","modifiedProductIds":[],"arches":"x86_64","metadataExpire":86400,"uuid":"8a99f9835e62e718015e711a65202131","releaseVersion":null},"enabled":false},{"content":{"created":"2017-09-11T09:21:48.000+0000","updated":"2017-09-11T09:21:48.000+0000","id":"3876","type":"yum","label":"rhev-host-3.4-for-power-rpms","name":"Red Hat Enterprise Virtualization for IBM Power (RPMs)","vendor":"Red Hat","contentUrl":"/content/dist/rhel/power/7/$releasever/$basearch/rhevpower/3.4/os","requiredTags":"rhel-7-ibm-power","gpgUrl":"file:///etc/pki/rpm-gpg/RPM-GPG-KEY-redhat-release","modifiedProductIds":[],"arches":"ppc64","metadataExpire":86400,"uuid":"8a99f9835e62e718015e711a6518206f","releaseVersion":null},"enabled":false},{"content":{"created":"2017-09-11T09:21:48.000+0000","updated":"2017-09-11T09:21:48.000+0000","id":"4702","type":"file","label":"rhel-6-server-rhevm-3.6-power-files","name":"Red Hat Enterprise Virtualization Manager 3.6 for IBM Power (Files)","vendor":"Red Hat","contentUrl":"/content/dist/rhel/server/6/6Server/$basearch/rhev-power-manager/3.6/files","requiredTags":"rhel-6-server","gpgUrl":"file:///etc/pki/rpm-gpg/RPM-GPG-KEY-redhat-release","modifiedProductIds":[],"arches":"x86_64","metadataExpire":86400,"uuid":"8a99f9835e62e718015e711a65202133","releaseVersion":null},"enabled":false},{"content":{"created":"2018-08-16T19:35:35.000+0000","updated":"2018-08-16T19:35:35.000+0000","id":"7619","type":"yum","label":"rhel-7-server-rhv-4-mgmt-agent-for-power-9-rpms","name":"Red Hat Virtualization 4 Management Agents (for RHEL 7 Server for IBM POWER9) RPMs","vendor":"Red Hat","contentUrl":"/content/dist/rhel-alt/server/7/7Server/power9/$basearch/rhv-mgmt-agent/4/os","requiredTags":"rhel-alt-7-power9","gpgUrl":"file:///etc/pki/rpm-gpg/RPM-GPG-KEY-redhat-release","modifiedProductIds":[],"arches":"ppc64le","metadataExpire":86400,"uuid":"8a99f9ae653dbb4b0165443c6d1d0190","releaseVersion":null},"enabled":false},{"content":{"created":"2017-09-11T09:22:10.000+0000","updated":"2017-09-11T09:22:10.000+0000","id":"5175","type":"yum","label":"rhel-7-server-rhv-4-power-beta-rpms","name":"Red Hat Virtualization 4 for IBM Power Beta (RPMs)","vendor":"Red Hat","contentUrl":"/content/beta/rhel/server/7/$basearch/rhv-power/4/os","requiredTags":"rhel-7-server","gpgUrl":"file:///etc/pki/rpm-gpg/RPM-GPG-KEY-redhat-release,file:///etc/pki/rpm-gpg/RPM-GPG-KEY-redhat-beta","modifiedProductIds":[],"arches":"x86_64","metadataExpire":86400,"uuid":"8a99f9835e62e718015e711ab80a23fd","releaseVersion":null},"enabled":false},{"content":{"created":"2017-09-11T09:22:10.000+0000","updated":"2017-09-11T09:22:10.000+0000","id":"5176","type":"yum","label":"rhel-7-server-rhv-4-power-beta-debug-rpms","name":"Red Hat Virtualization 4 for IBM Power Beta (Debug RPMs)","vendor":"Red Hat","contentUrl":"/content/beta/rhel/server/7/$basearch/rhv-power/4/debug","requiredTags":"rhel-7-server","gpgUrl":"file:///etc/pki/rpm-gpg/RPM-GPG-KEY-redhat-release,file:///etc/pki/rpm-gpg/RPM-GPG-KEY-redhat-beta","modifiedProductIds":[],"arches":"x86_64","metadataExpire":86400,"uuid":"8a99f9835e62e718015e711ab80b23ff","releaseVersion":null},"enabled":false},{"content":{"created":"2017-09-11T09:22:10.000+0000","updated":"2017-09-11T09:22:10.000+0000","id":"5177","type":"yum","label":"rhel-7-server-rhv-4-power-beta-source-rpms","name":"Red Hat Virtualization 4 for IBM Power Beta (Source RPMs)","vendor":"Red Hat","contentUrl":"/content/beta/rhel/server/7/$basearch/rhv-power/4/source/SRPMS","requiredTags":"rhel-7-server","gpgUrl":"file:///etc/pki/rpm-gpg/RPM-GPG-KEY-redhat-release,file:///etc/pki/rpm-gpg/RPM-GPG-KEY-redhat-beta","modifiedProductIds":[],"arches":"x86_64","metadataExpire":86400,"uuid":"8a99f9835e62e718015e711ab80a23f5","releaseVersion":null},"enabled":false},{"content":{"created":"2017-09-11T09:22:10.000+0000","updated":"2017-09-11T09:22:10.000+0000","id":"5155","type":"yum","label":"rhel-7-server-rhv-4-mgmt-agent-for-power-le-rpms","name":"Red Hat Virtualization 4 Management Agents RHEL 7 for IBM Power (RPMs)","vendor":"Red Hat","contentUrl":"/content/dist/rhel/power-le/7/$releasever/$basearch/rhv-mgmt-agent/4/os","requiredTags":"rhel-7-ibm-power-le","gpgUrl":"file:///etc/pki/rpm-gpg/RPM-GPG-KEY-redhat-release","modifiedProductIds":[],"arches":"ppc64le","metadataExpire":86400,"uuid":"8a99f9835e62e718015e711ab80c241d","releaseVersion":null},"enabled":false},{"content":{"created":"2017-09-11T09:22:10.000+0000","updated":"2017-09-11T09:22:10.000+0000","id":"5178","type":"file","label":"rhel-7-server-rhv-4-power-beta-files","name":"Red Hat Virtualization 4 for IBM Power Beta (Files)","vendor":"Red Hat","contentUrl":"/content/beta/rhel/server/7/$basearch/rhv-power/4/files","requiredTags":"rhel-7-server","gpgUrl":"file:///etc/pki/rpm-gpg/RPM-GPG-KEY-redhat-release,file:///etc/pki/rpm-gpg/RPM-GPG-KEY-redhat-beta","modifiedProductIds":[],"arches":"x86_64","metadataExpire":86400,"uuid":"8a99f9835e62e718015e711ab80a23f6","releaseVersion":null},"enabled":true},{"content":{"created":"2017-09-11T09:22:10.000+0000","updated":"2017-09-11T09:22:10.000+0000","id":"5156","type":"yum","label":"rhel-7-server-rhv-4-mgmt-agent-for-power-le-source-rpms","name":"Red Hat Virtualization Management 4 Agents RHEL 7 for IBM Power (Source RPMs)","vendor":"Red Hat","contentUrl":"/content/dist/rhel/power-le/7/$releasever/$basearch/rhv-mgmt-agent/4/source/SRPMS","requiredTags":"rhel-7-ibm-power-le","gpgUrl":"file:///etc/pki/rpm-gpg/RPM-GPG-KEY-redhat-release","modifiedProductIds":[],"arches":"ppc64le","metadataExpire":86400,"uuid":"8a99f9835e62e718015e711ab80c241f","releaseVersion":null},"enabled":false},{"content":{"created":"2017-09-11T09:22:10.000+0000","updated":"2017-09-11T09:22:10.000+0000","id":"5179","type":"yum","label":"rhel-7-server-rhv-4-power-rpms","name":"Red Hat Virtualization 4 for IBM Power (RPMs)","vendor":"Red Hat","contentUrl":"/content/dist/rhel/server/7/7Server/$basearch/rhv-power/4/os","requiredTags":"rhel-7-server","gpgUrl":"file:///etc/pki/rpm-gpg/RPM-GPG-KEY-redhat-release","modifiedProductIds":[],"arches":"x86_64","metadataExpire":86400,"uuid":"8a99f9835e62e718015e711ab80a23f7","releaseVersion":null},"enabled":false},{"content":{"created":"2017-09-11T09:22:10.000+0000","updated":"2017-09-11T09:22:10.000+0000","id":"5157","type":"yum","label":"rhel-7-server-rhv-4-mgmt-agent-for-power-le-debug-rpms","name":"Red Hat Virtualization 4 Management Agents RHEL 7 for IBM Power (Debug RPMs)","vendor":"Red Hat","contentUrl":"/content/dist/rhel/power-le/7/$releasever/$basearch/rhv-mgmt-agent/4/debug","requiredTags":"rhel-7-ibm-power-le","gpgUrl":"file:///etc/pki/rpm-gpg/RPM-GPG-KEY-redhat-release","modifiedProductIds":[],"arches":"ppc64le","metadataExpire":86400,"uuid":"8a99f9835e62e718015e711ab80c2420","releaseVersion":null},"enabled":false},{"content":{"created":"2017-09-11T09:22:10.000+0000","updated":"2017-09-11T09:22:10.000+0000","id":"5158","type":"yum","label":"rhel-7-server-rhv-4-mgmt-agent-for-power-le-beta-rpms","name":"Red Hat Virtualization 4 Management Agents for RHEL 7 Beta for IBM Power (RPMs)","vendor":"Red Hat","contentUrl":"/content/beta/rhel/power-le/7/$basearch/rhv-mgmt-agent/4/os","requiredTags":"rhel-7-ibm-power-le","gpgUrl":"file:///etc/pki/rpm-gpg/RPM-GPG-KEY-redhat-release","modifiedProductIds":[],"arches":"ppc64le","metadataExpire":86400,"uuid":"8a99f9835e62e718015e711ab80c2423","releaseVersion":null},"enabled":false},{"content":{"created":"2018-08-16T19:35:35.000+0000","updated":"2018-08-16T19:35:35.000+0000","id":"7624","type":"yum","label":"rhel-7-server-rhv-4-mgmt-agent-for-power-9-beta-source-rpms","name":"Red Hat Virtualization 4 Management Agents (for RHEL 7 Server for IBM POWER9) Beta Source RPMs","vendor":"Red Hat","contentUrl":"/content/beta/rhel-alt/server/7/7Server/power9/$basearch/rhv-mgmt-agent/4/source/SRPMS","requiredTags":"rhel-alt-7-power9","gpgUrl":"file:///etc/pki/rpm-gpg/RPM-GPG-KEY-redhat-release,file:///etc/pki/rpm-gpg/RPM-GPG-KEY-redhat-beta","modifiedProductIds":[],"arches":"ppc64le","metadataExpire":86400,"uuid":"8a99f9ae653dbb4b0165443c6d1d018e","releaseVersion":null},"enabled":false},{"content":{"created":"2017-09-11T09:22:30.000+0000","updated":"2017-09-11T09:22:30.000+0000","id":"4532","type":"yum","label":"rhel-7-server-rhev-mgmt-agent-for-power-le-source-rpms","name":"Red Hat Enterprise Virtualization Management Agents for RHEL 7 for IBM Power (Source RPMs)","vendor":"Red Hat","contentUrl":"/content/dist/rhel/power-le/7/$releasever/$basearch/rhev-mgmt-agent/3/source/SRPMS","requiredTags":"rhel-7-ibm-power-le","gpgUrl":"file:///etc/pki/rpm-gpg/RPM-GPG-KEY-redhat-release","modifiedProductIds":[],"arches":"ppc64le","metadataExpire":86400,"uuid":"8a99f9835e62e718015e711b0928298c","releaseVersion":null},"enabled":false},{"content":{"created":"2017-09-11T09:22:30.000+0000","updated":"2017-09-11T09:22:30.000+0000","id":"4533","type":"yum","label":"rhel-7-server-rhev-mgmt-agent-for-power-le-debug-rpms","name":"Red Hat Enterprise Virtualization Management Agents for RHEL 7 for IBM Power (Debug RPMs)","vendor":"Red Hat","contentUrl":"/content/dist/rhel/power-le/7/$releasever/$basearch/rhev-mgmt-agent/3/debug","requiredTags":"rhel-7-ibm-power-le","gpgUrl":"file:///etc/pki/rpm-gpg/RPM-GPG-KEY-redhat-release","modifiedProductIds":[],"arches":"ppc64le","metadataExpire":86400,"uuid":"8a99f9835e62e718015e711b0928298e","releaseVersion":null},"enabled":false},{"content":{"created":"2018-08-16T19:35:35.000+0000","updated":"2018-08-16T19:35:35.000+0000","id":"7623","type":"yum","label":"rhel-7-server-rhv-4-mgmt-agent-for-power-9-beta-debug-rpms","name":"Red Hat Virtualization 4 Management Agents (for RHEL 7 Server for IBM POWER9) Beta Debug RPMs","vendor":"Red Hat","contentUrl":"/content/beta/rhel-alt/server/7/7Server/power9/$basearch/rhv-mgmt-agent/4/debug","requiredTags":"rhel-alt-7-power9","gpgUrl":"file:///etc/pki/rpm-gpg/RPM-GPG-KEY-redhat-release,file:///etc/pki/rpm-gpg/RPM-GPG-KEY-redhat-beta","modifiedProductIds":[],"arches":"ppc64le","metadataExpire":86400,"uuid":"8a99f9ae653dbb4b0165443c6d1d018f","releaseVersion":null},"enabled":false},{"content":{"created":"2017-09-11T09:22:10.000+0000","updated":"2017-09-11T09:22:10.000+0000","id":"4699","type":"yum","label":"rhel-6-server-rhevm-3.6-power-rpms","name":"Red Hat Enterprise Virtualization Manager 3.6 for IBM Power (RPMs)","vendor":"Red Hat","contentUrl":"/content/dist/rhel/server/6/6Server/$basearch/rhev-power-manager/3.6/os","requiredTags":"rhel-6-server","gpgUrl":"file:///etc/pki/rpm-gpg/RPM-GPG-KEY-redhat-release","modifiedProductIds":[],"arches":"x86_64","metadataExpire":86400,"uuid":"8a99f9835e62e718015e711ab80a23e2","releaseVersion":null},"enabled":false}],"dependentProductIds":[]}