{"created":"2017-09-11T09:22:51.000+0000","updated":"2017-09-11T09:22:51.000+0000","uuid":"8a99f9835e62e718015e711b59752cd1","multiplier":1,"id":"307","name":"Red Hat JBoss Core Services","attributes":[{"name":"name","value":"Red Hat JBoss Core Services"},{"name":"arch","value":"ppc64,x86,x86_64"},{"name":"type","value":"SVC"}],"productContent":[{"content":{"created":"2017-09-11T09:21:12.000+0000","updated":"2017-09-11T09:21:12.000+0000","id":"4690","type":"yum","label":"jb-coreservices-1-for-rhel-7-server-source-rpms","name":"JBoss Core Services (RHEL 7 Server) (Source RPMs)","vendor":"Red Hat","contentUrl":"/content/dist/rhel/server/7/7Server/$basearch/jbcs/1/source/SRPMS","requiredTags":"rhel-7-server","gpgUrl":"file:///etc/pki/rpm-gpg/RPM-GPG-KEY-redhat-release","modifiedProductIds":[],"arches":"x86_64","metadataExpire":86400,"uuid":"8a99f9835e62e718015e7119d66c142c","releaseVersion":null},"enabled":false},{"content":{"created":"2017-09-11T09:21:12.000+0000","updated":"2017-09-11T09:21:12.000+0000","id":"4680","type":"yum","label":"jb-coreservices-1-for-rhel-6-for-power-rpms","name":"JBoss Core Services (RHEL 6 for IBM Power) (RPMs)","vendor":"Red Hat","contentUrl":"/content/dist/rhel/power/6/6Server/$basearch/jbcs/1/os","requiredTags":"rhel-6-ibm-power","gpgUrl":"file:///etc/pki/rpm-gpg/RPM-GPG-KEY-redhat-release","modifiedProductIds":[],"arches":"ppc64","metadataExpire":86400,"uuid":"8a99f9835e62e718015e7119d66713dd","releaseVersion":null},"enabled":false},{"content":{"created":"2017-09-11T09:21:12.000+0000","updated":"2017-09-11T09:21:12.000+0000","id":"4691","type":"yum","label":"jb-coreservices-1-for-rhel-7-server-debug-rpms","name":"JBoss Core Services (RHEL 7 Server) (Debug RPMs)","vendor":"Red Hat","contentUrl":"/content/dist/rhel/server/7/7Server/$basearch/jbcs/1/debug","requiredTags":"rhel-7-server","gpgUrl":"file:///etc/pki/rpm-gpg/RPM-GPG-KEY-redhat-release","modifiedProductIds":[],"arches":"x86_64","metadataExpire":86400,"uuid":"8a99f9835e62e718015e7119d66c142b","releaseVersion":null},"enabled":false},{"content":{"created":"2017-09-11T09:21:31.000+0000","updated":"2017-09-11T09:21:31.000+0000","id":"6111","type":"yum","label":"jb-coreservices-textonly-1-for-middleware-rpms","name":"Red Hat JBoss Core Services Text-Only Advisories","vendor":"Red Hat","contentUrl":"/content/dist/middleware/jbcs/1.0/$basearch/os","requiredTags":null,"gpgUrl":"file://","modifiedProductIds":[],"arches":"x86_64","metadataExpire":86400,"uuid":"8a99f9835e62e718015e711a23331d1f","releaseVersion":null},"enabled":false},{"content":{"created":"2017-09-11T09:21:12.000+0000","updated":"2017-09-11T09:21:12.000+0000","id":"4681","type":"yum","label":"jb-coreservices-1-for-rhel-6-for-power-source-rpms","name":"JBoss Core Services (RHEL 6 for IBM Power) (Source RPMs)","vendor":"Red Hat","contentUrl":"/content/dist/rhel/power/6/6Server/$basearch/jbcs/1/source/SRPMS","requiredTags":"rhel-6-ibm-power","gpgUrl":"file:///etc/pki/rpm-gpg/RPM-GPG-KEY-redhat-release","modifiedProductIds":[],"arches":"ppc64","metadataExpire":86400,"uuid":"8a99f9835e62e718015e7119d66713da","releaseVersion":null},"enabled":false},{"content":{"created":"2017-09-11T09:21:12.000+0000","updated":"2017-09-11T09:21:12.000+0000","id":"4682","type":"yum","label":"jb-coreservices-1-for-rhel-6-for-power-debug-rpms","name":"JBoss Core Services (RHEL 6 for IBM Power) (Debug RPMs)","vendor":"Red Hat","contentUrl":"/content/dist/rhel/power/6/6Server/$basearch/jbcs/1/debug","requiredTags":"rhel-6-ibm-power","gpgUrl":"file:///etc/pki/rpm-gpg/RPM-GPG-KEY-redhat-release","modifiedProductIds":[],"arches":"ppc64","metadataExpire":86400,"uuid":"8a99f9835e62e718015e7119d66813e9","releaseVersion":null},"enabled":false},{"content":{"created":"2017-09-11T09:21:12.000+0000","updated":"2017-09-11T09:21:12.000+0000","id":"4683","type":"yum","label":"jb-coreservices-1-for-rhel-6-server-rpms","name":"JBoss Core Services (RHEL 6 Server) (RPMs)","vendor":"Red Hat","contentUrl":"/content/dist/rhel/server/6/6Server/$basearch/jbcs/1/os","requiredTags":"rhel-6-server","gpgUrl":"file:///etc/pki/rpm-gpg/RPM-GPG-KEY-redhat-release","modifiedProductIds":[],"arches":"x86,x86_64","metadataExpire":86400,"uuid":"8a99f9835e62e718015e7119d66813e8","releaseVersion":null},"enabled":false},{"content":{"created":"2017-09-11T09:21:12.000+0000","updated":"2017-09-11T09:21:12.000+0000","id":"4684","type":"yum","label":"jb-coreservices-1-for-rhel-6-server-source-rpms","name":"JBoss Core Services (RHEL 6 Server) (Source RPMs)","vendor":"Red Hat","contentUrl":"/content/dist/rhel/server/6/6Server/$basearch/jbcs/1/source/SRPMS","requiredTags":"rhel-6-server","gpgUrl":"file:///etc/pki/rpm-gpg/RPM-GPG-KEY-redhat-release","modifiedProductIds":[],"arches":"x86,x86_64","metadataExpire":86400,"uuid":"8a99f9835e62e718015e7119d66713e4","releaseVersion":null},"enabled":false},{"content":{"created":"2017-09-11T09:21:12.000+0000","updated":"2017-09-11T09:21:12.000+0000","id":"4685","type":"yum","label":"jb-coreservices-1-for-rhel-6-server-debug-rpms","name":"JBoss Core Services (RHEL 6 Server) (Debug RPMs)","vendor":"Red Hat","contentUrl":"/content/dist/rhel/server/6/6Server/$basearch/jbcs/1/debug","requiredTags":"rhel-6-server","gpgUrl":"file:///etc/pki/rpm-gpg/RPM-GPG-KEY-redhat-release","modifiedProductIds":[],"arches":"x86,x86_64","metadataExpire":86400,"uuid":"8a99f9835e62e718015e7119d66713e3","releaseVersion":null},"enabled":false},{"content":{"created":"2017-09-11T09:21:12.000+0000","updated":"2017-09-11T09:21:12.000+0000","id":"4686","type":"yum","label":"jb-coreservices-1-for-rhel-7-for-power-rpms","name":"JBoss Core Services (RHEL 7 for IBM Power) (RPMs)","vendor":"Red Hat","contentUrl":"/content/dist/rhel/power/7/7Server/$basearch/jbcs/1/os","requiredTags":"rhel-7-ibm-power","gpgUrl":"file:///etc/pki/rpm-gpg/RPM-GPG-KEY-redhat-release","modifiedProductIds":[],"arches":"ppc64","metadataExpire":86400,"uuid":"8a99f9835e62e718015e7119d66c142a","releaseVersion":null},"enabled":false},{"content":{"created":"2017-09-11T09:21:12.000+0000","updated":"2017-09-11T09:21:12.000+0000","id":"4687","type":"yum","label":"jb-coreservices-1-for-rhel-7-for-power-source-rpms","name":"JBoss Core Services (RHEL 7 for IBM Power) (Source RPMs)","vendor":"Red Hat","contentUrl":"/content/dist/rhel/power/7/7Server/$basearch/jbcs/1/source/SRPMS","requiredTags":"rhel-7-ibm-power","gpgUrl":"file:///etc/pki/rpm-gpg/RPM-GPG-KEY-redhat-release","modifiedProductIds":[],"arches":"ppc64","metadataExpire":86400,"uuid":"8a99f9835e62e718015e7119d66c1429","releaseVersion":null},"enabled":false},{"content":{"created":"2017-09-11T09:21:12.000+0000","updated":"2017-09-11T09:21:12.000+0000","id":"4688","type":"yum","label":"jb-coreservices-1-for-rhel-7-for-power-debug-rpms","name":"JBoss Core Services (RHEL 7 for IBM Power) (Debug RPMs)","vendor":"Red Hat","contentUrl":"/content/dist/rhel/power/7/7Server/$basearch/jbcs/1/debug","requiredTags":"rhel-7-ibm-power","gpgUrl":"file:///etc/pki/rpm-gpg/RPM-GPG-KEY-redhat-release","modifiedProductIds":[],"arches":"ppc64","metadataExpire":86400,"uuid":"8a99f9835e62e718015e7119d66c1428","releaseVersion":null},"enabled":false},{"content":{"created":"2017-09-11T09:21:12.000+0000","updated":"2017-09-11T09:21:12.000+0000","id":"4689","type":"yum","label":"jb-coreservices-1-for-rhel-7-server-rpms","name":"JBoss Core Services (RHEL 7 Server) (RPMs)","vendor":"Red Hat","contentUrl":"/content/dist/rhel/server/7/7Server/$basearch/jbcs/1/os","requiredTags":"rhel-7-server","gpgUrl":"file:///etc/pki/rpm-gpg/RPM-GPG-KEY-redhat-release","modifiedProductIds":[],"arches":"x86_64","metadataExpire":86400,"uuid":"8a99f9835e62e718015e7119d66c1427","releaseVersion":null},"enabled":false}],"dependentProductIds":[]}