{"created":"2017-09-11T09:20:42.000+0000","updated":"2018-04-09T10:45:31.000+0000","uuid":"8a99f9816292c94e0162aade7fa2633f","multiplier":1,"id":"317","name":"dotNET on RHEL (for RHEL Server)","attributes":[{"name":"name","value":"dotNET on RHEL (for RHEL Server)"},{"name":"arch","value":"x86_64"},{"name":"type","value":"SVC"}],"productContent":[{"content":{"created":"2017-09-11T09:20:41.000+0000","updated":"2017-09-11T09:20:41.000+0000","id":"4937","type":"yum","label":"rhel-7-server-dotnet-rpms","name":"dotNET on RHEL RPMs for Red Hat Enterprise Linux 7 Server","vendor":"Red Hat","contentUrl":"/content/dist/rhel/server/7/$releasever/$basearch/dotnet/1/os","requiredTags":"rhel-7-server","gpgUrl":"file:///etc/pki/rpm-gpg/RPM-GPG-KEY-redhat-release,file:///etc/pki/rpm-gpg/RPM-GPG-KEY-redhat-release","modifiedProductIds":[],"arches":"x86_64","metadataExpire":86400,"uuid":"8a99f9815e62e65a015e71195d1608e8","releaseVersion":null},"enabled":false},{"content":{"created":"2017-09-11T09:20:41.000+0000","updated":"2017-09-11T09:20:41.000+0000","id":"4938","type":"yum","label":"rhel-7-server-dotnet-debug-rpms","name":"dotNET on RHEL Debug RPMs for Red Hat Enterprise Linux 7 Server","vendor":"Red Hat","contentUrl":"/content/dist/rhel/server/7/$releasever/$basearch/dotnet/1/debug","requiredTags":"rhel-7-server","gpgUrl":"file:///etc/pki/rpm-gpg/RPM-GPG-KEY-redhat-release,file:///etc/pki/rpm-gpg/RPM-GPG-KEY-redhat-release","modifiedProductIds":[],"arches":"x86_64","metadataExpire":86400,"uuid":"8a99f9815e62e65a015e71195d1608e9","releaseVersion":null},"enabled":false},{"content":{"created":"2017-09-11T09:20:41.000+0000","updated":"2017-09-11T09:20:41.000+0000","id":"4939","type":"yum","label":"rhel-7-server-dotnet-source-rpms","name":"dotNET on RHEL Source RPMs for Red Hat Enterprise Linux 7 Server","vendor":"Red Hat","contentUrl":"/content/dist/rhel/server/7/$releasever/$basearch/dotnet/1/source/SRPMS","requiredTags":"rhel-7-server","gpgUrl":"file:///etc/pki/rpm-gpg/RPM-GPG-KEY-redhat-release,file:///etc/pki/rpm-gpg/RPM-GPG-KEY-redhat-release","modifiedProductIds":[],"arches":"x86_64","metadataExpire":86400,"uuid":"8a99f9815e62e65a015e71195d1608ea","releaseVersion":null},"enabled":false},{"content":{"created":"2018-04-05T20:08:17.000+0000","updated":"2018-04-05T20:08:17.000+0000","id":"7029","type":"containerimage","label":"rhel-7-server-dotnet-multiarch-containers","name":"dotNET on RHEL (Containers) for Red Hat Enterprise Linux 7 Server Multiarch","vendor":"Red Hat","contentUrl":"/content/dist/rhel/server/7/$releasever/multiarch/dotnet/1/containers","requiredTags":"rhel-7-server","gpgUrl":"file:///etc/pki/rpm-gpg/RPM-GPG-KEY-redhat-release,file:///etc/pki/rpm-gpg/RPM-GPG-KEY-redhat-release","modifiedProductIds":[],"arches":null,"metadataExpire":86400,"uuid":"8a99f99f6296abef016298484c700003","releaseVersion":null},"enabled":false},{"content":{"created":"2017-09-11T09:20:41.000+0000","updated":"2018-04-09T10:45:30.000+0000","id":"4941","type":"containerimage","label":"rhel-7-server-dotnet-containers","name":"dotNET on RHEL (Containers) for Red Hat Enterprise Linux 7 Server","vendor":"Red Hat","contentUrl":"/content/dist/rhel/server/7/7Server/$basearch/dotnet/1/containers","requiredTags":"rhel-7-server","gpgUrl":"file:///etc/pki/rpm-gpg/RPM-GPG-KEY-redhat-release,file:///etc/pki/rpm-gpg/RPM-GPG-KEY-redhat-release","modifiedProductIds":[],"arches":"x86_64","metadataExpire":86400,"uuid":"8a99f9816292c94e0162aade7e7c633e","releaseVersion":null},"enabled":false},{"content":{"created":"2017-09-11T09:20:41.000+0000","updated":"2017-09-11T09:20:41.000+0000","id":"4943","type":"file","label":"rhel-7-server-dotnet-isos","name":"dotNET on RHEL (ISOs) for Red Hat Enterprise Linux 7 Server","vendor":"Red Hat","contentUrl":"/content/dist/rhel/server/7/$releasever/$basearch/dotnet/1/iso","requiredTags":"rhel-7-server","gpgUrl":"http://","modifiedProductIds":[],"arches":"x86_64","metadataExpire":86400,"uuid":"8a99f9815e62e65a015e71195d1a091f","releaseVersion":null},"enabled":false}],"dependentProductIds":[]}