{"created":"2018-04-05T20:08:19.000+0000","updated":"2018-04-05T20:08:19.000+0000","uuid":"8a99f99f6296abef0162984854790018","multiplier":1,"id":"318","name":"dotNET on RHEL Beta (for RHEL Server)","attributes":[{"name":"name","value":"dotNET on RHEL Beta (for RHEL Server)"},{"name":"arch","value":"x86_64"},{"name":"type","value":"SVC"}],"productContent":[{"content":{"created":"2017-09-11T09:20:41.000+0000","updated":"2017-09-11T09:20:41.000+0000","id":"4936","type":"yum","label":"rhel-7-server-dotnet-beta-source-rpms","name":"dotNET on RHEL Beta Source RPMs for Red Hat Enterprise Linux 7 Server","vendor":"Red Hat","contentUrl":"/content/beta/rhel/server/7/$basearch/dotnet/1/source/SRPMS","requiredTags":"rhel-7-server","gpgUrl":"file:///etc/pki/rpm-gpg/RPM-GPG-KEY-redhat-release,file:///etc/pki/rpm-gpg/RPM-GPG-KEY-redhat-beta","modifiedProductIds":[],"arches":"x86_64","metadataExpire":86400,"uuid":"8a99f9815e62e65a015e71195d1608e7","releaseVersion":null},"enabled":false},{"content":{"created":"2018-04-05T20:08:17.000+0000","updated":"2018-04-05T20:08:17.000+0000","id":"7028","type":"containerimage","label":"rhel-7-server-dotnet-beta-multiarch-containers","name":"dotNET on RHEL Beta (Containers) for Red Hat Enterprise Linux 7 Server Multiarch","vendor":"Red Hat","contentUrl":"/content/beta/rhel/server/7/multiarch/dotnet/1/containers","requiredTags":"rhel-7-server","gpgUrl":"file:///etc/pki/rpm-gpg/RPM-GPG-KEY-redhat-release,file:///etc/pki/rpm-gpg/RPM-GPG-KEY-redhat-beta","modifiedProductIds":[],"arches":null,"metadataExpire":86400,"uuid":"8a99f99f6296abef016298484c6f0001","releaseVersion":null},"enabled":false},{"content":{"created":"2017-09-11T09:20:41.000+0000","updated":"2017-09-11T09:20:41.000+0000","id":"4940","type":"containerimage","label":"rhel-7-server-dotnet-beta-containers","name":"dotNET on RHEL Beta (Containers) for Red Hat Enterprise Linux 7 Server","vendor":"Red Hat","contentUrl":"/content/beta/rhel/server/7/$basearch/dotnet/1/containers","requiredTags":"rhel-7-server","gpgUrl":"file:///etc/pki/rpm-gpg/RPM-GPG-KEY-redhat-release,file:///etc/pki/rpm-gpg/RPM-GPG-KEY-redhat-beta","modifiedProductIds":[],"arches":"x86_64","metadataExpire":86400,"uuid":"8a99f9815e62e65a015e71195d1a0927","releaseVersion":null},"enabled":false},{"content":{"created":"2017-09-11T09:20:41.000+0000","updated":"2017-09-11T09:20:41.000+0000","id":"4942","type":"file","label":"rhel-7-server-dotnet-beta-isos","name":"dotNET on RHEL Beta (ISOs) for Red Hat Enterprise Linux 7 Server","vendor":"Red Hat","contentUrl":"/content/beta/rhel/server/7/$basearch/dotnet/1/iso","requiredTags":"rhel-7-server","gpgUrl":"http://","modifiedProductIds":[],"arches":"x86_64","metadataExpire":86400,"uuid":"8a99f9815e62e65a015e71195d1a0925","releaseVersion":null},"enabled":false},{"content":{"created":"2017-09-11T09:20:41.000+0000","updated":"2017-09-11T09:20:41.000+0000","id":"4934","type":"yum","label":"rhel-7-server-dotnet-beta-rpms","name":"dotNET on RHEL Beta RPMs for Red Hat Enterprise Linux 7 Server","vendor":"Red Hat","contentUrl":"/content/beta/rhel/server/7/$basearch/dotnet/1/os","requiredTags":"rhel-7-server","gpgUrl":"file:///etc/pki/rpm-gpg/RPM-GPG-KEY-redhat-release,file:///etc/pki/rpm-gpg/RPM-GPG-KEY-redhat-beta","modifiedProductIds":[],"arches":"x86_64","metadataExpire":86400,"uuid":"8a99f9815e62e65a015e71195d1708f7","releaseVersion":null},"enabled":false},{"content":{"created":"2017-09-11T09:20:41.000+0000","updated":"2017-09-11T09:20:41.000+0000","id":"4935","type":"yum","label":"rhel-7-server-dotnet-beta-debug-rpms","name":"dotNET on RHEL Beta Debug RPMs for Red Hat Enterprise Linux 7 Server","vendor":"Red Hat","contentUrl":"/content/beta/rhel/server/7/$basearch/dotnet/1/debug","requiredTags":"rhel-7-server","gpgUrl":"file:///etc/pki/rpm-gpg/RPM-GPG-KEY-redhat-release,file:///etc/pki/rpm-gpg/RPM-GPG-KEY-redhat-beta","modifiedProductIds":[],"arches":"x86_64","metadataExpire":86400,"uuid":"8a99f9815e62e65a015e71195d1708f9","releaseVersion":null},"enabled":false}],"dependentProductIds":[]}