{"created":"2017-09-11T09:23:17.000+0000","updated":"2017-09-11T09:23:17.000+0000","uuid":"8a99f9835e62e718015e711bbf872d0e","multiplier":1,"id":"326","name":"Red Hat Enterprise Linux Fast Datapath Beta","attributes":[{"name":"name","value":"Red Hat Enterprise Linux Fast Datapath Beta"},{"name":"arch","value":"x86_64"},{"name":"type","value":"SVC"}],"productContent":[{"content":{"created":"2017-09-11T09:22:10.000+0000","updated":"2017-09-11T09:22:10.000+0000","id":"5152","type":"yum","label":"rhel-7-fast-datapath-htb-debug-rpms","name":"Red Hat Enterprise Linux Fast Datapath Beta (RHEL 7 Server) (Debug RPMs)","vendor":"Red Hat","contentUrl":"/content/htb/rhel/server/7/$basearch/fast-datapath/debug","requiredTags":"rhel-7-server","gpgUrl":"file:///etc/pki/rpm-gpg/RPM-GPG-KEY-redhat-beta,file:///etc/pki/rpm-gpg/RPM-GPG-KEY-redhat-release","modifiedProductIds":[],"arches":null,"metadataExpire":86400,"uuid":"8a99f9835e62e718015e711ab80b241a","releaseVersion":null},"enabled":false},{"content":{"created":"2017-09-11T09:22:10.000+0000","updated":"2017-09-11T09:22:10.000+0000","id":"5153","type":"yum","label":"rhel-7-fast-datapath-htb-rpms","name":"Red Hat Enterprise Linux Fast Datapath Beta (RHEL 7 Server) (RPMs)","vendor":"Red Hat","contentUrl":"/content/htb/rhel/server/7/$basearch/fast-datapath/os","requiredTags":"rhel-7-server","gpgUrl":"file:///etc/pki/rpm-gpg/RPM-GPG-KEY-redhat-beta,file:///etc/pki/rpm-gpg/RPM-GPG-KEY-redhat-release","modifiedProductIds":[],"arches":null,"metadataExpire":86400,"uuid":"8a99f9835e62e718015e711ab80b241b","releaseVersion":null},"enabled":false},{"content":{"created":"2017-09-11T09:22:10.000+0000","updated":"2017-09-11T09:22:10.000+0000","id":"5154","type":"yum","label":"rhel-7-fast-datapath-htb-source-rpms","name":"Red Hat Enterprise Linux Fast Datapath Beta (Source RPMs)","vendor":"Red Hat","contentUrl":"/content/htb/rhel/server/7/$basearch/fast-datapath/source/SRPMS","requiredTags":"rhel-7-server","gpgUrl":"file:///etc/pki/rpm-gpg/RPM-GPG-KEY-redhat-beta,file:///etc/pki/rpm-gpg/RPM-GPG-KEY-redhat-release","modifiedProductIds":[],"arches":null,"metadataExpire":86400,"uuid":"8a99f9835e62e718015e711ab80c241c","releaseVersion":null},"enabled":false}],"dependentProductIds":[]}