{"created":"2017-09-11T09:23:17.000+0000","updated":"2017-09-11T09:23:17.000+0000","uuid":"8a99f9835e62e718015e711bbf872d08","multiplier":1,"id":"328","name":"Red Hat Virtualization Host","attributes":[{"name":"name","value":"Red Hat Virtualization Host"},{"name":"arch","value":"x86_64"},{"name":"type","value":"SVC"},{"name":"brand_type","value":"x86_64"}],"productContent":[{"content":{"created":"2017-09-11T09:22:10.000+0000","updated":"2017-09-11T09:22:10.000+0000","id":"5173","type":"yum","label":"rhel-7-server-rhvh-4-beta-source-rpms","name":"Red Hat Virtualization Host 7 Beta (Source RPMs)","vendor":"Red Hat","contentUrl":"/content/beta/rhel/server/7/$basearch/rhvh/4/source/SRPMS","requiredTags":"rhvh-4","gpgUrl":"file:///etc/pki/rpm-gpg/RPM-GPG-KEY-redhat-release,file:///etc/pki/rpm-gpg/RPM-GPG-KEY-redhat-beta","modifiedProductIds":[],"arches":"x86_64","metadataExpire":86400,"uuid":"8a99f9835e62e718015e711ab80a23f8","releaseVersion":null},"enabled":false},{"content":{"created":"2017-09-11T09:22:10.000+0000","updated":"2017-09-11T09:22:10.000+0000","id":"5174","type":"file","label":"rhel-7-server-rhvh-4-beta-files","name":"Red Hat Virtualization Host 7 Beta (Files)","vendor":"Red Hat","contentUrl":"/content/beta/rhel/server/7/$basearch/rhvh/4/files","requiredTags":"rhvh-4","gpgUrl":"file:///etc/pki/rpm-gpg/RPM-GPG-KEY-redhat-release,file:///etc/pki/rpm-gpg/RPM-GPG-KEY-redhat-beta","modifiedProductIds":[],"arches":"x86_64","metadataExpire":86400,"uuid":"8a99f9835e62e718015e711ab80a23fa","releaseVersion":null},"enabled":false},{"content":{"created":"2017-09-11T09:22:10.000+0000","updated":"2017-09-11T09:22:10.000+0000","id":"5167","type":"yum","label":"rhel-7-server-rhvh-4-rpms","name":"Red Hat Virtualization Host 7 (RPMs)","vendor":"Red Hat","contentUrl":"/content/dist/rhel/server/7/7Server/$basearch/rhvh/4/os","requiredTags":"rhvh-4","gpgUrl":"file:///etc/pki/rpm-gpg/RPM-GPG-KEY-redhat-release","modifiedProductIds":[],"arches":"x86_64","metadataExpire":86400,"uuid":"8a99f9835e62e718015e711ab80923df","releaseVersion":null},"enabled":false},{"content":{"created":"2017-09-11T09:22:10.000+0000","updated":"2017-09-11T09:22:10.000+0000","id":"5168","type":"yum","label":"rhel-7-server-rhvh-4-debug-rpms","name":"Red Hat Virtualization Host 7 (Debug RPMs)","vendor":"Red Hat","contentUrl":"/content/dist/rhel/server/7/7Server/$basearch/rhvh/4/debug","requiredTags":"rhvh-4","gpgUrl":"file:///etc/pki/rpm-gpg/RPM-GPG-KEY-redhat-release","modifiedProductIds":[],"arches":"x86_64","metadataExpire":86400,"uuid":"8a99f9835e62e718015e711ab80923dd","releaseVersion":null},"enabled":false},{"content":{"created":"2017-09-11T09:22:10.000+0000","updated":"2017-09-11T09:22:10.000+0000","id":"5169","type":"yum","label":"rhel-7-server-rhvh-4-source-rpms","name":"Red Hat Virtualization Host 7 (Source RPMs)","vendor":"Red Hat","contentUrl":"/content/dist/rhel/server/7/7Server/$basearch/rhvh/4/source/SRPMS","requiredTags":"rhvh-4","gpgUrl":"file:///etc/pki/rpm-gpg/RPM-GPG-KEY-redhat-release","modifiedProductIds":[],"arches":"x86_64","metadataExpire":86400,"uuid":"8a99f9835e62e718015e711ab80923de","releaseVersion":null},"enabled":false},{"content":{"created":"2017-09-11T09:22:10.000+0000","updated":"2017-09-11T09:22:10.000+0000","id":"5170","type":"file","label":"rhel-7-server-rhvh-4-files","name":"Red Hat Virtualization Host 7 (Files)","vendor":"Red Hat","contentUrl":"/content/dist/rhel/server/7/7Server/$basearch/rhvh/4/files","requiredTags":"rhvh-4","gpgUrl":"file:///etc/pki/rpm-gpg/RPM-GPG-KEY-redhat-release","modifiedProductIds":[],"arches":"x86_64","metadataExpire":86400,"uuid":"8a99f9835e62e718015e711ab80b2401","releaseVersion":null},"enabled":false},{"content":{"created":"2017-09-11T09:22:10.000+0000","updated":"2017-09-11T09:22:10.000+0000","id":"5171","type":"yum","label":"rhel-7-server-rhvh-4-beta-rpms","name":"Red Hat Virtualization Host 7 Beta (RPMs)","vendor":"Red Hat","contentUrl":"/content/beta/rhel/server/7/$basearch/rhvh/4/os","requiredTags":"rhvh-4","gpgUrl":"file:///etc/pki/rpm-gpg/RPM-GPG-KEY-redhat-release,file:///etc/pki/rpm-gpg/RPM-GPG-KEY-redhat-beta","modifiedProductIds":[],"arches":"x86_64","metadataExpire":86400,"uuid":"8a99f9835e62e718015e711ab80b2402","releaseVersion":null},"enabled":false},{"content":{"created":"2017-09-11T09:22:10.000+0000","updated":"2017-09-11T09:22:10.000+0000","id":"5172","type":"yum","label":"rhel-7-server-rhvh-4-beta-debug-rpms","name":"Red Hat Virtualization Host 7 Beta (Debug RPMs)","vendor":"Red Hat","contentUrl":"/content/beta/rhel/server/7/$basearch/rhvh/4/debug","requiredTags":"rhvh-4","gpgUrl":"file:///etc/pki/rpm-gpg/RPM-GPG-KEY-redhat-release,file:///etc/pki/rpm-gpg/RPM-GPG-KEY-redhat-beta","modifiedProductIds":[],"arches":"x86_64","metadataExpire":86400,"uuid":"8a99f9835e62e718015e711ab80b2403","releaseVersion":null},"enabled":false}],"dependentProductIds":[]}