{"created":"2017-09-11T09:23:17.000+0000","updated":"2017-09-11T09:23:17.000+0000","uuid":"8a99f9835e62e718015e711bbf872d09","multiplier":1,"id":"329","name":"Red Hat Enterprise Linux Fast Datapath","attributes":[{"name":"name","value":"Red Hat Enterprise Linux Fast Datapath"},{"name":"arch","value":"x86_64"},{"name":"type","value":"SVC"}],"productContent":[{"content":{"created":"2017-09-11T09:22:10.000+0000","updated":"2017-09-11T09:22:10.000+0000","id":"5225","type":"yum","label":"rhel-7-fast-datapath-debug-rpms","name":"Red Hat Enterprise Linux Fast Datapath (RHEL 7 Server) (Debug RPMs)","vendor":"Red Hat","contentUrl":"/content/dist/rhel/server/7/$releasever/$basearch/fast-datapath/debug","requiredTags":"rhel-7-server","gpgUrl":"file:///etc/pki/rpm-gpg/RPM-GPG-KEY-redhat-beta,file:///etc/pki/rpm-gpg/RPM-GPG-KEY-redhat-release","modifiedProductIds":[],"arches":null,"metadataExpire":86400,"uuid":"8a99f9835e62e718015e711ab81024a9","releaseVersion":null},"enabled":false},{"content":{"created":"2017-09-11T09:22:10.000+0000","updated":"2017-09-11T09:22:10.000+0000","id":"5226","type":"yum","label":"rhel-7-fast-datapath-rpms","name":"Red Hat Enterprise Linux Fast Datapath (RHEL 7 Server) (RPMs)","vendor":"Red Hat","contentUrl":"/content/dist/rhel/server/7/$releasever/$basearch/fast-datapath/os","requiredTags":"rhel-7-server","gpgUrl":"file:///etc/pki/rpm-gpg/RPM-GPG-KEY-redhat-beta,file:///etc/pki/rpm-gpg/RPM-GPG-KEY-redhat-release","modifiedProductIds":[],"arches":null,"metadataExpire":86400,"uuid":"8a99f9835e62e718015e711ab81024aa","releaseVersion":null},"enabled":false},{"content":{"created":"2017-09-11T09:22:10.000+0000","updated":"2017-09-11T09:22:10.000+0000","id":"5227","type":"yum","label":"rhel-7-fast-datapath-source-rpms","name":"Red Hat Enterprise Linux Fast Datapath (Source RPMs)","vendor":"Red Hat","contentUrl":"/content/dist/rhel/server/7/$releasever/$basearch/fast-datapath/source/SRPMS","requiredTags":"rhel-7-server","gpgUrl":"file:///etc/pki/rpm-gpg/RPM-GPG-KEY-redhat-beta,file:///etc/pki/rpm-gpg/RPM-GPG-KEY-redhat-release","modifiedProductIds":[],"arches":null,"metadataExpire":86400,"uuid":"8a99f9835e62e718015e711ab81024a7","releaseVersion":null},"enabled":false}],"dependentProductIds":[]}