{"created":"2018-08-16T15:03:49.000+0000","updated":"2018-08-16T15:03:49.000+0000","uuid":"8a99f9ad653db521016543439c4900dc","multiplier":1,"id":"362","name":"Red Hat Enterprise Linux for Power, little endian Beta","attributes":[{"name":"name","value":"Red Hat Enterprise Linux for Power, little endian Beta"},{"name":"arch","value":"ppc64le"},{"name":"type","value":"SVC"},{"name":"brand_type","value":"OS"}],"productContent":[{"content":{"created":"2018-08-16T15:03:41.000+0000","updated":"2018-08-16T15:03:41.000+0000","id":"7583","type":"file","label":"rhel-8-for-ppc64le-baseos-beta-isos","name":"Red Hat Enterprise Linux 8 for Power, little endian - BaseOS Beta (ISOs)","vendor":"Red Hat","contentUrl":"/content/beta/rhel8/8/ppc64le/baseos/iso","requiredTags":"rhel-8-beta-ppc64le","gpgUrl":"http://","modifiedProductIds":[],"arches":"ppc64le","metadataExpire":86400,"uuid":"8a99f9ad653db521016543437d9200c4","releaseVersion":null},"enabled":false},{"content":{"created":"2018-08-16T15:03:41.000+0000","updated":"2018-08-16T15:03:41.000+0000","id":"7582","type":"yum","label":"rhel-8-for-ppc64le-baseos-beta-source-rpms","name":"Red Hat Enterprise Linux 8 for Power, little endian - BaseOS Beta (Source RPMs)","vendor":"Red Hat","contentUrl":"/content/beta/rhel8/8/ppc64le/baseos/source/SRPMS","requiredTags":"rhel-8-beta-ppc64le","gpgUrl":"file:///etc/pki/rpm-gpg/RPM-GPG-KEY-redhat-beta,file:///etc/pki/rpm-gpg/RPM-GPG-KEY-redhat-release","modifiedProductIds":[],"arches":"ppc64le","metadataExpire":86400,"uuid":"8a99f9ad653db521016543437d9200c5","releaseVersion":null},"enabled":false},{"content":{"created":"2018-08-16T15:03:41.000+0000","updated":"2018-08-16T15:03:41.000+0000","id":"7609","type":"file","label":"rhel-8-for-ppc64le-appstream-beta-source-isos","name":"Red Hat Enterprise Linux 8 for Power, little endian - AppStream Beta (Source ISOs)","vendor":"Red Hat","contentUrl":"/content/beta/rhel8/8/ppc64le/appstream/source/iso","requiredTags":"rhel-8-beta-ppc64le","gpgUrl":"http://","modifiedProductIds":[],"arches":"ppc64le","metadataExpire":86400,"uuid":"8a99f9ad653db521016543437d9300d2","releaseVersion":null},"enabled":false},{"content":{"created":"2018-08-16T15:03:41.000+0000","updated":"2018-08-16T15:03:41.000+0000","id":"7585","type":"kickstart","label":"rhel-8-for-ppc64le-baseos-beta-kickstart","name":"Red Hat Enterprise Linux 8 for Power, little endian - BaseOS Beta (Kickstart)","vendor":"Red Hat","contentUrl":"/content/beta/rhel8/8/ppc64le/baseos/kickstart","requiredTags":"rhel-8-beta-ppc64le","gpgUrl":"file:///etc/pki/rpm-gpg/RPM-GPG-KEY-redhat-beta,file:///etc/pki/rpm-gpg/RPM-GPG-KEY-redhat-release","modifiedProductIds":[],"arches":"ppc64le","metadataExpire":86400,"uuid":"8a99f9ad653db521016543437d9200c6","releaseVersion":null},"enabled":false},{"content":{"created":"2018-08-16T15:03:41.000+0000","updated":"2018-08-16T15:03:41.000+0000","id":"7584","type":"file","label":"rhel-8-for-ppc64le-baseos-beta-source-isos","name":"Red Hat Enterprise Linux 8 for Power, little endian - BaseOS Beta (Source ISOs)","vendor":"Red Hat","contentUrl":"/content/beta/rhel8/8/ppc64le/baseos/source/iso","requiredTags":"rhel-8-beta-ppc64le","gpgUrl":"http://","modifiedProductIds":[],"arches":"ppc64le","metadataExpire":86400,"uuid":"8a99f9ad653db521016543437d9200c7","releaseVersion":null},"enabled":false},{"content":{"created":"2018-08-16T15:03:41.000+0000","updated":"2018-08-16T15:03:41.000+0000","id":"7610","type":"kickstart","label":"rhel-8-for-ppc64le-appstream-beta-kickstart","name":"Red Hat Enterprise Linux 8 for Power, little endian - AppStream Beta (Kickstart)","vendor":"Red Hat","contentUrl":"/content/beta/rhel8/8/ppc64le/appstream/kickstart","requiredTags":"rhel-8-beta-ppc64le","gpgUrl":"file:///etc/pki/rpm-gpg/RPM-GPG-KEY-redhat-beta,file:///etc/pki/rpm-gpg/RPM-GPG-KEY-redhat-release","modifiedProductIds":[],"arches":"ppc64le","metadataExpire":86400,"uuid":"8a99f9ad653db521016543437d9300d1","releaseVersion":null},"enabled":false},{"content":{"created":"2018-08-16T15:03:41.000+0000","updated":"2018-08-16T15:03:41.000+0000","id":"7606","type":"yum","label":"rhel-8-for-ppc64le-appstream-beta-debug-rpms","name":"Red Hat Enterprise Linux 8 for Power, little endian - AppStream Beta (Debug RPMs)","vendor":"Red Hat","contentUrl":"/content/beta/rhel8/8/ppc64le/appstream/debug","requiredTags":"rhel-8-beta-ppc64le","gpgUrl":"file:///etc/pki/rpm-gpg/RPM-GPG-KEY-redhat-beta,file:///etc/pki/rpm-gpg/RPM-GPG-KEY-redhat-release","modifiedProductIds":[],"arches":"ppc64le","metadataExpire":86400,"uuid":"8a99f9ad653db521016543437d9500d3","releaseVersion":null},"enabled":false},{"content":{"created":"2018-08-16T15:03:41.000+0000","updated":"2018-08-16T15:03:41.000+0000","id":"7605","type":"yum","label":"rhel-8-for-ppc64le-appstream-beta-rpms","name":"Red Hat Enterprise Linux 8 for Power, little endian - AppStream Beta (RPMs)","vendor":"Red Hat","contentUrl":"/content/beta/rhel8/8/ppc64le/appstream/os","requiredTags":"rhel-8-beta-ppc64le","gpgUrl":"file:///etc/pki/rpm-gpg/RPM-GPG-KEY-redhat-beta,file:///etc/pki/rpm-gpg/RPM-GPG-KEY-redhat-release","modifiedProductIds":[],"arches":"ppc64le","metadataExpire":86400,"uuid":"8a99f9ad653db521016543437d9500d4","releaseVersion":null},"enabled":true},{"content":{"created":"2018-08-16T15:03:41.000+0000","updated":"2018-08-16T15:03:41.000+0000","id":"7581","type":"yum","label":"rhel-8-for-ppc64le-baseos-beta-debug-rpms","name":"Red Hat Enterprise Linux 8 for Power, little endian - BaseOS Beta (Debug RPMs)","vendor":"Red Hat","contentUrl":"/content/beta/rhel8/8/ppc64le/baseos/debug","requiredTags":"rhel-8-beta-ppc64le","gpgUrl":"file:///etc/pki/rpm-gpg/RPM-GPG-KEY-redhat-beta,file:///etc/pki/rpm-gpg/RPM-GPG-KEY-redhat-release","modifiedProductIds":[],"arches":"ppc64le","metadataExpire":86400,"uuid":"8a99f9ad653db521016543437d9300cc","releaseVersion":null},"enabled":false},{"content":{"created":"2018-08-16T15:03:41.000+0000","updated":"2018-08-16T15:03:41.000+0000","id":"7608","type":"file","label":"rhel-8-for-ppc64le-appstream-beta-isos","name":"Red Hat Enterprise Linux 8 for Power, little endian - AppStream Beta (ISOs)","vendor":"Red Hat","contentUrl":"/content/beta/rhel8/8/ppc64le/appstream/iso","requiredTags":"rhel-8-beta-ppc64le","gpgUrl":"http://","modifiedProductIds":[],"arches":"ppc64le","metadataExpire":86400,"uuid":"8a99f9ad653db521016543437d9500d5","releaseVersion":null},"enabled":false},{"content":{"created":"2018-08-16T15:03:41.000+0000","updated":"2018-08-16T15:03:41.000+0000","id":"7607","type":"yum","label":"rhel-8-for-ppc64le-appstream-beta-source-rpms","name":"Red Hat Enterprise Linux 8 for Power, little endian - AppStream Beta (Source RPMs)","vendor":"Red Hat","contentUrl":"/content/beta/rhel8/8/ppc64le/appstream/source/SRPMS","requiredTags":"rhel-8-beta-ppc64le","gpgUrl":"file:///etc/pki/rpm-gpg/RPM-GPG-KEY-redhat-beta,file:///etc/pki/rpm-gpg/RPM-GPG-KEY-redhat-release","modifiedProductIds":[],"arches":"ppc64le","metadataExpire":86400,"uuid":"8a99f9ad653db521016543437d9500d6","releaseVersion":null},"enabled":false},{"content":{"created":"2018-08-16T15:03:41.000+0000","updated":"2018-08-16T15:03:41.000+0000","id":"7580","type":"yum","label":"rhel-8-for-ppc64le-baseos-beta-rpms","name":"Red Hat Enterprise Linux 8 for Power, little endian - BaseOS Beta (RPMs)","vendor":"Red Hat","contentUrl":"/content/beta/rhel8/8/ppc64le/baseos/os","requiredTags":"rhel-8-beta-ppc64le","gpgUrl":"file:///etc/pki/rpm-gpg/RPM-GPG-KEY-redhat-beta,file:///etc/pki/rpm-gpg/RPM-GPG-KEY-redhat-release","modifiedProductIds":[],"arches":"ppc64le","metadataExpire":86400,"uuid":"8a99f9ad653db521016543437d9300cd","releaseVersion":null},"enabled":true}],"dependentProductIds":[]}