{"created":"2017-08-10T09:04:00.000+0000","updated":"2018-04-06T00:00:13.000+0000","uuid":"8a99f99e6291326c0162991ca1e502aa","multiplier":1,"id":"394","name":"Red Hat Developer Tools (for RHEL Server)","attributes":[{"name":"name","value":"Red Hat Developer Tools (for RHEL Server)"},{"name":"arch","value":"x86_64"},{"name":"type","value":"SVC"}],"productContent":[{"content":{"created":"2017-08-10T09:04:00.000+0000","updated":"2017-09-11T09:20:50.000+0000","id":"6054","type":"yum","label":"rhel-7-server-devtools-rpms","name":"Red Hat Developer Tools RPMs for Red Hat Enterprise Linux 7 Server","vendor":"Red Hat","contentUrl":"/content/dist/rhel/server/7/7Server/$basearch/devtools/1/os","requiredTags":"rhel-7-server","gpgUrl":"file:///etc/pki/rpm-gpg/RPM-GPG-KEY-redhat-release","modifiedProductIds":[],"arches":"x86_64","metadataExpire":86400,"uuid":"8a99f9815e62e65a015e7119826f0c10","releaseVersion":null},"enabled":false},{"content":{"created":"2017-08-10T09:04:00.000+0000","updated":"2017-09-11T09:20:50.000+0000","id":"6056","type":"yum","label":"rhel-7-server-devtools-source-rpms","name":"Red Hat Developer Tools Source RPMs for Red Hat Enterprise Linux 7 Server","vendor":"Red Hat","contentUrl":"/content/dist/rhel/server/7/7Server/$basearch/devtools/1/source/SRPMS","requiredTags":"rhel-7-server","gpgUrl":"file:///etc/pki/rpm-gpg/RPM-GPG-KEY-redhat-release","modifiedProductIds":[],"arches":"x86_64","metadataExpire":86400,"uuid":"8a99f9815e62e65a015e7119826e0c0d","releaseVersion":null},"enabled":false},{"content":{"created":"2017-08-10T09:04:00.000+0000","updated":"2017-09-11T09:20:50.000+0000","id":"6055","type":"yum","label":"rhel-7-server-devtools-debug-rpms","name":"Red Hat Developer Tools Debug RPMs for Red Hat Enterprise Linux 7 Server","vendor":"Red Hat","contentUrl":"/content/dist/rhel/server/7/7Server/$basearch/devtools/1/debug","requiredTags":"rhel-7-server","gpgUrl":"file:///etc/pki/rpm-gpg/RPM-GPG-KEY-redhat-release","modifiedProductIds":[],"arches":"x86_64","metadataExpire":86400,"uuid":"8a99f9815e62e65a015e7119826f0c0f","releaseVersion":null},"enabled":false},{"content":{"created":"2017-08-10T09:04:00.000+0000","updated":"2017-09-11T09:20:50.000+0000","id":"6058","type":"file","label":"rhel-7-server-devtools-source-isos","name":"Red Hat Developer Tools (Source ISOs) for Red Hat Enterprise Linux 7 Server","vendor":"Red Hat","contentUrl":"/content/dist/rhel/server/7/7Server/$basearch/devtools/1/source/iso","requiredTags":"rhel-7-server","gpgUrl":"http://","modifiedProductIds":[],"arches":"x86_64","metadataExpire":86400,"uuid":"8a99f9815e62e65a015e7119826e0c0b","releaseVersion":null},"enabled":false},{"content":{"created":"2017-08-10T09:04:00.000+0000","updated":"2017-09-11T09:20:50.000+0000","id":"6057","type":"file","label":"rhel-7-server-devtools-isos","name":"Red Hat Developer Tools (ISOs) for Red Hat Enterprise Linux 7 Server","vendor":"Red Hat","contentUrl":"/content/dist/rhel/server/7/7Server/$basearch/devtools/1/iso","requiredTags":"rhel-7-server","gpgUrl":"http://","modifiedProductIds":[],"arches":"x86_64","metadataExpire":86400,"uuid":"8a99f9815e62e65a015e7119826e0c0c","releaseVersion":null},"enabled":false},{"content":{"created":"2017-08-10T09:04:00.000+0000","updated":"2017-09-11T09:20:50.000+0000","id":"6090","type":"containerimage","label":"rhel-7-server-devtools-containers","name":"Red Hat Developer Tools (Containers) for RHEL 7 Server","vendor":"Red Hat","contentUrl":"/content/dist/rhel/server/7/7Server/x86_64/devtools/1/containers","requiredTags":"rhel-7-server","gpgUrl":"file:///etc/pki/rpm-gpg/RPM-GPG-KEY-redhat-release","modifiedProductIds":[],"arches":null,"metadataExpire":86400,"uuid":"8a99f9815e62e65a015e7119825f0b09","releaseVersion":null},"enabled":false},{"content":{"created":"2018-04-06T00:00:12.000+0000","updated":"2018-04-06T00:00:12.000+0000","id":"7063","type":"containerimage","label":"rhel-7-server-devtools-multiarch-containers","name":"Red Hat Developer Tools (Containers) for RHEL 7 Server Multiarch","vendor":"Red Hat","contentUrl":"/content/dist/rhel/server/7/7Server/multiarch/devtools/1/containers","requiredTags":"rhel-7-server","gpgUrl":"file:///etc/pki/rpm-gpg/RPM-GPG-KEY-redhat-release","modifiedProductIds":[],"arches":null,"metadataExpire":86400,"uuid":"8a99f99e6291326c0162991c9ce10296","releaseVersion":null},"enabled":false}],"dependentProductIds":[]}