{"created":"2017-08-10T09:04:00.000+0000","updated":"2018-04-06T00:00:13.000+0000","uuid":"8a99f99e6291326c0162991ca1e602b7","multiplier":1,"id":"395","name":"Red Hat Developer Tools Beta (for RHEL Server)","attributes":[{"name":"name","value":"Red Hat Developer Tools Beta (for RHEL Server)"},{"name":"arch","value":"x86_64"},{"name":"type","value":"SVC"}],"productContent":[{"content":{"created":"2017-08-10T09:04:00.000+0000","updated":"2017-09-11T09:20:50.000+0000","id":"6021","type":"yum","label":"rhel-7-server-devtools-beta-source-rpms","name":"Red Hat Developer Tools Beta Source RPMs for Red Hat Enterprise Linux 7 Server","vendor":"Red Hat","contentUrl":"/content/beta/rhel/server/7/$basearch/devtools/1/source/SRPMS","requiredTags":"rhel-7-server","gpgUrl":"file:///etc/pki/rpm-gpg/RPM-GPG-KEY-redhat-release,file:///etc/pki/rpm-gpg/RPM-GPG-KEY-redhat-beta","modifiedProductIds":[],"arches":"x86_64","metadataExpire":86400,"uuid":"8a99f9815e62e65a015e711982660b81","releaseVersion":null},"enabled":false},{"content":{"created":"2017-08-10T09:04:00.000+0000","updated":"2017-09-11T09:20:50.000+0000","id":"6020","type":"yum","label":"rhel-7-server-devtools-beta-debug-rpms","name":"Red Hat Developer Tools Beta Debug RPMs for Red Hat Enterprise Linux 7 Server","vendor":"Red Hat","contentUrl":"/content/beta/rhel/server/7/$basearch/devtools/1/debug","requiredTags":"rhel-7-server","gpgUrl":"file:///etc/pki/rpm-gpg/RPM-GPG-KEY-redhat-release,file:///etc/pki/rpm-gpg/RPM-GPG-KEY-redhat-beta","modifiedProductIds":[],"arches":"x86_64","metadataExpire":86400,"uuid":"8a99f9815e62e65a015e711982660b7d","releaseVersion":null},"enabled":false},{"content":{"created":"2017-08-10T09:04:00.000+0000","updated":"2017-09-11T09:20:50.000+0000","id":"6023","type":"file","label":"rhel-7-server-devtools-beta-source-isos","name":"Red Hat Developer Tools Beta (Source ISOs) for Red Hat Enterprise Linux 7 Server","vendor":"Red Hat","contentUrl":"/content/beta/rhel/server/7/$basearch/devtools/1/source/iso","requiredTags":"rhel-7-server","gpgUrl":"http://","modifiedProductIds":[],"arches":"x86_64","metadataExpire":86400,"uuid":"8a99f9815e62e65a015e711982660b85","releaseVersion":null},"enabled":false},{"content":{"created":"2017-08-10T09:04:00.000+0000","updated":"2017-09-11T09:20:50.000+0000","id":"6089","type":"containerimage","label":"rhel-7-server-devtools-beta-container","name":"Red Hat Developer Tools - Beta (Containers) for Red Hat Enterprise Linux 7 Server","vendor":"Red Hat","contentUrl":"/content/beta/rhel/server/7/x86_64/devtools/1/containers","requiredTags":"rhel-7-server","gpgUrl":"file:///etc/pki/rpm-gpg/RPM-GPG-KEY-redhat-beta,file:///etc/pki/rpm-gpg/RPM-GPG-KEY-redhat-release","modifiedProductIds":[],"arches":null,"metadataExpire":86400,"uuid":"8a99f9815e62e65a015e711982610b24","releaseVersion":null},"enabled":false},{"content":{"created":"2017-08-10T09:04:00.000+0000","updated":"2017-09-11T09:20:50.000+0000","id":"6022","type":"file","label":"rhel-7-server-devtools-beta-isos","name":"Red Hat Developer Tools Beta (ISOs) for Red Hat Enterprise Linux 7 Server","vendor":"Red Hat","contentUrl":"/content/beta/rhel/server/7/$basearch/devtools/1/iso","requiredTags":"rhel-7-server","gpgUrl":"http://","modifiedProductIds":[],"arches":"x86_64","metadataExpire":86400,"uuid":"8a99f9815e62e65a015e711982660b83","releaseVersion":null},"enabled":false},{"content":{"created":"2017-08-10T09:04:00.000+0000","updated":"2017-09-11T09:20:50.000+0000","id":"6019","type":"yum","label":"rhel-7-server-devtools-beta-rpms","name":"Red Hat Developer Tools Beta RPMs for Red Hat Enterprise Linux 7 Server","vendor":"Red Hat","contentUrl":"/content/beta/rhel/server/7/$basearch/devtools/1/os","requiredTags":"rhel-7-server","gpgUrl":"file:///etc/pki/rpm-gpg/RPM-GPG-KEY-redhat-release,file:///etc/pki/rpm-gpg/RPM-GPG-KEY-redhat-beta","modifiedProductIds":[],"arches":"x86_64","metadataExpire":86400,"uuid":"8a99f9815e62e65a015e711982640b67","releaseVersion":null},"enabled":false},{"content":{"created":"2018-04-06T00:00:12.000+0000","updated":"2018-04-06T00:00:12.000+0000","id":"7062","type":"containerimage","label":"rhel-7-server-devtools-beta-multiarch-containers","name":"Red Hat Developer Tools - Beta (Containers) for Red Hat Enterprise Linux 7 Server Multiarch","vendor":"Red Hat","contentUrl":"/content/beta/rhel/server/7/multiarch/devtools/1/containers","requiredTags":"rhel-7-server","gpgUrl":"file:///etc/pki/rpm-gpg/RPM-GPG-KEY-redhat-beta,file:///etc/pki/rpm-gpg/RPM-GPG-KEY-redhat-release","modifiedProductIds":[],"arches":null,"metadataExpire":86400,"uuid":"8a99f99e6291326c0162991c9ce10295","releaseVersion":null},"enabled":false}],"dependentProductIds":[]}