{"created":"2018-08-23T11:16:09.000+0000","updated":"2018-08-23T11:16:09.000+0000","uuid":"8a99f9af653dc4880165667fb0f109b8","multiplier":1,"id":"408","name":"Red Hat Ansible Engine","attributes":[{"name":"name","value":"Red Hat Ansible Engine"},{"name":"arch","value":"ppc64le,x86_64"},{"name":"type","value":"SVC"}],"productContent":[{"content":{"created":"2018-02-22T17:17:25.000+0000","updated":"2018-02-22T17:17:25.000+0000","id":"7021","type":"yum","label":"rhel-7-server-ansible-2.5-debug-rpms","name":"Red Hat Ansible Engine 2.5 Debug RPMs for Red Hat Enterprise Linux 7 Server","vendor":"Red Hat","contentUrl":"/content/dist/rhel/server/7/7Server/$basearch/ansible/2.5/debug","requiredTags":"rhel-7-server","gpgUrl":"file:///etc/pki/rpm-gpg/RPM-GPG-KEY-redhat-release","modifiedProductIds":[],"arches":"x86_64","metadataExpire":86400,"uuid":"8a99f99e61a10dad0161bf97b1850003","releaseVersion":null},"enabled":false},{"content":{"created":"2018-06-07T11:16:40.000+0000","updated":"2018-06-07T11:16:40.000+0000","id":"7395","type":"yum","label":"rhel-7-server-ansible-2.4-for-power-le-source-rpms","name":"Red Hat Ansible Engine 2.4 for RHEL 7 Server for IBM Power LE (Source RPMs)","vendor":"Red Hat","contentUrl":"/content/dist/rhel/power-le/7/7Server/$basearch/ansible/2.4/source/SRPMS","requiredTags":"rhel-7-ibm-power-le","gpgUrl":"file:///etc/pki/rpm-gpg/RPM-GPG-KEY-redhat-release","modifiedProductIds":[],"arches":"ppc64le","metadataExpire":86400,"uuid":"8a99f99e6374c5370163dad238954062","releaseVersion":null},"enabled":false},{"content":{"created":"2018-06-06T07:26:51.000+0000","updated":"2018-06-06T07:26:51.000+0000","id":"7387","type":"yum","label":"rhel-7-server-ansible-2.6-rpms","name":"Red Hat Ansible Engine 2.6 RPMs for Red Hat Enterprise Linux 7 Server","vendor":"Red Hat","contentUrl":"/content/dist/rhel/server/7/7Server/$basearch/ansible/2.6/os","requiredTags":"rhel-7-server","gpgUrl":"file:///etc/pki/rpm-gpg/RPM-GPG-KEY-redhat-release","modifiedProductIds":[],"arches":"x86_64","metadataExpire":86400,"uuid":"8a99f98763c666890163d4d974cf289c","releaseVersion":null},"enabled":false},{"content":{"created":"2018-05-09T11:03:43.000+0000","updated":"2018-05-09T11:03:43.000+0000","id":"7310","type":"yum","label":"rhel-7-server-ansible-2.5-for-power-le-rpms","name":"Red Hat Ansible Engine 2.5 for RHEL 7 Server for IBM Power LE (RPMs)","vendor":"Red Hat","contentUrl":"/content/dist/rhel/power-le/7/7Server/$basearch/ansible/2.5/os","requiredTags":"rhel-7-ibm-power-le","gpgUrl":"file:///etc/pki/rpm-gpg/RPM-GPG-KEY-redhat-release","modifiedProductIds":[],"arches":"ppc64le","metadataExpire":86400,"uuid":"8a99f99f633c21ea0163456df3c5019d","releaseVersion":null},"enabled":false},{"content":{"created":"2018-06-06T07:26:51.000+0000","updated":"2018-06-06T07:26:51.000+0000","id":"7389","type":"yum","label":"rhel-7-server-ansible-2.6-debug-rpms","name":"Red Hat Ansible Engine 2.6 Debug RPMs for Red Hat Enterprise Linux 7 Server","vendor":"Red Hat","contentUrl":"/content/dist/rhel/server/7/7Server/$basearch/ansible/2.6/debug","requiredTags":"rhel-7-server","gpgUrl":"file:///etc/pki/rpm-gpg/RPM-GPG-KEY-redhat-release","modifiedProductIds":[],"arches":"x86_64","metadataExpire":86400,"uuid":"8a99f98763c666890163d4d974cf289d","releaseVersion":null},"enabled":false},{"content":{"created":"2018-05-09T11:03:43.000+0000","updated":"2018-05-09T11:03:43.000+0000","id":"7312","type":"yum","label":"rhel-7-server-ansible-2.5-for-power-le-source-rpms","name":"Red Hat Ansible Engine 2.5 for RHEL 7 Server for IBM Power LE (Source RPMs)","vendor":"Red Hat","contentUrl":"/content/dist/rhel/power-le/7/7Server/$basearch/ansible/2.5/source/SRPMS","requiredTags":"rhel-7-ibm-power-le","gpgUrl":"file:///etc/pki/rpm-gpg/RPM-GPG-KEY-redhat-release","modifiedProductIds":[],"arches":"ppc64le","metadataExpire":86400,"uuid":"8a99f99f633c21ea0163456df3c5019e","releaseVersion":null},"enabled":false},{"content":{"created":"2018-05-09T11:03:43.000+0000","updated":"2018-05-09T11:03:43.000+0000","id":"7311","type":"yum","label":"rhel-7-server-ansible-2.5-for-power-le-debug-rpms","name":"Red Hat Ansible Engine 2.5 for RHEL 7 Server for IBM Power LE (Debug RPMs)","vendor":"Red Hat","contentUrl":"/content/dist/rhel/power-le/7/7Server/$basearch/ansible/2.5/debug","requiredTags":"rhel-7-ibm-power-le","gpgUrl":"file:///etc/pki/rpm-gpg/RPM-GPG-KEY-redhat-release","modifiedProductIds":[],"arches":"ppc64le","metadataExpire":86400,"uuid":"8a99f99f633c21ea0163456df3c5019f","releaseVersion":null},"enabled":false},{"content":{"created":"2018-06-06T07:26:51.000+0000","updated":"2018-06-06T07:26:51.000+0000","id":"7388","type":"yum","label":"rhel-7-server-ansible-2.6-source-rpms","name":"Red Hat Ansible Engine 2.6 Source RPMs for Red Hat Enterprise Linux 7 Server","vendor":"Red Hat","contentUrl":"/content/dist/rhel/server/7/7Server/$basearch/ansible/2.6/source/SRPMS","requiredTags":"rhel-7-server","gpgUrl":"file:///etc/pki/rpm-gpg/RPM-GPG-KEY-redhat-release","modifiedProductIds":[],"arches":"x86_64","metadataExpire":86400,"uuid":"8a99f98763c666890163d4d974cf289e","releaseVersion":null},"enabled":false},{"content":{"created":"2018-02-16T11:12:13.000+0000","updated":"2018-02-16T11:12:13.000+0000","id":"7017","type":"yum","label":"rhel-7-server-ansible-2-source-rpms","name":"Red Hat Ansible Engine 2 Source RPMs for Red Hat Enterprise Linux 7 Server","vendor":"Red Hat","contentUrl":"/content/dist/rhel/server/7/7Server/$basearch/ansible/2/source/SRPMS","requiredTags":"rhel-7-server","gpgUrl":"file:///etc/pki/rpm-gpg/RPM-GPG-KEY-redhat-release","modifiedProductIds":[],"arches":"x86_64","metadataExpire":86400,"uuid":"8a99f99f619f5d5001619f6332ad0001","releaseVersion":null},"enabled":false},{"content":{"created":"2018-02-16T11:12:13.000+0000","updated":"2018-02-16T11:12:13.000+0000","id":"7016","type":"yum","label":"rhel-7-server-ansible-2-rpms","name":"Red Hat Ansible Engine 2 RPMs for Red Hat Enterprise Linux 7 Server","vendor":"Red Hat","contentUrl":"/content/dist/rhel/server/7/7Server/$basearch/ansible/2/os","requiredTags":"rhel-7-server","gpgUrl":"file:///etc/pki/rpm-gpg/RPM-GPG-KEY-redhat-release","modifiedProductIds":[],"arches":"x86_64","metadataExpire":86400,"uuid":"8a99f99f619f5d5001619f6332ad0000","releaseVersion":null},"enabled":false},{"content":{"created":"2018-06-06T07:26:51.000+0000","updated":"2018-06-06T07:26:51.000+0000","id":"7390","type":"yum","label":"rhel-7-server-ansible-2.6-for-power-le-rpms","name":"Red Hat Ansible Engine 2.6 for RHEL 7 Server for IBM Power LE (RPMs)","vendor":"Red Hat","contentUrl":"/content/dist/rhel/power-le/7/7Server/$basearch/ansible/2.6/os","requiredTags":"rhel-7-ibm-power-le","gpgUrl":"file:///etc/pki/rpm-gpg/RPM-GPG-KEY-redhat-release","modifiedProductIds":[],"arches":"ppc64le","metadataExpire":86400,"uuid":"8a99f98763c666890163d4d974cf289f","releaseVersion":null},"enabled":false},{"content":{"created":"2018-06-06T07:26:51.000+0000","updated":"2018-06-06T07:26:51.000+0000","id":"7392","type":"yum","label":"rhel-7-server-ansible-2.6-for-power-le-source-rpms","name":"Red Hat Ansible Engine 2.6 for RHEL 7 Server for IBM Power LE (Source RPMs)","vendor":"Red Hat","contentUrl":"/content/dist/rhel/power-le/7/7Server/$basearch/ansible/2.6/source/SRPMS","requiredTags":"rhel-7-ibm-power-le","gpgUrl":"file:///etc/pki/rpm-gpg/RPM-GPG-KEY-redhat-release","modifiedProductIds":[],"arches":"ppc64le","metadataExpire":86400,"uuid":"8a99f98763c666890163d4d974d028a0","releaseVersion":null},"enabled":false},{"content":{"created":"2018-06-06T07:26:51.000+0000","updated":"2018-06-06T07:26:51.000+0000","id":"7391","type":"yum","label":"rhel-7-server-ansible-2.6-for-power-le-debug-rpms","name":"Red Hat Ansible Engine 2.6 for RHEL 7 Server for IBM Power LE (Debug RPMs)","vendor":"Red Hat","contentUrl":"/content/dist/rhel/power-le/7/7Server/$basearch/ansible/2.6/debug","requiredTags":"rhel-7-ibm-power-le","gpgUrl":"file:///etc/pki/rpm-gpg/RPM-GPG-KEY-redhat-release","modifiedProductIds":[],"arches":"ppc64le","metadataExpire":86400,"uuid":"8a99f98763c666890163d4d974d028a1","releaseVersion":null},"enabled":false},{"content":{"created":"2018-02-22T17:17:25.000+0000","updated":"2018-02-22T17:17:25.000+0000","id":"7020","type":"yum","label":"rhel-7-server-ansible-2.5-source-rpms","name":"Red Hat Ansible Engine 2.5 Source RPMs for Red Hat Enterprise Linux 7 Server","vendor":"Red Hat","contentUrl":"/content/dist/rhel/server/7/7Server/$basearch/ansible/2.5/source/SRPMS","requiredTags":"rhel-7-server","gpgUrl":"file:///etc/pki/rpm-gpg/RPM-GPG-KEY-redhat-release","modifiedProductIds":[],"arches":"x86_64","metadataExpire":86400,"uuid":"8a99f99e61a10dad0161bf97b1850005","releaseVersion":null},"enabled":false},{"content":{"created":"2018-06-07T11:16:40.000+0000","updated":"2018-06-07T11:16:40.000+0000","id":"7394","type":"yum","label":"rhel-7-server-ansible-2.4-for-power-le-debug-rpms","name":"Red Hat Ansible Engine 2.4 for RHEL 7 Server for IBM Power LE (Debug RPMs)","vendor":"Red Hat","contentUrl":"/content/dist/rhel/power-le/7/7Server/$basearch/ansible/2.4/debug","requiredTags":"rhel-7-ibm-power-le","gpgUrl":"file:///etc/pki/rpm-gpg/RPM-GPG-KEY-redhat-release","modifiedProductIds":[],"arches":"ppc64le","metadataExpire":86400,"uuid":"8a99f99e6374c5370163dad2389a4063","releaseVersion":null},"enabled":false},{"content":{"created":"2018-06-07T11:16:40.000+0000","updated":"2018-06-07T11:16:40.000+0000","id":"7393","type":"yum","label":"rhel-7-server-ansible-2.4-for-power-le-rpms","name":"Red Hat Ansible Engine 2.4 for RHEL 7 Server for IBM Power LE (RPMs)","vendor":"Red Hat","contentUrl":"/content/dist/rhel/power-le/7/7Server/$basearch/ansible/2.4/os","requiredTags":"rhel-7-ibm-power-le","gpgUrl":"file:///etc/pki/rpm-gpg/RPM-GPG-KEY-redhat-release","modifiedProductIds":[],"arches":"ppc64le","metadataExpire":86400,"uuid":"8a99f99e6374c5370163dad2389a4064","releaseVersion":null},"enabled":false},{"content":{"created":"2018-02-22T17:17:25.000+0000","updated":"2018-02-22T17:17:25.000+0000","id":"7019","type":"yum","label":"rhel-7-server-ansible-2.5-rpms","name":"Red Hat Ansible Engine 2.5 RPMs for Red Hat Enterprise Linux 7 Server","vendor":"Red Hat","contentUrl":"/content/dist/rhel/server/7/7Server/$basearch/ansible/2.5/os","requiredTags":"rhel-7-server","gpgUrl":"file:///etc/pki/rpm-gpg/RPM-GPG-KEY-redhat-release","modifiedProductIds":[],"arches":"x86_64","metadataExpire":86400,"uuid":"8a99f99e61a10dad0161bf97b1850004","releaseVersion":null},"enabled":false},{"content":{"created":"2018-02-16T11:12:13.000+0000","updated":"2018-02-16T11:12:13.000+0000","id":"7018","type":"yum","label":"rhel-7-server-ansible-2-debug-rpms","name":"Red Hat Ansible Engine 2 Debug RPMs for Red Hat Enterprise Linux 7 Server","vendor":"Red Hat","contentUrl":"/content/dist/rhel/server/7/7Server/$basearch/ansible/2/debug","requiredTags":"rhel-7-server","gpgUrl":"file:///etc/pki/rpm-gpg/RPM-GPG-KEY-redhat-release","modifiedProductIds":[],"arches":"x86_64","metadataExpire":86400,"uuid":"8a99f99f619f5d5001619f6332ad0002","releaseVersion":null},"enabled":false},{"content":{"created":"2018-08-23T11:16:04.000+0000","updated":"2018-08-23T11:16:04.000+0000","id":"7626","type":"yum","label":"rhel-7-server-ansible-2.6-for-power-9-rpms","name":"Red Hat Ansible Engine 2.6 for RHEL 7 Server for IBM POWER9 (RPMs)","vendor":"Red Hat","contentUrl":"/content/dist/rhel-alt/server/7/7Server/power9/$basearch/ansible/2.6/os","requiredTags":"rhel-alt-7-power9","gpgUrl":"file:///etc/pki/rpm-gpg/RPM-GPG-KEY-redhat-release","modifiedProductIds":[],"arches":"ppc64le","metadataExpire":86400,"uuid":"8a99f9af653dc4880165667f9de209b5","releaseVersion":null},"enabled":false},{"content":{"created":"2018-08-23T11:16:04.000+0000","updated":"2018-08-23T11:16:04.000+0000","id":"7628","type":"yum","label":"rhel-7-server-ansible-2.6-for-power-9-source-rpms","name":"Red Hat Ansible Engine 2.6 for RHEL 7 Server for IBM POWER9 (Source RPMs)","vendor":"Red Hat","contentUrl":"/content/dist/rhel-alt/server/7/7Server/power9/$basearch/ansible/2.6/source/SRPMS","requiredTags":"rhel-alt-7-power9","gpgUrl":"file:///etc/pki/rpm-gpg/RPM-GPG-KEY-redhat-release","modifiedProductIds":[],"arches":"ppc64le","metadataExpire":86400,"uuid":"8a99f9af653dc4880165667f9de209b6","releaseVersion":null},"enabled":false},{"content":{"created":"2017-09-11T14:53:40.000+0000","updated":"2017-09-11T14:53:40.000+0000","id":"6517","type":"yum","label":"rhel-7-server-ansible-2.4-source-rpms","name":"Red Hat Ansible Engine 2.4 Source RPMs for Red Hat Enterprise Linux 7 Server","vendor":"Red Hat","contentUrl":"/content/dist/rhel/server/7/7Server/$basearch/ansible/2.4/source/SRPMS","requiredTags":"rhel-7-server","gpgUrl":"file:///etc/pki/rpm-gpg/RPM-GPG-KEY-redhat-release","modifiedProductIds":[],"arches":"x86_64","metadataExpire":86400,"uuid":"8a99f9845e718933015e724a38a90892","releaseVersion":null},"enabled":false},{"content":{"created":"2017-09-11T14:53:40.000+0000","updated":"2017-09-11T14:53:40.000+0000","id":"6516","type":"yum","label":"rhel-7-server-ansible-2.4-rpms","name":"Red Hat Ansible Engine 2.4 RPMs for Red Hat Enterprise Linux 7 Server","vendor":"Red Hat","contentUrl":"/content/dist/rhel/server/7/7Server/$basearch/ansible/2.4/os","requiredTags":"rhel-7-server","gpgUrl":"file:///etc/pki/rpm-gpg/RPM-GPG-KEY-redhat-release","modifiedProductIds":[],"arches":"x86_64","metadataExpire":86400,"uuid":"8a99f9845e718933015e724a38a90891","releaseVersion":null},"enabled":false},{"content":{"created":"2018-08-23T11:16:04.000+0000","updated":"2018-08-23T11:16:04.000+0000","id":"7627","type":"yum","label":"rhel-7-server-ansible-2.6-for-power-9-debug-rpms","name":"Red Hat Ansible Engine 2.6 for RHEL 7 Server for IBM POWER9 (Debug RPMs)","vendor":"Red Hat","contentUrl":"/content/dist/rhel-alt/server/7/7Server/power9/$basearch/ansible/2.6/debug","requiredTags":"rhel-alt-7-power9","gpgUrl":"file:///etc/pki/rpm-gpg/RPM-GPG-KEY-redhat-release","modifiedProductIds":[],"arches":"ppc64le","metadataExpire":86400,"uuid":"8a99f9af653dc4880165667f9de209b7","releaseVersion":null},"enabled":false},{"content":{"created":"2017-09-11T14:53:40.000+0000","updated":"2017-09-11T14:53:40.000+0000","id":"6518","type":"yum","label":"rhel-7-server-ansible-2.4-debug-rpms","name":"Red Hat Ansible Engine 2.4 Debug RPMs for Red Hat Enterprise Linux 7 Server","vendor":"Red Hat","contentUrl":"/content/dist/rhel/server/7/7Server/$basearch/ansible/2.4/debug","requiredTags":"rhel-7-server","gpgUrl":"file:///etc/pki/rpm-gpg/RPM-GPG-KEY-redhat-release","modifiedProductIds":[],"arches":"x86_64","metadataExpire":86400,"uuid":"8a99f9845e718933015e724a38a9088f","releaseVersion":null},"enabled":false}],"dependentProductIds":[]}