{"created":"2018-06-27T16:49:07.000+0000","updated":"2018-06-27T16:49:07.000+0000","uuid":"8a99f99f643c297201644301c61e0206","multiplier":1,"id":"479","name":"Red Hat Enterprise Linux for x86_64","attributes":[{"name":"name","value":"Red Hat Enterprise Linux for x86_64"},{"name":"arch","value":"x86_64"},{"name":"type","value":"SVC"},{"name":"brand_type","value":"OS"}],"productContent":[{"content":{"created":"2018-06-27T16:49:05.000+0000","updated":"2018-06-27T16:49:05.000+0000","id":"7442","type":"yum","label":"rhel-8-for-x86_64-appstream-debug-rpms","name":"Red Hat Enterprise Linux 8 for x86_64 - AppStream (Debug RPMs)","vendor":"Red Hat","contentUrl":"/content/dist/rhel8/$releasever/x86_64/appstream/debug","requiredTags":"rhel-8-x86_64","gpgUrl":"file:///etc/pki/rpm-gpg/RPM-GPG-KEY-redhat-release","modifiedProductIds":[],"arches":"x86_64","metadataExpire":86400,"uuid":"8a99f99f643c297201644301bfcf01fa","releaseVersion":null},"enabled":false},{"content":{"created":"2018-06-27T16:49:05.000+0000","updated":"2018-06-27T16:49:05.000+0000","id":"7420","type":"file","label":"rhel-8-for-x86_64-baseos-source-isos","name":"Red Hat Enterprise Linux 8 for x86_64 - BaseOS (Source ISOs)","vendor":"Red Hat","contentUrl":"/content/dist/rhel8/$releasever/x86_64/baseos/source/iso","requiredTags":"rhel-8-x86_64","gpgUrl":"http://","modifiedProductIds":[],"arches":"x86_64","metadataExpire":86400,"uuid":"8a99f99f643c297201644301bfce01f9","releaseVersion":null},"enabled":false},{"content":{"created":"2018-06-27T16:49:05.000+0000","updated":"2018-06-27T16:49:05.000+0000","id":"7441","type":"yum","label":"rhel-8-for-x86_64-appstream-rpms","name":"Red Hat Enterprise Linux 8 for x86_64 - AppStream (RPMs)","vendor":"Red Hat","contentUrl":"/content/dist/rhel8/$releasever/x86_64/appstream/os","requiredTags":"rhel-8-x86_64","gpgUrl":"file:///etc/pki/rpm-gpg/RPM-GPG-KEY-redhat-release","modifiedProductIds":[],"arches":"x86_64","metadataExpire":86400,"uuid":"8a99f99f643c297201644301bfcf01fb","releaseVersion":null},"enabled":true},{"content":{"created":"2018-06-27T16:49:05.000+0000","updated":"2018-06-27T16:49:05.000+0000","id":"7444","type":"file","label":"rhel-8-for-x86_64-appstream-isos","name":"Red Hat Enterprise Linux 8 for x86_64 - AppStream (ISOs)","vendor":"Red Hat","contentUrl":"/content/dist/rhel8/$releasever/x86_64/appstream/iso","requiredTags":"rhel-8-x86_64","gpgUrl":"http://","modifiedProductIds":[],"arches":"x86_64","metadataExpire":86400,"uuid":"8a99f99f643c297201644301bfcf01fc","releaseVersion":null},"enabled":false},{"content":{"created":"2018-06-27T16:49:05.000+0000","updated":"2018-06-27T16:49:05.000+0000","id":"7421","type":"kickstart","label":"rhel-8-for-x86_64-baseos-kickstart","name":"Red Hat Enterprise Linux 8 for x86_64 - BaseOS (Kickstart)","vendor":"Red Hat","contentUrl":"/content/dist/rhel8/$releasever/x86_64/baseos/kickstart","requiredTags":"rhel-8-x86_64","gpgUrl":"file:///etc/pki/rpm-gpg/RPM-GPG-KEY-redhat-release","modifiedProductIds":[],"arches":"x86_64","metadataExpire":86400,"uuid":"8a99f99f643c297201644301bfcf01fd","releaseVersion":null},"enabled":false},{"content":{"created":"2018-06-27T16:49:05.000+0000","updated":"2018-06-27T16:49:05.000+0000","id":"7443","type":"yum","label":"rhel-8-for-x86_64-appstream-source-rpms","name":"Red Hat Enterprise Linux 8 for x86_64 - AppStream (Source RPMs)","vendor":"Red Hat","contentUrl":"/content/dist/rhel8/$releasever/x86_64/appstream/source/SRPMS","requiredTags":"rhel-8-x86_64","gpgUrl":"file:///etc/pki/rpm-gpg/RPM-GPG-KEY-redhat-release","modifiedProductIds":[],"arches":"x86_64","metadataExpire":86400,"uuid":"8a99f99f643c297201644301bfcf01fe","releaseVersion":null},"enabled":false},{"content":{"created":"2018-06-27T16:49:05.000+0000","updated":"2018-06-27T16:49:05.000+0000","id":"7446","type":"kickstart","label":"rhel-8-for-x86_64-appstream-kickstart","name":"Red Hat Enterprise Linux 8 for x86_64 - AppStream (Kickstart)","vendor":"Red Hat","contentUrl":"/content/dist/rhel8/$releasever/x86_64/appstream/kickstart","requiredTags":"rhel-8-x86_64","gpgUrl":"file:///etc/pki/rpm-gpg/RPM-GPG-KEY-redhat-release","modifiedProductIds":[],"arches":"x86_64","metadataExpire":86400,"uuid":"8a99f99f643c297201644301bfcf0200","releaseVersion":null},"enabled":false},{"content":{"created":"2018-06-27T16:49:05.000+0000","updated":"2018-06-27T16:49:05.000+0000","id":"7445","type":"file","label":"rhel-8-for-x86_64-appstream-source-isos","name":"Red Hat Enterprise Linux 8 for x86_64 - AppStream (Source ISOs)","vendor":"Red Hat","contentUrl":"/content/dist/rhel8/$releasever/x86_64/appstream/source/iso","requiredTags":"rhel-8-x86_64","gpgUrl":"http://","modifiedProductIds":[],"arches":"x86_64","metadataExpire":86400,"uuid":"8a99f99f643c297201644301bfcf0201","releaseVersion":null},"enabled":false},{"content":{"created":"2018-06-27T16:49:05.000+0000","updated":"2018-06-27T16:49:05.000+0000","id":"7417","type":"yum","label":"rhel-8-for-x86_64-baseos-debug-rpms","name":"Red Hat Enterprise Linux 8 for x86_64 - BaseOS (Debug RPMs)","vendor":"Red Hat","contentUrl":"/content/dist/rhel8/$releasever/x86_64/baseos/debug","requiredTags":"rhel-8-x86_64","gpgUrl":"file:///etc/pki/rpm-gpg/RPM-GPG-KEY-redhat-release","modifiedProductIds":[],"arches":"x86_64","metadataExpire":86400,"uuid":"8a99f99f643c297201644301bfcf0202","releaseVersion":null},"enabled":false},{"content":{"created":"2018-06-27T16:49:05.000+0000","updated":"2018-06-27T16:49:05.000+0000","id":"7416","type":"yum","label":"rhel-8-for-x86_64-baseos-rpms","name":"Red Hat Enterprise Linux 8 for x86_64 - BaseOS (RPMs)","vendor":"Red Hat","contentUrl":"/content/dist/rhel8/$releasever/x86_64/baseos/os","requiredTags":"rhel-8-x86_64","gpgUrl":"file:///etc/pki/rpm-gpg/RPM-GPG-KEY-redhat-release","modifiedProductIds":[],"arches":"x86_64","metadataExpire":86400,"uuid":"8a99f99f643c297201644301bfcf0203","releaseVersion":null},"enabled":true},{"content":{"created":"2018-06-27T16:49:05.000+0000","updated":"2018-06-27T16:49:05.000+0000","id":"7419","type":"file","label":"rhel-8-for-x86_64-baseos-isos","name":"Red Hat Enterprise Linux 8 for x86_64 - BaseOS (ISOs)","vendor":"Red Hat","contentUrl":"/content/dist/rhel8/$releasever/x86_64/baseos/iso","requiredTags":"rhel-8-x86_64","gpgUrl":"http://","modifiedProductIds":[],"arches":"x86_64","metadataExpire":86400,"uuid":"8a99f99f643c297201644301bfcf0204","releaseVersion":null},"enabled":false},{"content":{"created":"2018-06-27T16:49:05.000+0000","updated":"2018-06-27T16:49:05.000+0000","id":"7418","type":"yum","label":"rhel-8-for-x86_64-baseos-source-rpms","name":"Red Hat Enterprise Linux 8 for x86_64 - BaseOS (Source RPMs)","vendor":"Red Hat","contentUrl":"/content/dist/rhel8/$releasever/x86_64/baseos/source/SRPMS","requiredTags":"rhel-8-x86_64","gpgUrl":"file:///etc/pki/rpm-gpg/RPM-GPG-KEY-redhat-release","modifiedProductIds":[],"arches":"x86_64","metadataExpire":86400,"uuid":"8a99f99f643c297201644301bfcf0205","releaseVersion":null},"enabled":false}],"dependentProductIds":[]}