{"created":"2017-09-11T17:05:13.000+0000","updated":"2018-01-31T02:14:54.000+0000","uuid":"8a99f9816135e55601614b1183fb3522","multiplier":1,"id":"70","name":"Red Hat Enterprise Linux Server - Extended Update Support","attributes":[{"name":"name","value":"Red Hat Enterprise Linux Server - Extended Update Support"},{"name":"arch","value":"ia64,x86,x86_64"},{"name":"type","value":"SVC"}],"productContent":[{"content":{"created":"2017-09-11T09:20:50.000+0000","updated":"2017-09-11T09:20:50.000+0000","id":"6193","type":"yum","label":"rhel-4-as-eus-extras-source-rpms","name":"Red Hat Enterprise Linux 4 AS - Extras - EUS (Source RPMSs)","vendor":"Red Hat","contentUrl":"/content/eus/rhel/as/4/4AS/$releasever/$basearch/extras/source/SRPMS","requiredTags":"rhel-4-as","gpgUrl":"file:////usr/share/rhn/RPM-GPG-KEY","modifiedProductIds":[],"arches":"x86_64,x86","metadataExpire":86400,"uuid":"8a99f9815e62e65a015e711982630b4b","releaseVersion":null},"enabled":false},{"content":{"created":"2017-09-11T09:20:50.000+0000","updated":"2017-09-11T09:20:50.000+0000","id":"6192","type":"yum","label":"rhel-4-as-eus-extras-rpms","name":"Red Hat Enterprise Linux 4 AS - Extras - EUS (RPMs)","vendor":"Red Hat","contentUrl":"/content/eus/rhel/as/4/4AS/$releasever/$basearch/extras/os","requiredTags":"rhel-4-as","gpgUrl":"file:////usr/share/rhn/RPM-GPG-KEY","modifiedProductIds":[],"arches":"x86_64,x86","metadataExpire":86400,"uuid":"8a99f9815e62e65a015e711982630b49","releaseVersion":null},"enabled":false},{"content":{"created":"2017-09-11T09:20:50.000+0000","updated":"2017-09-11T09:20:50.000+0000","id":"6194","type":"yum","label":"rhel-4-as-eus-extras-debug-rpms","name":"Red Hat Enterprise Linux 4 AS - Extras - EUS (Debug RPMs)","vendor":"Red Hat","contentUrl":"/content/eus/rhel/as/4/4AS/$releasever/$basearch/extras/debug","requiredTags":"rhel-4-as","gpgUrl":"file:////usr/share/rhn/RPM-GPG-KEY","modifiedProductIds":[],"arches":"x86_64,x86","metadataExpire":86400,"uuid":"8a99f9815e62e65a015e711982630b4c","releaseVersion":null},"enabled":false},{"content":{"created":"2017-09-11T17:04:49.000+0000","updated":"2017-09-11T17:04:49.000+0000","id":"4221","type":"yum","label":"rhel-5-server-eus-satellite-tools-6.1-debuginfo","name":"Red Hat Satellite Tools 6.1 (for RHEL 5 Server - EUS) (Debug RPMs)","vendor":"Red Hat","contentUrl":"/content/eus/rhel/server/5/$releasever/$basearch/sat-tools/6.1/debug","requiredTags":"rhel-5-server","gpgUrl":"file:///etc/pki/rpm-gpg/RPM-GPG-KEY-redhat-release","modifiedProductIds":["69"],"arches":null,"metadataExpire":86400,"uuid":"8a99f9815e718933015e72c24c970a5f","releaseVersion":null},"enabled":false},{"content":{"created":"2017-09-11T17:04:49.000+0000","updated":"2017-09-11T17:04:49.000+0000","id":"4222","type":"yum","label":"rhel-5-server-eus-satellite-tools-6.1-rpms","name":"Red Hat Satellite Tools 6.1 (for RHEL 5 Server - EUS) (RPMs)","vendor":"Red Hat","contentUrl":"/content/eus/rhel/server/5/$releasever/$basearch/sat-tools/6.1/os","requiredTags":"rhel-5-server","gpgUrl":"file:///etc/pki/rpm-gpg/RPM-GPG-KEY-redhat-release","modifiedProductIds":["69"],"arches":null,"metadataExpire":86400,"uuid":"8a99f9815e718933015e72c24c970a61","releaseVersion":null},"enabled":false},{"content":{"created":"2017-09-11T17:04:49.000+0000","updated":"2017-09-11T17:04:49.000+0000","id":"4223","type":"yum","label":"rhel-5-server-eus-satellite-tools-6.1-source-rpms","name":"Red Hat Satellite Tools 6.1 (for RHEL 5 Server - EUS) (Source RPMs)","vendor":"Red Hat","contentUrl":"/content/eus/rhel/server/5/$releasever/$basearch/sat-tools/6.1/source/SRPMS","requiredTags":"rhel-5-server","gpgUrl":"file:///etc/pki/rpm-gpg/RPM-GPG-KEY-redhat-release","modifiedProductIds":["69"],"arches":null,"metadataExpire":86400,"uuid":"8a99f9815e718933015e72c24c970a60","releaseVersion":null},"enabled":false},{"content":{"created":"2017-09-11T09:20:50.000+0000","updated":"2017-09-11T09:20:50.000+0000","id":"880","type":"yum","label":"rhel-5-server-eus-supplementary-debuginfo","name":"Red Hat Enterprise Linux 5 Server - Extended Update Support - Supplementary (Debug RPMs)","vendor":"Red Hat","contentUrl":"/content/eus/rhel/server/5/$releasever/$basearch/supplementary/debug","requiredTags":"rhel-5-server","gpgUrl":"file:///etc/pki/rpm-gpg/RPM-GPG-KEY-redhat-release","modifiedProductIds":["69"],"arches":null,"metadataExpire":86400,"uuid":"8a99f9815e62e65a015e711982660b7e","releaseVersion":null},"enabled":false},{"content":{"created":"2017-09-11T09:20:50.000+0000","updated":"2017-09-11T09:20:50.000+0000","id":"881","type":"file","label":"rhel-5-server-eus-supplementary-isos","name":"Red Hat Enterprise Linux 5 Server - Extended Update Support - Supplementary (ISOs)","vendor":"Red Hat","contentUrl":"/content/eus/rhel/server/5/$releasever/$basearch/supplementary/iso","requiredTags":"rhel-5-server","gpgUrl":"http://","modifiedProductIds":["69"],"arches":null,"metadataExpire":86400,"uuid":"8a99f9815e62e65a015e711982660b82","releaseVersion":null},"enabled":false},{"content":{"created":"2017-09-11T09:20:50.000+0000","updated":"2017-09-11T09:20:50.000+0000","id":"883","type":"yum","label":"rhel-5-server-eus-supplementary-source-rpms","name":"Red Hat Enterprise Linux 5 Server - Extended Update Support - Supplementary (Source RPMs)","vendor":"Red Hat","contentUrl":"/content/eus/rhel/server/5/$releasever/$basearch/supplementary/source/SRPMS","requiredTags":"rhel-5-server","gpgUrl":"file:///etc/pki/rpm-gpg/RPM-GPG-KEY-redhat-release","modifiedProductIds":["69"],"arches":null,"metadataExpire":86400,"uuid":"8a99f9815e62e65a015e711982660b86","releaseVersion":null},"enabled":false},{"content":{"created":"2017-09-11T09:20:55.000+0000","updated":"2017-09-11T09:20:55.000+0000","id":"1344","type":"yum","label":"rhel-5-server-eus-vt-source-rpms","name":"Red Hat Enterprise Linux 5 Server - Extended Update Support - Virtualization (Source RPMs)","vendor":"Red Hat","contentUrl":"/content/eus/rhel/server/5/$releasever/$basearch/vt/source/SRPMS","requiredTags":"rhel-5-server","gpgUrl":"file:///etc/pki/rpm-gpg/RPM-GPG-KEY-redhat-release","modifiedProductIds":["69"],"arches":null,"metadataExpire":86400,"uuid":"8a99f9815e62e65a015e711994ed1115","releaseVersion":null},"enabled":false},{"content":{"created":"2017-09-11T09:20:55.000+0000","updated":"2017-09-11T09:20:55.000+0000","id":"1343","type":"yum","label":"rhel-5-server-eus-vt-rpms","name":"Red Hat Enterprise Linux 5 Server - Extended Update Support - Virtualization (RPMs)","vendor":"Red Hat","contentUrl":"/content/eus/rhel/server/5/$releasever/$basearch/vt/os","requiredTags":"rhel-5-server","gpgUrl":"file:///etc/pki/rpm-gpg/RPM-GPG-KEY-redhat-release","modifiedProductIds":["69"],"arches":null,"metadataExpire":86400,"uuid":"8a99f9815e62e65a015e711994ed1118","releaseVersion":null},"enabled":false},{"content":{"created":"2017-09-11T09:20:55.000+0000","updated":"2017-09-11T09:20:55.000+0000","id":"1342","type":"yum","label":"rhel-5-server-eus-vt-debug-rpms","name":"Red Hat Enterprise Linux 5 Server - Extended Update Support - Virtualization (Debug RPMs)","vendor":"Red Hat","contentUrl":"/content/eus/rhel/server/5/$releasever/$basearch/vt/debug","requiredTags":"rhel-5-server","gpgUrl":"file:///etc/pki/rpm-gpg/RPM-GPG-KEY-redhat-release","modifiedProductIds":["69"],"arches":null,"metadataExpire":86400,"uuid":"8a99f9815e62e65a015e711994ed1117","releaseVersion":null},"enabled":false},{"content":{"created":"2017-09-11T17:04:49.000+0000","updated":"2017-09-11T17:04:49.000+0000","id":"4112","type":"yum","label":"rhel-7-server-eus-debug-rpms","name":"Red Hat Enterprise Linux 7 Server - Extended Update Support (Debug RPMs)","vendor":"Red Hat","contentUrl":"/content/eus/rhel/server/7/$releasever/$basearch/debug","requiredTags":"rhel-7-server","gpgUrl":"file:///etc/pki/rpm-gpg/RPM-GPG-KEY-redhat-release","modifiedProductIds":["69"],"arches":"x86_64","metadataExpire":86400,"uuid":"8a99f9815e718933015e72c24c960a52","releaseVersion":null},"enabled":false},{"content":{"created":"2017-09-11T17:04:49.000+0000","updated":"2017-09-11T17:04:49.000+0000","id":"4113","type":"file","label":"rhel-7-server-eus-isos","name":"Red Hat Enterprise Linux 7 Server - Extended Update Support (ISOs)","vendor":"Red Hat","contentUrl":"/content/eus/rhel/server/7/$releasever/$basearch/iso","requiredTags":"rhel-7-server","gpgUrl":"http://","modifiedProductIds":["69"],"arches":"x86_64","metadataExpire":86400,"uuid":"8a99f9815e718933015e72c24c960a51","releaseVersion":null},"enabled":false},{"content":{"created":"2017-09-11T09:20:50.000+0000","updated":"2017-09-11T09:20:50.000+0000","id":"2054","type":"file","label":"rhel-4-as-eus-source-isos","name":"Red Hat Enterprise Linux 4 AS - Extended Update Support (Source ISOs)","vendor":"Red Hat","contentUrl":"/content/eus/rhel/as/4/$releasever/$basearch/source/iso","requiredTags":"rhel-4-as","gpgUrl":"http://","modifiedProductIds":[],"arches":null,"metadataExpire":86400,"uuid":"8a99f9815e62e65a015e7119826d0bf9","releaseVersion":null},"enabled":false},{"content":{"created":"2017-09-11T09:20:50.000+0000","updated":"2017-09-11T09:20:50.000+0000","id":"2053","type":"yum","label":"rhel-4-as-eus-source-rpms","name":"Red Hat Enterprise Linux 4 AS - Extended Update Support (Source RPMs)","vendor":"Red Hat","contentUrl":"/content/eus/rhel/as/4/$releasever/$basearch/source/SRPMS","requiredTags":"rhel-4-as","gpgUrl":"file:///usr/share/doc/redhat-release-4AS/RPM-GPG-KEY","modifiedProductIds":[],"arches":null,"metadataExpire":86400,"uuid":"8a99f9815e62e65a015e7119826d0bf8","releaseVersion":null},"enabled":false},{"content":{"created":"2017-09-11T09:20:50.000+0000","updated":"2017-09-11T09:20:50.000+0000","id":"1085","type":"yum","label":"rhel-5-server-eus-productivity-source-rpms","name":"Red Hat Enterprise Linux 5 Server - Extended Update Support - Optional Productivity Applications (Source RPMs)","vendor":"Red Hat","contentUrl":"/content/eus/rhel/server/5/$releasever/$basearch/productivity/source/SRPMS","requiredTags":"rhel-5-server","gpgUrl":"file:///etc/pki/rpm-gpg/RPM-GPG-KEY-redhat-release","modifiedProductIds":["69"],"arches":null,"metadataExpire":86400,"uuid":"8a99f9815e62e65a015e711982750c57","releaseVersion":null},"enabled":false},{"content":{"created":"2017-09-11T09:20:50.000+0000","updated":"2017-09-11T09:20:50.000+0000","id":"2052","type":"yum","label":"rhel-4-as-eus-rpms","name":"Red Hat Enterprise Linux 4 AS - Extended Update Support (RPMs)","vendor":"Red Hat","contentUrl":"/content/eus/rhel/as/4/$releasever/$basearch/os","requiredTags":"rhel-4-as","gpgUrl":"file:///usr/share/doc/redhat-release-4AS/RPM-GPG-KEY","modifiedProductIds":[],"arches":null,"metadataExpire":86400,"uuid":"8a99f9815e62e65a015e7119826e0c00","releaseVersion":null},"enabled":false},{"content":{"created":"2017-09-11T09:20:50.000+0000","updated":"2017-09-11T09:20:50.000+0000","id":"1084","type":"yum","label":"rhel-5-server-eus-productivity-debug-rpms","name":"Red Hat Enterprise Linux 5 Server - Extended Update Support - Optional Productivity Applications (Debug RPMs)","vendor":"Red Hat","contentUrl":"/content/eus/rhel/server/5/$releasever/$basearch/productivity/debug","requiredTags":"rhel-5-server","gpgUrl":"file:///etc/pki/rpm-gpg/RPM-GPG-KEY-redhat-release","modifiedProductIds":["69"],"arches":null,"metadataExpire":86400,"uuid":"8a99f9815e62e65a015e711982740c49","releaseVersion":null},"enabled":false},{"content":{"created":"2017-09-11T09:20:50.000+0000","updated":"2017-09-11T09:20:50.000+0000","id":"2051","type":"file","label":"rhel-4-as-eus-isos","name":"Red Hat Enterprise Linux 4 AS - Extended Update Support (ISOs)","vendor":"Red Hat","contentUrl":"/content/eus/rhel/as/4/$releasever/$basearch/iso","requiredTags":"rhel-4-as","gpgUrl":"http://","modifiedProductIds":[],"arches":null,"metadataExpire":86400,"uuid":"8a99f9815e62e65a015e7119826e0bfe","releaseVersion":null},"enabled":false},{"content":{"created":"2017-09-11T09:20:50.000+0000","updated":"2017-09-11T09:20:50.000+0000","id":"1083","type":"yum","label":"rhel-5-server-eus-productivity-rpms","name":"Red Hat Enterprise Linux 5 Server - Extended Update Support - Optional Productivity Applications (RPMs)","vendor":"Red Hat","contentUrl":"/content/eus/rhel/server/5/$releasever/$basearch/productivity/os","requiredTags":"rhel-5-server","gpgUrl":"file:///etc/pki/rpm-gpg/RPM-GPG-KEY-redhat-release","modifiedProductIds":["69"],"arches":null,"metadataExpire":86400,"uuid":"8a99f9815e62e65a015e711982740c4d","releaseVersion":null},"enabled":false},{"content":{"created":"2017-09-11T09:20:50.000+0000","updated":"2017-09-11T09:20:50.000+0000","id":"2050","type":"yum","label":"rhel-4-as-eus-debug-rpms","name":"Red Hat Enterprise Linux 4 AS - Extended Update Support (Debug RPMs)","vendor":"Red Hat","contentUrl":"/content/eus/rhel/as/4/$releasever/$basearch/debug","requiredTags":"rhel-4-as","gpgUrl":"file:///usr/share/doc/redhat-release-4AS/RPM-GPG-KEY","modifiedProductIds":[],"arches":null,"metadataExpire":86400,"uuid":"8a99f9815e62e65a015e7119826e0bfc","releaseVersion":null},"enabled":false},{"content":{"created":"2017-09-11T17:04:49.000+0000","updated":"2017-09-11T17:04:49.000+0000","id":"4103","type":"yum","label":"rhel-7-server-eus-supplementary-debuginfo","name":"Red Hat Enterprise Linux 7 Server - Extended Update Support - Supplementary (Debug RPMs)","vendor":"Red Hat","contentUrl":"/content/eus/rhel/server/7/$releasever/$basearch/supplementary/debug","requiredTags":"rhel-7-server","gpgUrl":"file:///etc/pki/rpm-gpg/RPM-GPG-KEY-redhat-release","modifiedProductIds":["69"],"arches":"x86_64","metadataExpire":86400,"uuid":"8a99f9815e718933015e72c24c950a49","releaseVersion":null},"enabled":false},{"content":{"created":"2017-09-11T17:04:49.000+0000","updated":"2017-09-11T17:04:49.000+0000","id":"4104","type":"file","label":"rhel-7-server-eus-supplementary-isos","name":"Red Hat Enterprise Linux 7 Server - Extended Update Support - Supplementary (ISOs)","vendor":"Red Hat","contentUrl":"/content/eus/rhel/server/7/$releasever/$basearch/supplementary/iso","requiredTags":"rhel-7-server","gpgUrl":"http://","modifiedProductIds":["69"],"arches":"x86_64","metadataExpire":86400,"uuid":"8a99f9815e718933015e72c24c950a4c","releaseVersion":null},"enabled":false},{"content":{"created":"2017-09-11T17:04:49.000+0000","updated":"2017-09-11T17:04:49.000+0000","id":"4105","type":"yum","label":"rhel-7-server-eus-supplementary-source-rpms","name":"Red Hat Enterprise Linux 7 Server - Extended Update Support - Supplementary (Source RPMs)","vendor":"Red Hat","contentUrl":"/content/eus/rhel/server/7/$releasever/$basearch/supplementary/source/SRPMS","requiredTags":"rhel-7-server","gpgUrl":"file:///etc/pki/rpm-gpg/RPM-GPG-KEY-redhat-release","modifiedProductIds":["69"],"arches":"x86_64","metadataExpire":86400,"uuid":"8a99f9815e718933015e72c24c950a46","releaseVersion":null},"enabled":false},{"content":{"created":"2017-09-11T09:20:50.000+0000","updated":"2017-09-11T09:20:50.000+0000","id":"6148","type":"yum","label":"rhel-4-es-eus-extras-source-rpms","name":"Red Hat Enterprise Linux 4 ES - Extras - EUS (Source RPMSs)","vendor":"Red Hat","contentUrl":"/content/eus/rhel/es/4/4ES/$releasever/$basearch/extras/source/SRPMS","requiredTags":"rhel-4-es","gpgUrl":"file:////usr/share/rhn/RPM-GPG-KEY","modifiedProductIds":[],"arches":"x86_64,x86","metadataExpire":86400,"uuid":"8a99f9815e62e65a015e7119826f0c15","releaseVersion":null},"enabled":false},{"content":{"created":"2017-09-11T09:20:50.000+0000","updated":"2017-09-11T09:20:50.000+0000","id":"6147","type":"yum","label":"rhel-4-es-eus-extras-rpms","name":"Red Hat Enterprise Linux 4 ES - Extras - EUS (RPMs)","vendor":"Red Hat","contentUrl":"/content/eus/rhel/es/4/4ES/$releasever/$basearch/extras/os","requiredTags":"rhel-4-es","gpgUrl":"file:////usr/share/rhn/RPM-GPG-KEY","modifiedProductIds":[],"arches":"x86_64,x86","metadataExpire":86400,"uuid":"8a99f9815e62e65a015e7119826f0c14","releaseVersion":null},"enabled":false},{"content":{"created":"2017-09-11T17:04:49.000+0000","updated":"2017-09-11T17:04:49.000+0000","id":"4114","type":"yum","label":"rhel-7-server-eus-optional-debug-rpms","name":"Red Hat Enterprise Linux 7 Server - Extended Update Support - Optional (Debug RPMs)","vendor":"Red Hat","contentUrl":"/content/eus/rhel/server/7/$releasever/$basearch/optional/debug","requiredTags":"rhel-7-server","gpgUrl":"file:///etc/pki/rpm-gpg/RPM-GPG-KEY-redhat-release","modifiedProductIds":["69"],"arches":"x86_64","metadataExpire":86400,"uuid":"8a99f9815e718933015e72c24c960a53","releaseVersion":null},"enabled":false},{"content":{"created":"2017-09-11T17:04:49.000+0000","updated":"2017-09-11T17:04:49.000+0000","id":"4115","type":"yum","label":"rhel-7-server-eus-optional-rpms","name":"Red Hat Enterprise Linux 7 Server - Extended Update Support - Optional (RPMs)","vendor":"Red Hat","contentUrl":"/content/eus/rhel/server/7/$releasever/$basearch/optional/os","requiredTags":"rhel-7-server","gpgUrl":"file:///etc/pki/rpm-gpg/RPM-GPG-KEY-redhat-release","modifiedProductIds":["69"],"arches":"x86_64","metadataExpire":86400,"uuid":"8a99f9815e718933015e72c24c960a54","releaseVersion":null},"enabled":false},{"content":{"created":"2017-09-11T17:04:49.000+0000","updated":"2017-09-11T17:04:49.000+0000","id":"5325","type":"yum","label":"rhel-6-server-eus-satellite-tools-6.3-debug-rpms","name":"Red Hat Satellite Tools 6.3 (for RHEL 6 Server - EUS) (Debug RPMs)","vendor":"Red Hat","contentUrl":"/content/eus/rhel/server/6/$releasever/$basearch/sat-tools/6.3/debug","requiredTags":"rhel-6-server","gpgUrl":"file:///etc/pki/rpm-gpg/RPM-GPG-KEY-redhat-release","modifiedProductIds":["69"],"arches":"x86,x86_64","metadataExpire":86400,"uuid":"8a99f9815e718933015e72c24c980a78","releaseVersion":null},"enabled":false},{"content":{"created":"2017-09-11T17:04:49.000+0000","updated":"2017-09-11T17:04:49.000+0000","id":"4116","type":"yum","label":"rhel-7-server-eus-optional-source-rpms","name":"Red Hat Enterprise Linux 7 Server - Extended Update Support - Optional (Source RPMs)","vendor":"Red Hat","contentUrl":"/content/eus/rhel/server/7/$releasever/$basearch/optional/source/SRPMS","requiredTags":"rhel-7-server","gpgUrl":"file:///etc/pki/rpm-gpg/RPM-GPG-KEY-redhat-release","modifiedProductIds":["69"],"arches":"x86_64","metadataExpire":86400,"uuid":"8a99f9815e718933015e72c24c960a55","releaseVersion":null},"enabled":false},{"content":{"created":"2017-09-11T17:04:49.000+0000","updated":"2017-09-11T17:04:49.000+0000","id":"5326","type":"yum","label":"rhel-6-server-eus-satellite-tools-6.3-rpms","name":"Red Hat Satellite Tools 6.3 (for RHEL 6 Server - EUS) (RPMs)","vendor":"Red Hat","contentUrl":"/content/eus/rhel/server/6/$releasever/$basearch/sat-tools/6.3/os","requiredTags":"rhel-6-server","gpgUrl":"file:///etc/pki/rpm-gpg/RPM-GPG-KEY-redhat-release","modifiedProductIds":["69"],"arches":"x86,x86_64","metadataExpire":86400,"uuid":"8a99f9815e718933015e72c24c980a76","releaseVersion":null},"enabled":false},{"content":{"created":"2017-09-11T17:04:49.000+0000","updated":"2017-09-11T17:04:49.000+0000","id":"4117","type":"yum","label":"rhel-7-server-eus-rpms","name":"Red Hat Enterprise Linux 7 Server - Extended Update Support (RPMs)","vendor":"Red Hat","contentUrl":"/content/eus/rhel/server/7/$releasever/$basearch/os","requiredTags":"rhel-7-server","gpgUrl":"file:///etc/pki/rpm-gpg/RPM-GPG-KEY-redhat-release","modifiedProductIds":["69"],"arches":"x86_64","metadataExpire":86400,"uuid":"8a99f9815e718933015e72c24c960a56","releaseVersion":null},"enabled":false},{"content":{"created":"2017-09-11T17:04:49.000+0000","updated":"2017-09-11T17:04:49.000+0000","id":"5327","type":"yum","label":"rhel-6-server-eus-satellite-tools-6.3-source-rpms","name":"Red Hat Satellite Tools 6.3 (for RHEL 6 Server - EUS) (Source RPMs)","vendor":"Red Hat","contentUrl":"/content/eus/rhel/server/6/$releasever/$basearch/sat-tools/6.3/source/SRPMS","requiredTags":"rhel-6-server","gpgUrl":"file:///etc/pki/rpm-gpg/RPM-GPG-KEY-redhat-release","modifiedProductIds":["69"],"arches":"x86,x86_64","metadataExpire":86400,"uuid":"8a99f9815e718933015e72c24c970a74","releaseVersion":null},"enabled":false},{"content":{"created":"2017-09-11T17:04:49.000+0000","updated":"2017-09-11T17:04:49.000+0000","id":"4118","type":"yum","label":"rhel-7-server-eus-source-rpms","name":"Red Hat Enterprise Linux 7 Server - Extended Update Support (Source RPMs)","vendor":"Red Hat","contentUrl":"/content/eus/rhel/server/7/$releasever/$basearch/source/SRPMS","requiredTags":"rhel-7-server","gpgUrl":"file:///etc/pki/rpm-gpg/RPM-GPG-KEY-redhat-release","modifiedProductIds":["69"],"arches":"x86_64","metadataExpire":86400,"uuid":"8a99f9815e718933015e72c24c960a57","releaseVersion":null},"enabled":false},{"content":{"created":"2017-09-11T17:04:49.000+0000","updated":"2017-09-11T17:04:49.000+0000","id":"4119","type":"file","label":"rhel-7-server-eus-source-isos","name":"Red Hat Enterprise Linux 7 Server - Extended Update Support (Source ISOs)","vendor":"Red Hat","contentUrl":"/content/eus/rhel/server/7/$releasever/$basearch/source/iso","requiredTags":"rhel-7-server","gpgUrl":"http://","modifiedProductIds":["69"],"arches":"x86_64","metadataExpire":86400,"uuid":"8a99f9815e718933015e72c24c960a59","releaseVersion":null},"enabled":false},{"content":{"created":"2017-09-11T17:04:49.000+0000","updated":"2017-09-11T17:04:49.000+0000","id":"4251","type":"yum","label":"rhel-6-server-eus-satellite-tools-6.1-debug-rpms","name":"Red Hat Satellite Tools 6.1 (for RHEL 6 Server - EUS) (Debug RPMs)","vendor":"Red Hat","contentUrl":"/content/eus/rhel/server/6/$releasever/$basearch/sat-tools/6.1/debug","requiredTags":"rhel-6-server","gpgUrl":"file:///etc/pki/rpm-gpg/RPM-GPG-KEY-redhat-release","modifiedProductIds":["69"],"arches":"x86,x86_64","metadataExpire":86400,"uuid":"8a99f9815e718933015e72c24c970a6f","releaseVersion":null},"enabled":false},{"content":{"created":"2017-09-11T17:04:49.000+0000","updated":"2017-09-11T17:04:49.000+0000","id":"4252","type":"yum","label":"rhel-6-server-eus-satellite-tools-6.1-rpms","name":"Red Hat Satellite Tools 6.1 (for RHEL 6 Server - EUS) (RPMs)","vendor":"Red Hat","contentUrl":"/content/eus/rhel/server/6/$releasever/$basearch/sat-tools/6.1/os","requiredTags":"rhel-6-server","gpgUrl":"file:///etc/pki/rpm-gpg/RPM-GPG-KEY-redhat-release","modifiedProductIds":["69"],"arches":"x86,x86_64","metadataExpire":86400,"uuid":"8a99f9815e718933015e72c24c970a71","releaseVersion":null},"enabled":false},{"content":{"created":"2017-09-11T17:04:49.000+0000","updated":"2017-09-11T17:04:49.000+0000","id":"4253","type":"yum","label":"rhel-6-server-eus-satellite-tools-6.1-source-rpms","name":"Red Hat Satellite Tools 6.1 (for RHEL 6 Server - EUS) (Source RPMs)","vendor":"Red Hat","contentUrl":"/content/eus/rhel/server/6/$releasever/$basearch/sat-tools/6.1/source/SRPMS","requiredTags":"rhel-6-server","gpgUrl":"file:///etc/pki/rpm-gpg/RPM-GPG-KEY-redhat-release","modifiedProductIds":["69"],"arches":"x86,x86_64","metadataExpire":86400,"uuid":"8a99f9815e718933015e72c24c970a6e","releaseVersion":null},"enabled":false},{"content":{"created":"2017-09-11T09:20:50.000+0000","updated":"2017-09-11T09:20:50.000+0000","id":"1653","type":"yum","label":"rhel-5-server-eus-supplementary-rpms","name":"Red Hat Enterprise Linux 5 Server - Extended Update Support - Supplementary (RPMs)","vendor":"Red Hat","contentUrl":"/content/eus/rhel/server/5/$releasever/$basearch/supplementary/os","requiredTags":"rhel-5-server","gpgUrl":"file:///etc/pki/rpm-gpg/RPM-GPG-KEY-redhat-release","modifiedProductIds":["69"],"arches":null,"metadataExpire":86400,"uuid":"8a99f9815e62e65a015e7119826e0c0a","releaseVersion":null},"enabled":false},{"content":{"created":"2017-09-11T09:20:50.000+0000","updated":"2017-09-11T09:20:50.000+0000","id":"6149","type":"yum","label":"rhel-4-es-eus-extras-debug-rpms","name":"Red Hat Enterprise Linux 4 ES - Extras - EUS (Debug RPMs)","vendor":"Red Hat","contentUrl":"/content/eus/rhel/es/4/4ES/$releasever/$basearch/extras/debug","requiredTags":"rhel-4-es","gpgUrl":"file:////usr/share/rhn/RPM-GPG-KEY","modifiedProductIds":[],"arches":"x86_64,x86","metadataExpire":86400,"uuid":"8a99f9815e62e65a015e711982680ba0","releaseVersion":null},"enabled":false},{"content":{"created":"2017-09-11T17:04:49.000+0000","updated":"2017-09-11T17:04:49.000+0000","id":"4142","type":"yum","label":"rhel-7-server-eus-rh-common-debug-rpms","name":"Red Hat Enterprise Linux 7 Server - Extended Update Support - RH Common (Debug RPMs)","vendor":"Red Hat","contentUrl":"/content/eus/rhel/server/7/$releasever/$basearch/rh-common/debug","requiredTags":"rhel-7-server","gpgUrl":"file:///etc/pki/rpm-gpg/RPM-GPG-KEY-redhat-release","modifiedProductIds":["69"],"arches":"x86_64","metadataExpire":86400,"uuid":"8a99f9815e718933015e72c24c990a8f","releaseVersion":null},"enabled":false},{"content":{"created":"2017-09-11T17:04:49.000+0000","updated":"2017-09-11T17:04:49.000+0000","id":"4143","type":"yum","label":"rhel-7-server-eus-rh-common-rpms","name":"Red Hat Enterprise Linux 7 Server - Extended Update Support - RH Common (RPMs)","vendor":"Red Hat","contentUrl":"/content/eus/rhel/server/7/$releasever/$basearch/rh-common/os","requiredTags":"rhel-7-server","gpgUrl":"file:///etc/pki/rpm-gpg/RPM-GPG-KEY-redhat-release","modifiedProductIds":["69"],"arches":"x86_64","metadataExpire":86400,"uuid":"8a99f9815e718933015e72c24c980a8b","releaseVersion":null},"enabled":false},{"content":{"created":"2017-09-11T17:04:49.000+0000","updated":"2017-09-11T17:04:49.000+0000","id":"4144","type":"yum","label":"rhel-7-server-eus-rh-common-source-rpms","name":"Red Hat Enterprise Linux 7 Server - Extended Update Support - RH Common (Source RPMs)","vendor":"Red Hat","contentUrl":"/content/eus/rhel/server/7/$releasever/$basearch/rh-common/source/SRPMS","requiredTags":"rhel-7-server","gpgUrl":"file:///etc/pki/rpm-gpg/RPM-GPG-KEY-redhat-release","modifiedProductIds":["69"],"arches":"x86_64","metadataExpire":86400,"uuid":"8a99f9815e718933015e72c24c980a8c","releaseVersion":null},"enabled":false},{"content":{"created":"2017-09-13T16:08:49.000+0000","updated":"2017-09-13T16:08:49.000+0000","id":"1033","type":"yum","label":"rhel-5-server-eus-rpms","name":"Red Hat Enterprise Linux 5 Server - Extended Update Support (RPMs)","vendor":"Red Hat","contentUrl":"/content/eus/rhel/server/5/$releasever/$basearch/os","requiredTags":"rhel-5-server","gpgUrl":"file:///etc/pki/rpm-gpg/RPM-GPG-KEY-redhat-release","modifiedProductIds":["69"],"arches":null,"metadataExpire":86400,"uuid":"8a99f9815e718933015e7cdbbf7d2e9a","releaseVersion":null},"enabled":false},{"content":{"created":"2017-09-11T09:20:50.000+0000","updated":"2017-09-11T09:20:50.000+0000","id":"1670","type":"yum","label":"rhel-6-server-eus-supplementary-rpms","name":"Red Hat Enterprise Linux 6 Server - Extended Update Support - Supplementary (RPMs)","vendor":"Red Hat","contentUrl":"/content/eus/rhel/server/6/$releasever/$basearch/supplementary/os","requiredTags":"rhel-6-server","gpgUrl":"file:///etc/pki/rpm-gpg/RPM-GPG-KEY-redhat-release","modifiedProductIds":["69"],"arches":"x86,x86_64","metadataExpire":86400,"uuid":"8a99f9815e62e65a015e7119826e0c04","releaseVersion":null},"enabled":false},{"content":{"created":"2017-09-11T09:20:55.000+0000","updated":"2017-09-11T09:20:55.000+0000","id":"1032","type":"file","label":"rhel-5-server-eus-isos","name":"Red Hat Enterprise Linux 5 Server - Extended Update Support (ISOs)","vendor":"Red Hat","contentUrl":"/content/eus/rhel/server/5/$releasever/$basearch/iso","requiredTags":"rhel-5-server","gpgUrl":"http://","modifiedProductIds":["69"],"arches":null,"metadataExpire":86400,"uuid":"8a99f9815e62e65a015e711994ee1124","releaseVersion":null},"enabled":false},{"content":{"created":"2017-09-11T09:20:55.000+0000","updated":"2017-09-11T09:20:55.000+0000","id":"1031","type":"yum","label":"rhel-5-server-eus-debug-rpms","name":"Red Hat Enterprise Linux 5 Server - Extended Update Support (Debug RPMs)","vendor":"Red Hat","contentUrl":"/content/eus/rhel/server/5/$releasever/$basearch/debug","requiredTags":"rhel-5-server","gpgUrl":"file:///etc/pki/rpm-gpg/RPM-GPG-KEY-redhat-release","modifiedProductIds":["69"],"arches":null,"metadataExpire":86400,"uuid":"8a99f9815e62e65a015e711994ee1129","releaseVersion":null},"enabled":false},{"content":{"created":"2017-09-11T09:20:50.000+0000","updated":"2017-09-11T09:20:50.000+0000","id":"684","type":"yum","label":"rhel-6-server-eus-supplementary-debuginfo","name":"Red Hat Enterprise Linux 6 Server - Extended Update Support - Supplementary (Debug RPMs)","vendor":"Red Hat","contentUrl":"/content/eus/rhel/server/6/$releasever/$basearch/supplementary/debug","requiredTags":"rhel-6-server","gpgUrl":"file:///etc/pki/rpm-gpg/RPM-GPG-KEY-redhat-release","modifiedProductIds":["69"],"arches":"x86,x86_64","metadataExpire":86400,"uuid":"8a99f9815e62e65a015e711982640b66","releaseVersion":null},"enabled":false},{"content":{"created":"2017-09-11T09:20:50.000+0000","updated":"2017-09-11T09:20:50.000+0000","id":"685","type":"file","label":"rhel-6-server-eus-supplementary-isos","name":"Red Hat Enterprise Linux 6 Server - Extended Update Support - Supplementary (ISOs)","vendor":"Red Hat","contentUrl":"/content/eus/rhel/server/6/$releasever/$basearch/supplementary/iso","requiredTags":"rhel-6-server","gpgUrl":"http://","modifiedProductIds":["69"],"arches":"x86,x86_64","metadataExpire":86400,"uuid":"8a99f9815e62e65a015e711982640b65","releaseVersion":null},"enabled":false},{"content":{"created":"2017-09-11T09:20:50.000+0000","updated":"2017-09-11T09:20:50.000+0000","id":"687","type":"yum","label":"rhel-6-server-eus-supplementary-source-rpms","name":"Red Hat Enterprise Linux 6 Server - Extended Update Support - Supplementary (Source RPMs)","vendor":"Red Hat","contentUrl":"/content/eus/rhel/server/6/$releasever/$basearch/supplementary/source/SRPMS","requiredTags":"rhel-6-server","gpgUrl":"file:///etc/pki/rpm-gpg/RPM-GPG-KEY-redhat-release","modifiedProductIds":["69"],"arches":"x86,x86_64","metadataExpire":86400,"uuid":"8a99f9815e62e65a015e711982640b63","releaseVersion":null},"enabled":false},{"content":{"created":"2018-01-31T02:14:53.000+0000","updated":"2018-01-31T02:14:53.000+0000","id":"6953","type":"yum","label":"rhel-6-server-eus-satellite-tools-6.3-puppet4-rpms","name":"Red Hat Satellite Tools 6.3 - Puppet 4 (for RHEL 6 Server - EUS) (RPMs)","vendor":"Red Hat","contentUrl":"/content/eus/rhel/server/6/$releasever/$basearch/sat-tools/6.3-puppet4/os","requiredTags":"rhel-6-server","gpgUrl":"file:///etc/pki/rpm-gpg/RPM-GPG-KEY-redhat-release","modifiedProductIds":[],"arches":"x86,x86_64","metadataExpire":86400,"uuid":"8a99f9816135e55601614b1181453521","releaseVersion":null},"enabled":false},{"content":{"created":"2018-01-31T02:14:53.000+0000","updated":"2018-01-31T02:14:53.000+0000","id":"6952","type":"yum","label":"rhel-6-server-eus-satellite-tools-6.3-puppet4-debug-rpms","name":"Red Hat Satellite Tools 6.3 - Puppet 4 (for RHEL 6 Server - EUS) (Debug RPMs)","vendor":"Red Hat","contentUrl":"/content/eus/rhel/server/6/$releasever/$basearch/sat-tools/6.3-puppet4/debug","requiredTags":"rhel-6-server","gpgUrl":"file:///etc/pki/rpm-gpg/RPM-GPG-KEY-redhat-release","modifiedProductIds":[],"arches":"x86,x86_64","metadataExpire":86400,"uuid":"8a99f9816135e55601614b1181453520","releaseVersion":null},"enabled":false},{"content":{"created":"2017-09-11T17:04:49.000+0000","updated":"2017-09-11T17:04:49.000+0000","id":"4138","type":"yum","label":"rhel-7-server-eus-supplementary-rpms","name":"Red Hat Enterprise Linux 7 Server - Extended Update Support - Supplementary (RPMs)","vendor":"Red Hat","contentUrl":"/content/eus/rhel/server/7/$releasever/$basearch/supplementary/os","requiredTags":"rhel-7-server","gpgUrl":"file:///etc/pki/rpm-gpg/RPM-GPG-KEY-redhat-release","modifiedProductIds":["69"],"arches":"x86_64","metadataExpire":86400,"uuid":"8a99f9815e718933015e72c24c980a84","releaseVersion":null},"enabled":false},{"content":{"created":"2018-01-31T02:14:53.000+0000","updated":"2018-01-31T02:14:53.000+0000","id":"6954","type":"yum","label":"rhel-6-server-eus-satellite-tools-6.3-puppet4-source-rpms","name":"Red Hat Satellite Tools 6.3 - Puppet 4 (for RHEL 6 Server - EUS) (Source RPMs)","vendor":"Red Hat","contentUrl":"/content/eus/rhel/server/6/$releasever/$basearch/sat-tools/6.3-puppet4/source/SRPMS","requiredTags":"rhel-6-server","gpgUrl":"file:///etc/pki/rpm-gpg/RPM-GPG-KEY-redhat-release","modifiedProductIds":[],"arches":"x86,x86_64","metadataExpire":86400,"uuid":"8a99f9816135e55601614b118144351f","releaseVersion":null},"enabled":false},{"content":{"created":"2017-09-11T17:04:49.000+0000","updated":"2017-09-11T17:04:49.000+0000","id":"5364","type":"yum","label":"rhel-7-server-eus-satellite-tools-6.3-debug-rpms","name":"Red Hat Satellite Tools 6.3 (for RHEL 7 Server - EUS) (Debug RPMs)","vendor":"Red Hat","contentUrl":"/content/eus/rhel/server/7/$releasever/$basearch/sat-tools/6.3/debug","requiredTags":"rhel-7-server","gpgUrl":"file:///etc/pki/rpm-gpg/RPM-GPG-KEY-redhat-release","modifiedProductIds":["69"],"arches":"x86_64","metadataExpire":86400,"uuid":"8a99f9815e718933015e72c24c960a5a","releaseVersion":null},"enabled":false},{"content":{"created":"2017-09-11T17:04:49.000+0000","updated":"2017-09-11T17:04:49.000+0000","id":"5365","type":"yum","label":"rhel-7-server-eus-satellite-tools-6.3-rpms","name":"Red Hat Satellite Tools 6.3 (for RHEL 7 Server - EUS) (RPMs)","vendor":"Red Hat","contentUrl":"/content/eus/rhel/server/7/$releasever/$basearch/sat-tools/6.3/os","requiredTags":"rhel-7-server","gpgUrl":"file:///etc/pki/rpm-gpg/RPM-GPG-KEY-redhat-release","modifiedProductIds":["69"],"arches":"x86_64","metadataExpire":86400,"uuid":"8a99f9815e718933015e72c24c960a58","releaseVersion":null},"enabled":false},{"content":{"created":"2017-09-11T17:04:49.000+0000","updated":"2017-09-11T17:04:49.000+0000","id":"4551","type":"yum","label":"rhel-7-server-eus-rhn-tools-rpms","name":"RHN Tools for Red Hat Enterprise Linux 7 Server - Extended Update Support (RPMs)","vendor":"Red Hat","contentUrl":"/content/eus/rhel/server/7/$releasever/$basearch/rhn-tools/os","requiredTags":"rhel-7-server","gpgUrl":"file:///etc/pki/rpm-gpg/RPM-GPG-KEY-redhat-release","modifiedProductIds":["69"],"arches":"x86_64","metadataExpire":86400,"uuid":"8a99f9815e718933015e72c24c980a7d","releaseVersion":null},"enabled":false},{"content":{"created":"2017-09-11T17:04:49.000+0000","updated":"2017-09-11T17:04:49.000+0000","id":"5366","type":"yum","label":"rhel-7-server-eus-satellite-tools-6.3-source-rpms","name":"Red Hat Satellite Tools 6.3 (for RHEL 7 Server - EUS) (Source RPMs)","vendor":"Red Hat","contentUrl":"/content/eus/rhel/server/7/$releasever/$basearch/sat-tools/6.3/source/SRPMS","requiredTags":"rhel-7-server","gpgUrl":"file:///etc/pki/rpm-gpg/RPM-GPG-KEY-redhat-release","modifiedProductIds":["69"],"arches":"x86_64","metadataExpire":86400,"uuid":"8a99f9815e718933015e72c24c970a5b","releaseVersion":null},"enabled":false},{"content":{"created":"2017-09-11T17:04:49.000+0000","updated":"2017-09-11T17:04:49.000+0000","id":"4794","type":"yum","label":"rhel-6-server-eus-satellite-tools-6.2-debug-rpms","name":"Red Hat Satellite Tools 6.2 (for RHEL 6 Server - EUS) (Debug RPMs)","vendor":"Red Hat","contentUrl":"/content/eus/rhel/server/6/$releasever/$basearch/sat-tools/6.2/debug","requiredTags":"rhel-6-server","gpgUrl":"file:///etc/pki/rpm-gpg/RPM-GPG-KEY-redhat-release","modifiedProductIds":["69"],"arches":"x86,x86_64","metadataExpire":86400,"uuid":"8a99f9815e718933015e72c24c970a63","releaseVersion":null},"enabled":false},{"content":{"created":"2017-09-11T17:04:49.000+0000","updated":"2017-09-11T17:04:49.000+0000","id":"4552","type":"yum","label":"rhel-7-server-eus-rhn-tools-source-rpms","name":"RHN Tools for Red Hat Enterprise Linux 7 Server - Extended Update Support (Source RPMs)","vendor":"Red Hat","contentUrl":"/content/eus/rhel/server/7/$releasever/$basearch/rhn-tools/source/SRPMS","requiredTags":"rhel-7-server","gpgUrl":"file:///etc/pki/rpm-gpg/RPM-GPG-KEY-redhat-release","modifiedProductIds":["69"],"arches":"x86_64","metadataExpire":86400,"uuid":"8a99f9815e718933015e72c24c980a7e","releaseVersion":null},"enabled":false},{"content":{"created":"2018-01-31T02:14:53.000+0000","updated":"2018-01-31T02:14:53.000+0000","id":"6973","type":"yum","label":"rhel-7-server-eus-satellite-tools-6.3-puppet4-debug-rpms","name":"Red Hat Satellite Tools 6.3 - Puppet 4 (for RHEL 7 Server - EUS) (Debug RPMs)","vendor":"Red Hat","contentUrl":"/content/eus/rhel/server/7/$releasever/$basearch/sat-tools/6.3-puppet4/debug","requiredTags":"rhel-7-server","gpgUrl":"file:///etc/pki/rpm-gpg/RPM-GPG-KEY-redhat-release","modifiedProductIds":[],"arches":"x86_64","metadataExpire":86400,"uuid":"8a99f9816135e55601614b118144351c","releaseVersion":null},"enabled":false},{"content":{"created":"2017-09-11T17:04:49.000+0000","updated":"2017-09-11T17:04:49.000+0000","id":"4795","type":"yum","label":"rhel-6-server-eus-satellite-tools-6.2-rpms","name":"Red Hat Satellite Tools 6.2 (for RHEL 6 Server - EUS) (RPMs)","vendor":"Red Hat","contentUrl":"/content/eus/rhel/server/6/$releasever/$basearch/sat-tools/6.2/os","requiredTags":"rhel-6-server","gpgUrl":"file:///etc/pki/rpm-gpg/RPM-GPG-KEY-redhat-release","modifiedProductIds":["69"],"arches":"x86,x86_64","metadataExpire":86400,"uuid":"8a99f9815e718933015e72c24c970a62","releaseVersion":null},"enabled":false},{"content":{"created":"2017-09-11T09:20:50.000+0000","updated":"2017-09-11T09:20:50.000+0000","id":"3068","type":"file","label":"rhel-4-es-eus-isos","name":"Red Hat Enterprise Linux 4 ES - Extended Update Support (ISOs)","vendor":"Red Hat","contentUrl":"/content/eus/rhel/es/4/$releasever/$basearch/iso","requiredTags":"rhel-4-es","gpgUrl":"http://","modifiedProductIds":[],"arches":null,"metadataExpire":86400,"uuid":"8a99f9815e62e65a015e711982710c32","releaseVersion":null},"enabled":false},{"content":{"created":"2017-09-11T09:20:55.000+0000","updated":"2017-09-11T09:20:55.000+0000","id":"1286","type":"yum","label":"rhel-6-server-eus-source-rpms","name":"Red Hat Enterprise Linux 6 Server - Extended Update Support (Source RPMs)","vendor":"Red Hat","contentUrl":"/content/eus/rhel/server/6/$releasever/$basearch/source/SRPMS","requiredTags":"rhel-6-server","gpgUrl":"file:///etc/pki/rpm-gpg/RPM-GPG-KEY-redhat-release","modifiedProductIds":["69"],"arches":"x86,x86_64","metadataExpire":86400,"uuid":"8a99f9815e62e65a015e711994eb10e7","releaseVersion":null},"enabled":false},{"content":{"created":"2017-09-11T17:04:49.000+0000","updated":"2017-09-11T17:04:49.000+0000","id":"2892","type":"file","label":"rhel-5-server-eus-rh-common-isos","name":"Red Hat Enterprise Linux 5 Server - Extended Update Support - RH Common (ISOs)","vendor":"Red Hat","contentUrl":"/content/eus/rhel/server/5/$releasever/$basearch/rh-common/iso","requiredTags":"rhel-5-server","gpgUrl":"http://","modifiedProductIds":["69"],"arches":null,"metadataExpire":86400,"uuid":"8a99f9815e718933015e72c24c980a7b","releaseVersion":null},"enabled":false},{"content":{"created":"2017-09-11T09:20:50.000+0000","updated":"2017-09-11T09:20:50.000+0000","id":"3067","type":"yum","label":"rhel-4-es-eus-debug-rpms","name":"Red Hat Enterprise Linux 4 ES - Extended Update Support (Debug RPMs)","vendor":"Red Hat","contentUrl":"/content/eus/rhel/es/4/$releasever/$basearch/debug","requiredTags":"rhel-4-es","gpgUrl":"file:///usr/share/doc/redhat-release-4ES/RPM-GPG-KEY","modifiedProductIds":[],"arches":null,"metadataExpire":86400,"uuid":"8a99f9815e62e65a015e711982700c31","releaseVersion":null},"enabled":false},{"content":{"created":"2017-09-11T17:04:49.000+0000","updated":"2017-09-11T17:04:49.000+0000","id":"2891","type":"yum","label":"rhel-5-server-eus-rh-common-debuginfo","name":"Red Hat Enterprise Linux 5 Server - Extended Update Support - RH Common (Debug RPMs)","vendor":"Red Hat","contentUrl":"/content/eus/rhel/server/5/$releasever/$basearch/rh-common/debug","requiredTags":"rhel-5-server","gpgUrl":"file:///etc/pki/rpm-gpg/RPM-GPG-KEY-redhat-release","modifiedProductIds":["69"],"arches":null,"metadataExpire":86400,"uuid":"8a99f9815e718933015e72c24c980a7c","releaseVersion":null},"enabled":false},{"content":{"created":"2017-09-13T16:08:49.000+0000","updated":"2017-09-13T16:08:49.000+0000","id":"1285","type":"yum","label":"rhel-6-server-eus-rpms","name":"Red Hat Enterprise Linux 6 Server - Extended Update Support (RPMs)","vendor":"Red Hat","contentUrl":"/content/eus/rhel/server/6/$releasever/$basearch/os","requiredTags":"rhel-6-server","gpgUrl":"file:///etc/pki/rpm-gpg/RPM-GPG-KEY-redhat-release","modifiedProductIds":["69"],"arches":"x86,x86_64","metadataExpire":86400,"uuid":"8a99f9815e718933015e7cdbbf7d2e99","releaseVersion":null},"enabled":false},{"content":{"created":"2017-09-11T09:20:55.000+0000","updated":"2017-09-11T09:20:55.000+0000","id":"1284","type":"yum","label":"rhel-6-server-eus-optional-source-rpms","name":"Red Hat Enterprise Linux 6 Server - Extended Update Support - Optional (Source RPMs)","vendor":"Red Hat","contentUrl":"/content/eus/rhel/server/6/$releasever/$basearch/optional/source/SRPMS","requiredTags":"rhel-6-server","gpgUrl":"file:///etc/pki/rpm-gpg/RPM-GPG-KEY-redhat-release","modifiedProductIds":["69"],"arches":"x86,x86_64","metadataExpire":86400,"uuid":"8a99f9815e62e65a015e711994eb10e5","releaseVersion":null},"enabled":false},{"content":{"created":"2017-09-11T09:20:55.000+0000","updated":"2017-09-11T09:20:55.000+0000","id":"1283","type":"yum","label":"rhel-6-server-eus-optional-rpms","name":"Red Hat Enterprise Linux 6 Server - Extended Update Support - Optional (RPMs)","vendor":"Red Hat","contentUrl":"/content/eus/rhel/server/6/$releasever/$basearch/optional/os","requiredTags":"rhel-6-server","gpgUrl":"file:///etc/pki/rpm-gpg/RPM-GPG-KEY-redhat-release","modifiedProductIds":["69"],"arches":"x86,x86_64","metadataExpire":86400,"uuid":"8a99f9815e62e65a015e711994eb10e4","releaseVersion":null},"enabled":false},{"content":{"created":"2017-09-11T17:04:49.000+0000","updated":"2017-09-11T17:04:49.000+0000","id":"3340","type":"yum","label":"rhel-6-server-eus-rhn-tools-source-rpms","name":"RHN Tools for Red Hat Enterprise Linux 6 Server - Extended Update Support (Source RPMs)","vendor":"Red Hat","contentUrl":"/content/eus/rhel/server/6/$releasever/$basearch/rhn-tools/source/SRPMS","requiredTags":"rhel-6-server","gpgUrl":"file:///etc/pki/rpm-gpg/RPM-GPG-KEY-redhat-release","modifiedProductIds":["69"],"arches":"x86,x86_64","metadataExpire":86400,"uuid":"8a99f9815e718933015e72c24c960a50","releaseVersion":null},"enabled":false},{"content":{"created":"2017-09-11T09:20:50.000+0000","updated":"2017-09-11T09:20:50.000+0000","id":"6292","type":"yum","label":"rhel-4-es-for-itanium-eus-extras-source-rpms","name":"Red Hat Enterprise Linux 4 ES for Itanium - Extras - EUS (Source RPMSs)","vendor":"Red Hat","contentUrl":"/content/eus/rhel/itanium/4/4ES/$releasever/$basearch/extras/source/SRPMS","requiredTags":"rhel-4-es","gpgUrl":"file:////usr/share/rhn/RPM-GPG-KEY","modifiedProductIds":[],"arches":"ia64","metadataExpire":86400,"uuid":"8a99f9815e62e65a015e711982670b91","releaseVersion":null},"enabled":false},{"content":{"created":"2017-09-11T09:20:55.000+0000","updated":"2017-09-11T09:20:55.000+0000","id":"1282","type":"yum","label":"rhel-6-server-eus-optional-debug-rpms","name":"Red Hat Enterprise Linux 6 Server - Extended Update Support - Optional (Debug RPMs)","vendor":"Red Hat","contentUrl":"/content/eus/rhel/server/6/$releasever/$basearch/optional/debug","requiredTags":"rhel-6-server","gpgUrl":"file:///etc/pki/rpm-gpg/RPM-GPG-KEY-redhat-release","modifiedProductIds":["69"],"arches":"x86,x86_64","metadataExpire":86400,"uuid":"8a99f9815e62e65a015e711994eb10e3","releaseVersion":null},"enabled":false},{"content":{"created":"2017-09-11T09:20:50.000+0000","updated":"2017-09-11T09:20:50.000+0000","id":"6291","type":"yum","label":"rhel-4-es-for-itanium-eus-extras-rpms","name":"Red Hat Enterprise Linux 4 ES for Itanium - Extras - EUS (RPMs)","vendor":"Red Hat","contentUrl":"/content/eus/rhel/itanium/4/4ES/$releasever/$basearch/extras/os","requiredTags":"rhel-4-es","gpgUrl":"file:////usr/share/rhn/RPM-GPG-KEY","modifiedProductIds":[],"arches":"ia64","metadataExpire":86400,"uuid":"8a99f9815e62e65a015e711982670b92","releaseVersion":null},"enabled":false},{"content":{"created":"2017-09-11T09:20:55.000+0000","updated":"2017-09-11T09:20:55.000+0000","id":"1281","type":"file","label":"rhel-6-server-eus-isos","name":"Red Hat Enterprise Linux 6 Server - Extended Update Support (ISOs)","vendor":"Red Hat","contentUrl":"/content/eus/rhel/server/6/$releasever/$basearch/iso","requiredTags":"rhel-6-server","gpgUrl":"http://","modifiedProductIds":["69"],"arches":"x86,x86_64","metadataExpire":86400,"uuid":"8a99f9815e62e65a015e711994eb10e2","releaseVersion":null},"enabled":false},{"content":{"created":"2017-09-11T09:20:55.000+0000","updated":"2017-09-11T09:20:55.000+0000","id":"1280","type":"yum","label":"rhel-6-server-eus-debug-rpms","name":"Red Hat Enterprise Linux 6 Server - Extended Update Support (Debug RPMs)","vendor":"Red Hat","contentUrl":"/content/eus/rhel/server/6/$releasever/$basearch/debug","requiredTags":"rhel-6-server","gpgUrl":"file:///etc/pki/rpm-gpg/RPM-GPG-KEY-redhat-release","modifiedProductIds":["69"],"arches":"x86,x86_64","metadataExpire":86400,"uuid":"8a99f9815e62e65a015e711994eb10e1","releaseVersion":null},"enabled":false},{"content":{"created":"2017-09-11T09:20:50.000+0000","updated":"2017-09-11T09:20:50.000+0000","id":"6293","type":"yum","label":"rhel-4-es-for-itanium-eus-extras-debug-rpms","name":"Red Hat Enterprise Linux 4 ES for Itanium - Extras - EUS (Debug RPMs)","vendor":"Red Hat","contentUrl":"/content/eus/rhel/itanium/4/4ES/$releasever/$basearch/extras/debug","requiredTags":"rhel-4-es","gpgUrl":"file:////usr/share/rhn/RPM-GPG-KEY","modifiedProductIds":[],"arches":"ia64","metadataExpire":86400,"uuid":"8a99f9815e62e65a015e711982670b8f","releaseVersion":null},"enabled":false},{"content":{"created":"2017-09-11T17:04:49.000+0000","updated":"2017-09-11T17:04:49.000+0000","id":"3339","type":"yum","label":"rhel-6-server-eus-rhn-tools-rpms","name":"RHN Tools for Red Hat Enterprise Linux 6 Server - Extended Update Support (RPMs)","vendor":"Red Hat","contentUrl":"/content/eus/rhel/server/6/$releasever/$basearch/rhn-tools/os","requiredTags":"rhel-6-server","gpgUrl":"file:///etc/pki/rpm-gpg/RPM-GPG-KEY-redhat-release","modifiedProductIds":["69"],"arches":"x86,x86_64","metadataExpire":86400,"uuid":"8a99f9815e718933015e72c24c950a47","releaseVersion":null},"enabled":false},{"content":{"created":"2017-09-11T17:04:49.000+0000","updated":"2017-09-11T17:04:49.000+0000","id":"3337","type":"yum","label":"rhel-6-server-eus-rhn-tools-debug-rpms","name":"RHN Tools for Red Hat Enterprise Linux 6 Server - Extended Update Support (Debug RPMs)","vendor":"Red Hat","contentUrl":"/content/eus/rhel/server/6/$releasever/$basearch/rhn-tools/debug","requiredTags":"rhel-6-server","gpgUrl":"file:///etc/pki/rpm-gpg/RPM-GPG-KEY-redhat-release","modifiedProductIds":["69"],"arches":"x86,x86_64","metadataExpire":86400,"uuid":"8a99f9815e718933015e72c24c950a4b","releaseVersion":null},"enabled":false},{"content":{"created":"2017-09-11T17:04:49.000+0000","updated":"2017-09-11T17:04:49.000+0000","id":"3336","type":"yum","label":"rhel-5-server-eus-rhn-tools-source-rpms","name":"RHN Tools for Red Hat Enterprise Linux 5 Server - Extended Update Support (Source RPMs)","vendor":"Red Hat","contentUrl":"/content/eus/rhel/server/5/$releasever/$basearch/rhn-tools/source/SRPMS","requiredTags":"rhel-5-server","gpgUrl":"file:///etc/pki/rpm-gpg/RPM-GPG-KEY-redhat-release","modifiedProductIds":["69"],"arches":null,"metadataExpire":86400,"uuid":"8a99f9815e718933015e72c24c950a4e","releaseVersion":null},"enabled":false},{"content":{"created":"2017-09-11T17:04:49.000+0000","updated":"2017-09-11T17:04:49.000+0000","id":"3335","type":"yum","label":"rhel-5-server-eus-rhn-tools-rpms","name":"RHN Tools for Red Hat Enterprise Linux 5 Server - Extended Update Support (RPMs)","vendor":"Red Hat","contentUrl":"/content/eus/rhel/server/5/$releasever/$basearch/rhn-tools/os","requiredTags":"rhel-5-server","gpgUrl":"file:///etc/pki/rpm-gpg/RPM-GPG-KEY-redhat-release","modifiedProductIds":["69"],"arches":null,"metadataExpire":86400,"uuid":"8a99f9815e718933015e72c24c950a4d","releaseVersion":null},"enabled":false},{"content":{"created":"2017-09-11T09:20:55.000+0000","updated":"2017-09-11T09:20:55.000+0000","id":"1035","type":"file","label":"rhel-5-server-eus-source-isos","name":"Red Hat Enterprise Linux 5 Server - Extended Update Support (Source ISOs)","vendor":"Red Hat","contentUrl":"/content/eus/rhel/server/5/$releasever/$basearch/source/iso","requiredTags":"rhel-5-server","gpgUrl":"http://","modifiedProductIds":["69"],"arches":null,"metadataExpire":86400,"uuid":"8a99f9815e62e65a015e711994ed1119","releaseVersion":null},"enabled":false},{"content":{"created":"2017-09-11T09:20:55.000+0000","updated":"2017-09-11T09:20:55.000+0000","id":"1034","type":"yum","label":"rhel-5-server-eus-source-rpms","name":"Red Hat Enterprise Linux 5 Server - Extended Update Support (Source RPMs)","vendor":"Red Hat","contentUrl":"/content/eus/rhel/server/5/$releasever/$basearch/source/SRPMS","requiredTags":"rhel-5-server","gpgUrl":"file:///etc/pki/rpm-gpg/RPM-GPG-KEY-redhat-release","modifiedProductIds":["69"],"arches":null,"metadataExpire":86400,"uuid":"8a99f9815e62e65a015e711994ee111a","releaseVersion":null},"enabled":false},{"content":{"created":"2017-09-11T17:04:49.000+0000","updated":"2017-09-11T17:04:49.000+0000","id":"3333","type":"yum","label":"rhel-5-server-eus-rhn-tools-debug-rpms","name":"RHN Tools for Red Hat Enterprise Linux 5 Server - Extended Update Support (Debug RPMs)","vendor":"Red Hat","contentUrl":"/content/eus/rhel/server/5/$releasever/$basearch/rhn-tools/debug","requiredTags":"rhel-5-server","gpgUrl":"file:///etc/pki/rpm-gpg/RPM-GPG-KEY-redhat-release","modifiedProductIds":["69"],"arches":null,"metadataExpire":86400,"uuid":"8a99f9815e718933015e72c24c960a4f","releaseVersion":null},"enabled":false},{"content":{"created":"2017-09-11T09:20:55.000+0000","updated":"2017-09-11T09:20:55.000+0000","id":"6328","type":"yum","label":"rhel-4-as-for-itanium-eus-extras-source-rpms","name":"Red Hat Enterprise Linux 4 AS for Itanium - Extras - EUS (Source RPMSs)","vendor":"Red Hat","contentUrl":"/content/eus/rhel/itanium/4/4AS/$releasever/$basearch/extras/source/SRPMS","requiredTags":"rhel-4-as","gpgUrl":"file:////usr/share/rhn/RPM-GPG-KEY","modifiedProductIds":[],"arches":"ia64","metadataExpire":86400,"uuid":"8a99f9815e62e65a015e711994ef1133","releaseVersion":null},"enabled":false},{"content":{"created":"2017-09-11T09:20:55.000+0000","updated":"2017-09-11T09:20:55.000+0000","id":"6327","type":"yum","label":"rhel-4-as-for-itanium-eus-extras-rpms","name":"Red Hat Enterprise Linux 4 AS for Itanium - Extras - EUS (RPMs)","vendor":"Red Hat","contentUrl":"/content/eus/rhel/itanium/4/4AS/$releasever/$basearch/extras/os","requiredTags":"rhel-4-as","gpgUrl":"file:////usr/share/rhn/RPM-GPG-KEY","modifiedProductIds":[],"arches":"ia64","metadataExpire":86400,"uuid":"8a99f9815e62e65a015e711994ef1134","releaseVersion":null},"enabled":false},{"content":{"created":"2017-09-11T09:20:55.000+0000","updated":"2017-09-11T09:20:55.000+0000","id":"6329","type":"yum","label":"rhel-4-as-for-itanium-eus-extras-debug-rpms","name":"Red Hat Enterprise Linux 4 AS for Itanium - Extras - EUS (Debug RPMs)","vendor":"Red Hat","contentUrl":"/content/eus/rhel/itanium/4/4AS/$releasever/$basearch/extras/debug","requiredTags":"rhel-4-as","gpgUrl":"file:////usr/share/rhn/RPM-GPG-KEY","modifiedProductIds":[],"arches":"ia64","metadataExpire":86400,"uuid":"8a99f9815e62e65a015e711994ef1135","releaseVersion":null},"enabled":false},{"content":{"created":"2017-09-11T17:04:49.000+0000","updated":"2017-09-11T17:04:49.000+0000","id":"4549","type":"yum","label":"rhel-7-server-eus-rhn-tools-debug-rpms","name":"RHN Tools for Red Hat Enterprise Linux 7 Server - Extended Update Support (Debug RPMs)","vendor":"Red Hat","contentUrl":"/content/eus/rhel/server/7/$releasever/$basearch/rhn-tools/debug","requiredTags":"rhel-7-server","gpgUrl":"file:///etc/pki/rpm-gpg/RPM-GPG-KEY-redhat-release","modifiedProductIds":["69"],"arches":"x86_64","metadataExpire":86400,"uuid":"8a99f9815e718933015e72c24c980a7f","releaseVersion":null},"enabled":false},{"content":{"created":"2017-09-11T09:20:50.000+0000","updated":"2017-09-11T09:20:50.000+0000","id":"3071","type":"file","label":"rhel-4-es-eus-source-isos","name":"Red Hat Enterprise Linux 4 ES - Extended Update Support (Source ISOs)","vendor":"Red Hat","contentUrl":"/content/eus/rhel/es/4/$releasever/$basearch/source/iso","requiredTags":"rhel-4-es","gpgUrl":"http://","modifiedProductIds":[],"arches":null,"metadataExpire":86400,"uuid":"8a99f9815e62e65a015e711982700c20","releaseVersion":null},"enabled":false},{"content":{"created":"2017-09-11T17:04:49.000+0000","updated":"2017-09-11T17:04:49.000+0000","id":"4282","type":"yum","label":"rhel-7-server-eus-satellite-tools-6.1-rpms","name":"Red Hat Satellite Tools 6.1 (for RHEL 7 Server - EUS) (RPMs)","vendor":"Red Hat","contentUrl":"/content/eus/rhel/server/7/$releasever/$basearch/sat-tools/6.1/os","requiredTags":"rhel-7-server","gpgUrl":"file:///etc/pki/rpm-gpg/RPM-GPG-KEY-redhat-release","modifiedProductIds":["69"],"arches":"x86_64","metadataExpire":86400,"uuid":"8a99f9815e718933015e72c24c980a89","releaseVersion":null},"enabled":false},{"content":{"created":"2017-09-11T09:20:50.000+0000","updated":"2017-09-11T09:20:50.000+0000","id":"3070","type":"yum","label":"rhel-4-es-eus-source-rpms","name":"Red Hat Enterprise Linux 4 ES - Extended Update Support (Source RPMs)","vendor":"Red Hat","contentUrl":"/content/eus/rhel/es/4/$releasever/$basearch/source/SRPMS","requiredTags":"rhel-4-es","gpgUrl":"file:///usr/share/doc/redhat-release-4ES/RPM-GPG-KEY","modifiedProductIds":[],"arches":null,"metadataExpire":86400,"uuid":"8a99f9815e62e65a015e7119826f0c1c","releaseVersion":null},"enabled":false},{"content":{"created":"2017-09-11T17:04:49.000+0000","updated":"2017-09-11T17:04:49.000+0000","id":"4283","type":"yum","label":"rhel-7-server-eus-satellite-tools-6.1-source-rpms","name":"Red Hat Satellite Tools 6.1 (for RHEL 7 Server - EUS) (Source RPMs)","vendor":"Red Hat","contentUrl":"/content/eus/rhel/server/7/$releasever/$basearch/sat-tools/6.1/source/SRPMS","requiredTags":"rhel-7-server","gpgUrl":"file:///etc/pki/rpm-gpg/RPM-GPG-KEY-redhat-release","modifiedProductIds":["69"],"arches":"x86_64","metadataExpire":86400,"uuid":"8a99f9815e718933015e72c24c980a8a","releaseVersion":null},"enabled":false},{"content":{"created":"2017-09-11T17:04:49.000+0000","updated":"2017-09-11T17:04:49.000+0000","id":"4281","type":"yum","label":"rhel-7-server-eus-satellite-tools-6.1-debug-rpms","name":"Red Hat Satellite Tools 6.1 (for RHEL 7 Server - EUS) (Debug RPMs)","vendor":"Red Hat","contentUrl":"/content/eus/rhel/server/7/$releasever/$basearch/sat-tools/6.1/debug","requiredTags":"rhel-7-server","gpgUrl":"file:///etc/pki/rpm-gpg/RPM-GPG-KEY-redhat-release","modifiedProductIds":["69"],"arches":"x86_64","metadataExpire":86400,"uuid":"8a99f9815e718933015e72c24c990a90","releaseVersion":null},"enabled":false},{"content":{"created":"2017-09-11T17:04:49.000+0000","updated":"2017-09-11T17:04:49.000+0000","id":"2894","type":"yum","label":"rhel-5-server-eus-rh-common-source-rpms","name":"Red Hat Enterprise Linux 5 Server - Extended Update Support - RH Common (Source RPMs)","vendor":"Red Hat","contentUrl":"/content/eus/rhel/server/5/$releasever/$basearch/rh-common/source/SRPMS","requiredTags":"rhel-5-server","gpgUrl":"file:///etc/pki/rpm-gpg/RPM-GPG-KEY-redhat-release","modifiedProductIds":["69"],"arches":null,"metadataExpire":86400,"uuid":"8a99f9815e718933015e72c24c970a72","releaseVersion":null},"enabled":false},{"content":{"created":"2017-09-11T09:20:50.000+0000","updated":"2017-09-11T09:20:50.000+0000","id":"3069","type":"yum","label":"rhel-4-es-eus-rpms","name":"Red Hat Enterprise Linux 4 ES - Extended Update Support (RPMs)","vendor":"Red Hat","contentUrl":"/content/eus/rhel/es/4/$releasever/$basearch/os","requiredTags":"rhel-4-es","gpgUrl":"file:///usr/share/doc/redhat-release-4ES/RPM-GPG-KEY","modifiedProductIds":[],"arches":null,"metadataExpire":86400,"uuid":"8a99f9815e62e65a015e7119826f0c17","releaseVersion":null},"enabled":false},{"content":{"created":"2017-09-11T09:20:55.000+0000","updated":"2017-09-11T09:20:55.000+0000","id":"1287","type":"file","label":"rhel-6-server-eus-source-isos","name":"Red Hat Enterprise Linux 6 Server - Extended Update Support (Source ISOs)","vendor":"Red Hat","contentUrl":"/content/eus/rhel/server/6/$releasever/$basearch/source/iso","requiredTags":"rhel-6-server","gpgUrl":"http://","modifiedProductIds":["69"],"arches":"x86,x86_64","metadataExpire":86400,"uuid":"8a99f9815e62e65a015e711994ea10e0","releaseVersion":null},"enabled":false},{"content":{"created":"2017-09-11T17:04:49.000+0000","updated":"2017-09-11T17:04:49.000+0000","id":"2893","type":"yum","label":"rhel-5-server-eus-rh-common-rpms","name":"Red Hat Enterprise Linux 5 Server - Extended Update Support - RH Common (RPMs)","vendor":"Red Hat","contentUrl":"/content/eus/rhel/server/5/$releasever/$basearch/rh-common/os","requiredTags":"rhel-5-server","gpgUrl":"file:///etc/pki/rpm-gpg/RPM-GPG-KEY-redhat-release","modifiedProductIds":["69"],"arches":null,"metadataExpire":86400,"uuid":"8a99f9815e718933015e72c24c970a70","releaseVersion":null},"enabled":false},{"content":{"created":"2017-09-11T17:04:49.000+0000","updated":"2017-09-11T17:04:49.000+0000","id":"4796","type":"yum","label":"rhel-6-server-eus-satellite-tools-6.2-source-rpms","name":"Red Hat Satellite Tools 6.2 (for RHEL 6 Server - EUS) (Source RPMs)","vendor":"Red Hat","contentUrl":"/content/eus/rhel/server/6/$releasever/$basearch/sat-tools/6.2/source/SRPMS","requiredTags":"rhel-6-server","gpgUrl":"file:///etc/pki/rpm-gpg/RPM-GPG-KEY-redhat-release","modifiedProductIds":["69"],"arches":"x86,x86_64","metadataExpire":86400,"uuid":"8a99f9815e718933015e72c24c950a45","releaseVersion":null},"enabled":false},{"content":{"created":"2018-01-31T02:14:53.000+0000","updated":"2018-01-31T02:14:53.000+0000","id":"6975","type":"yum","label":"rhel-7-server-eus-satellite-tools-6.3-puppet4-source-rpms","name":"Red Hat Satellite Tools 6.3 - Puppet 4 (for RHEL 7 Server - EUS) (Source RPMs)","vendor":"Red Hat","contentUrl":"/content/eus/rhel/server/7/$releasever/$basearch/sat-tools/6.3-puppet4/source/SRPMS","requiredTags":"rhel-7-server","gpgUrl":"file:///etc/pki/rpm-gpg/RPM-GPG-KEY-redhat-release","modifiedProductIds":[],"arches":"x86_64","metadataExpire":86400,"uuid":"8a99f9816135e55601614b118144351e","releaseVersion":null},"enabled":false},{"content":{"created":"2018-01-31T02:14:53.000+0000","updated":"2018-01-31T02:14:53.000+0000","id":"6974","type":"yum","label":"rhel-7-server-eus-satellite-tools-6.3-puppet4-rpms","name":"Red Hat Satellite Tools 6.3 - Puppet 4 (for RHEL 7 Server - EUS) (RPMs)","vendor":"Red Hat","contentUrl":"/content/eus/rhel/server/7/$releasever/$basearch/sat-tools/6.3-puppet4/os","requiredTags":"rhel-7-server","gpgUrl":"file:///etc/pki/rpm-gpg/RPM-GPG-KEY-redhat-release","modifiedProductIds":[],"arches":"x86_64","metadataExpire":86400,"uuid":"8a99f9816135e55601614b118144351d","releaseVersion":null},"enabled":false},{"content":{"created":"2017-09-11T17:04:49.000+0000","updated":"2017-09-11T17:04:49.000+0000","id":"4833","type":"yum","label":"rhel-7-server-eus-satellite-tools-6.2-debug-rpms","name":"Red Hat Satellite Tools 6.2 (for RHEL 7 Server - EUS) (Debug RPMs)","vendor":"Red Hat","contentUrl":"/content/eus/rhel/server/7/$releasever/$basearch/sat-tools/6.2/debug","requiredTags":"rhel-7-server","gpgUrl":"file:///etc/pki/rpm-gpg/RPM-GPG-KEY-redhat-release","modifiedProductIds":["69"],"arches":"x86_64","metadataExpire":86400,"uuid":"8a99f9815e718933015e72c24c970a5c","releaseVersion":null},"enabled":false},{"content":{"created":"2017-09-11T17:04:49.000+0000","updated":"2017-09-11T17:04:49.000+0000","id":"4834","type":"yum","label":"rhel-7-server-eus-satellite-tools-6.2-rpms","name":"Red Hat Satellite Tools 6.2 (for RHEL 7 Server - EUS) (RPMs)","vendor":"Red Hat","contentUrl":"/content/eus/rhel/server/7/$releasever/$basearch/sat-tools/6.2/os","requiredTags":"rhel-7-server","gpgUrl":"file:///etc/pki/rpm-gpg/RPM-GPG-KEY-redhat-release","modifiedProductIds":["69"],"arches":"x86_64","metadataExpire":86400,"uuid":"8a99f9815e718933015e72c24c970a5d","releaseVersion":null},"enabled":false},{"content":{"created":"2017-09-11T17:04:49.000+0000","updated":"2017-09-11T17:04:49.000+0000","id":"4835","type":"yum","label":"rhel-7-server-eus-satellite-tools-6.2-source-rpms","name":"Red Hat Satellite Tools 6.2 (for RHEL 7 Server - EUS) (Source RPMs)","vendor":"Red Hat","contentUrl":"/content/eus/rhel/server/7/$releasever/$basearch/sat-tools/6.2/source/SRPMS","requiredTags":"rhel-7-server","gpgUrl":"file:///etc/pki/rpm-gpg/RPM-GPG-KEY-redhat-release","modifiedProductIds":["69"],"arches":"x86_64","metadataExpire":86400,"uuid":"8a99f9815e718933015e72c24c970a5e","releaseVersion":null},"enabled":false}],"dependentProductIds":[]}