{"created":"2017-09-11T14:50:16.000+0000","updated":"2017-09-11T14:50:16.000+0000","uuid":"8a99f9825e718933015e72471e1c068f","multiplier":1,"id":"83","name":"Red Hat Enterprise Linux High Availability (for RHEL Server)","attributes":[{"name":"name","value":"Red Hat Enterprise Linux High Availability (for RHEL Server)"},{"name":"arch","value":"ia64,ppc,ppc64,ppc64le,x86,x86_64"},{"name":"type","value":"SVC"}],"productContent":[{"content":{"created":"2017-09-11T09:20:57.000+0000","updated":"2017-09-11T09:20:57.000+0000","id":"6355","type":"yum","label":"rhel-ha-for-rhel-3-as-for-itanium-source-rpms","name":"Red Hat Enterprise Linux High Availability (for RHEL 3 AS) for Itanium (Source RPMSs)","vendor":"Red Hat","contentUrl":"/content/dist/rhel/itanium/3/3AS/$basearch/highavailability/source/SRPMS","requiredTags":"rhel-3-as","gpgUrl":"file:///usr/share/rhn/RPM-GPG-KEY","modifiedProductIds":[],"arches":"ia64","metadataExpire":86400,"uuid":"8a99f9815e62e65a015e71199bff13bf","releaseVersion":null},"enabled":false},{"content":{"created":"2017-09-11T09:20:57.000+0000","updated":"2017-09-11T09:20:57.000+0000","id":"6354","type":"yum","label":"rhel-ha-for-rhel-3-as-for-itanium-rpms","name":"Red Hat Enterprise Linux High Availability (for RHEL 3 AS) for Itanium (RPMs)","vendor":"Red Hat","contentUrl":"/content/dist/rhel/itanium/3/3AS/$basearch/highavailability/os","requiredTags":"rhel-3-as","gpgUrl":"file:///usr/share/rhn/RPM-GPG-KEY","modifiedProductIds":[],"arches":"ia64","metadataExpire":86400,"uuid":"8a99f9815e62e65a015e71199bff13c0","releaseVersion":null},"enabled":false},{"content":{"created":"2017-09-11T09:20:57.000+0000","updated":"2017-09-11T09:20:57.000+0000","id":"6159","type":"yum","label":"rhel-ha-for-rhel-4-es-rpms","name":"Red Hat Enterprise Linux High Availability (for RHEL 4 ES) (RPMs)","vendor":"Red Hat","contentUrl":"/content/dist/rhel/es/4/4ES/$basearch/highavailability/os","requiredTags":"rhel-4-es","gpgUrl":"file:////usr/share/rhn/RPM-GPG-KEY","modifiedProductIds":[],"arches":"x86_64,x86","metadataExpire":86400,"uuid":"8a99f9815e62e65a015e71199c061445","releaseVersion":null},"enabled":false},{"content":{"created":"2017-09-11T09:20:57.000+0000","updated":"2017-09-11T09:20:57.000+0000","id":"6356","type":"yum","label":"rhel-ha-for-rhel-3-as-for-itanium-debug-rpms","name":"Red Hat Enterprise Linux High Availability (for RHEL 3 AS) for Itanium (Debug RPMs)","vendor":"Red Hat","contentUrl":"/content/dist/rhel/itanium/3/3AS/$basearch/highavailability/debug","requiredTags":"rhel-3-as","gpgUrl":"file:///usr/share/rhn/RPM-GPG-KEY","modifiedProductIds":[],"arches":"ia64","metadataExpire":86400,"uuid":"8a99f9815e62e65a015e71199bff13be","releaseVersion":null},"enabled":false},{"content":{"created":"2017-09-11T09:20:57.000+0000","updated":"2017-09-11T09:20:57.000+0000","id":"6270","type":"yum","label":"rhel-ha-for-rhel-4-ws-for-itanium-rpms","name":"Red Hat Enterprise Linux High Availability (for RHEL 4 WS) for Itanium (RPMs)","vendor":"Red Hat","contentUrl":"/content/dist/rhel/itanium/4/4WS/$basearch/highavailability/os","requiredTags":"rhel-4-ws","gpgUrl":"file:////usr/share/rhn/RPM-GPG-KEY","modifiedProductIds":[],"arches":"ia64","metadataExpire":86400,"uuid":"8a99f9815e62e65a015e71199c2214ab","releaseVersion":null},"enabled":false},{"content":{"created":"2017-09-11T09:20:57.000+0000","updated":"2017-09-11T09:20:57.000+0000","id":"6272","type":"yum","label":"rhel-ha-for-rhel-4-ws-for-itanium-debug-rpms","name":"Red Hat Enterprise Linux High Availability (for RHEL 4 WS) for Itanium (Debug RPMs)","vendor":"Red Hat","contentUrl":"/content/dist/rhel/itanium/4/4WS/$basearch/highavailability/debug","requiredTags":"rhel-4-ws","gpgUrl":"file:////usr/share/rhn/RPM-GPG-KEY","modifiedProductIds":[],"arches":"ia64","metadataExpire":86400,"uuid":"8a99f9815e62e65a015e71199c2214a4","releaseVersion":null},"enabled":false},{"content":{"created":"2017-09-11T09:21:04.000+0000","updated":"2017-09-11T09:21:04.000+0000","id":"350","type":"yum","label":"rhel-ha-for-rhel-6-server-beta-source-rpms","name":"Red Hat Enterprise Linux High Availability (for RHEL 6 Server) Beta (Source RPMs)","vendor":"Red Hat","contentUrl":"/content/beta/rhel/server/6/$releasever/$basearch/highavailability/source/SRPMS","requiredTags":"rhel-6-server","gpgUrl":"file:///etc/pki/rpm-gpg/RPM-GPG-KEY-redhat-beta,file:///etc/pki/rpm-gpg/RPM-GPG-KEY-redhat-release","modifiedProductIds":[],"arches":"x86,x86_64","metadataExpire":86400,"uuid":"8a99f9815e62e65a015e7119b63917ea","releaseVersion":null},"enabled":false},{"content":{"created":"2017-09-11T09:20:57.000+0000","updated":"2017-09-11T09:20:57.000+0000","id":"6271","type":"yum","label":"rhel-ha-for-rhel-4-ws-for-itanium-source-rpms","name":"Red Hat Enterprise Linux High Availability (for RHEL 4 WS) for Itanium (Source RPMSs)","vendor":"Red Hat","contentUrl":"/content/dist/rhel/itanium/4/4WS/$basearch/highavailability/source/SRPMS","requiredTags":"rhel-4-ws","gpgUrl":"file:////usr/share/rhn/RPM-GPG-KEY","modifiedProductIds":[],"arches":"ia64","metadataExpire":86400,"uuid":"8a99f9815e62e65a015e71199c2214a8","releaseVersion":null},"enabled":false},{"content":{"created":"2017-09-11T09:21:04.000+0000","updated":"2017-09-11T09:21:04.000+0000","id":"351","type":"yum","label":"rhel-ha-for-rhel-6-server-debug-rpms","name":"Red Hat Enterprise Linux High Availability (for RHEL 6 Server) (Debug RPMs)","vendor":"Red Hat","contentUrl":"/content/dist/rhel/server/6/$releasever/$basearch/highavailability/debug","requiredTags":"rhel-6-server","gpgUrl":"file:///etc/pki/rpm-gpg/RPM-GPG-KEY-redhat-release","modifiedProductIds":[],"arches":"x86,x86_64","metadataExpire":86400,"uuid":"8a99f9815e62e65a015e7119b63917eb","releaseVersion":null},"enabled":false},{"content":{"created":"2017-09-11T09:21:04.000+0000","updated":"2017-09-11T09:21:04.000+0000","id":"352","type":"yum","label":"rhel-ha-for-rhel-6-server-rpms","name":"Red Hat Enterprise Linux High Availability (for RHEL 6 Server) (RPMs)","vendor":"Red Hat","contentUrl":"/content/dist/rhel/server/6/$releasever/$basearch/highavailability/os","requiredTags":"rhel-6-server","gpgUrl":"file:///etc/pki/rpm-gpg/RPM-GPG-KEY-redhat-release","modifiedProductIds":[],"arches":"x86,x86_64","metadataExpire":86400,"uuid":"8a99f9815e62e65a015e7119b63917ed","releaseVersion":null},"enabled":false},{"content":{"created":"2017-09-11T09:21:04.000+0000","updated":"2017-09-11T09:21:04.000+0000","id":"353","type":"yum","label":"rhel-ha-for-rhel-6-server-source-rpms","name":"Red Hat Enterprise Linux High Availability (for RHEL 6 Server) (Source RPMs)","vendor":"Red Hat","contentUrl":"/content/dist/rhel/server/6/$releasever/$basearch/highavailability/source/SRPMS","requiredTags":"rhel-6-server","gpgUrl":"file:///etc/pki/rpm-gpg/RPM-GPG-KEY-redhat-release","modifiedProductIds":[],"arches":"x86,x86_64","metadataExpire":86400,"uuid":"8a99f9815e62e65a015e7119b63917ec","releaseVersion":null},"enabled":false},{"content":{"created":"2017-09-11T09:21:07.000+0000","updated":"2017-09-11T09:21:07.000+0000","id":"6306","type":"yum","label":"rhel-ha-for-rhel-4-es-for-itanium-rpms","name":"Red Hat Enterprise Linux High Availability (for RHEL 4 ES) for Itanium (RPMs)","vendor":"Red Hat","contentUrl":"/content/dist/rhel/itanium/4/4ES/$basearch/highavailability/os","requiredTags":"rhel-4-es","gpgUrl":"file:////usr/share/rhn/RPM-GPG-KEY","modifiedProductIds":[],"arches":"ia64","metadataExpire":86400,"uuid":"8a99f9815e62e65a015e7119c38b1884","releaseVersion":null},"enabled":false},{"content":{"created":"2017-09-11T09:21:07.000+0000","updated":"2017-09-11T09:21:07.000+0000","id":"6308","type":"yum","label":"rhel-ha-for-rhel-4-es-for-itanium-debug-rpms","name":"Red Hat Enterprise Linux High Availability (for RHEL 4 ES) for Itanium (Debug RPMs)","vendor":"Red Hat","contentUrl":"/content/dist/rhel/itanium/4/4ES/$basearch/highavailability/debug","requiredTags":"rhel-4-es","gpgUrl":"file:////usr/share/rhn/RPM-GPG-KEY","modifiedProductIds":[],"arches":"ia64","metadataExpire":86400,"uuid":"8a99f9815e62e65a015e7119c38b187f","releaseVersion":null},"enabled":false},{"content":{"created":"2017-09-11T09:21:07.000+0000","updated":"2017-09-11T09:21:07.000+0000","id":"6307","type":"yum","label":"rhel-ha-for-rhel-4-es-for-itanium-source-rpms","name":"Red Hat Enterprise Linux High Availability (for RHEL 4 ES) for Itanium (Source RPMSs)","vendor":"Red Hat","contentUrl":"/content/dist/rhel/itanium/4/4ES/$basearch/highavailability/source/SRPMS","requiredTags":"rhel-4-es","gpgUrl":"file:////usr/share/rhn/RPM-GPG-KEY","modifiedProductIds":[],"arches":"ia64","metadataExpire":86400,"uuid":"8a99f9815e62e65a015e7119c38b1880","releaseVersion":null},"enabled":false},{"content":{"created":"2017-09-11T09:20:57.000+0000","updated":"2017-09-11T09:20:57.000+0000","id":"6284","type":"yum","label":"rhel-ha-for-rhel-3-ws-for-itanium-debug-rpms","name":"Red Hat Enterprise Linux High Availability (for RHEL 3 WS) for Itanium (Debug RPMs)","vendor":"Red Hat","contentUrl":"/content/dist/rhel/itanium/3/3WS/$basearch/highavailability/debug","requiredTags":"rhel-3-ws","gpgUrl":"file:///usr/share/rhn/RPM-GPG-KEY","modifiedProductIds":[],"arches":"ia64","metadataExpire":86400,"uuid":"8a99f9815e62e65a015e71199c1e1460","releaseVersion":null},"enabled":false},{"content":{"created":"2017-09-11T09:20:57.000+0000","updated":"2017-09-11T09:20:57.000+0000","id":"6320","type":"yum","label":"rhel-ha-for-rhel-3-es-for-itanium-debug-rpms","name":"Red Hat Enterprise Linux High Availability (for RHEL 3 ES) for Itanium (Debug RPMs)","vendor":"Red Hat","contentUrl":"/content/dist/rhel/itanium/3/3ES/$basearch/highavailability/debug","requiredTags":"rhel-3-es","gpgUrl":"file:///usr/share/rhn/RPM-GPG-KEY","modifiedProductIds":[],"arches":"ia64","metadataExpire":86400,"uuid":"8a99f9815e62e65a015e71199c481598","releaseVersion":null},"enabled":false},{"content":{"created":"2017-09-11T09:20:57.000+0000","updated":"2017-09-11T09:20:57.000+0000","id":"6126","type":"yum","label":"rhel-ha-for-rhel-4-ws-rpms","name":"Red Hat Enterprise Linux High Availability (for RHEL 4 WS) (RPMs)","vendor":"Red Hat","contentUrl":"/content/dist/rhel/ws/4/4WS/$basearch/highavailability/os","requiredTags":"rhel-4-ws","gpgUrl":"file:////usr/share/rhn/RPM-GPG-KEY","modifiedProductIds":[],"arches":"x86_64,x86","metadataExpire":86400,"uuid":"8a99f9815e62e65a015e71199c2314c0","releaseVersion":null},"enabled":false},{"content":{"created":"2017-09-11T09:20:57.000+0000","updated":"2017-09-11T09:20:57.000+0000","id":"6160","type":"yum","label":"rhel-ha-for-rhel-4-es-source-rpms","name":"Red Hat Enterprise Linux High Availability (for RHEL 4 ES) (Source RPMSs)","vendor":"Red Hat","contentUrl":"/content/dist/rhel/es/4/4ES/$basearch/highavailability/source/SRPMS","requiredTags":"rhel-4-es","gpgUrl":"file:////usr/share/rhn/RPM-GPG-KEY","modifiedProductIds":[],"arches":"x86_64,x86","metadataExpire":86400,"uuid":"8a99f9815e62e65a015e71199c041421","releaseVersion":null},"enabled":false},{"content":{"created":"2017-09-11T09:20:57.000+0000","updated":"2017-09-11T09:20:57.000+0000","id":"6283","type":"yum","label":"rhel-ha-for-rhel-3-ws-for-itanium-source-rpms","name":"Red Hat Enterprise Linux High Availability (for RHEL 3 WS) for Itanium (Source RPMSs)","vendor":"Red Hat","contentUrl":"/content/dist/rhel/itanium/3/3WS/$basearch/highavailability/source/SRPMS","requiredTags":"rhel-3-ws","gpgUrl":"file:///usr/share/rhn/RPM-GPG-KEY","modifiedProductIds":[],"arches":"ia64","metadataExpire":86400,"uuid":"8a99f9815e62e65a015e71199c201478","releaseVersion":null},"enabled":false},{"content":{"created":"2017-09-11T09:20:57.000+0000","updated":"2017-09-11T09:20:57.000+0000","id":"6161","type":"yum","label":"rhel-ha-for-rhel-4-es-debug-rpms","name":"Red Hat Enterprise Linux High Availability (for RHEL 4 ES) (Debug RPMs)","vendor":"Red Hat","contentUrl":"/content/dist/rhel/es/4/4ES/$basearch/highavailability/debug","requiredTags":"rhel-4-es","gpgUrl":"file:////usr/share/rhn/RPM-GPG-KEY","modifiedProductIds":[],"arches":"x86_64,x86","metadataExpire":86400,"uuid":"8a99f9815e62e65a015e71199c051424","releaseVersion":null},"enabled":false},{"content":{"created":"2017-09-11T09:20:57.000+0000","updated":"2017-09-11T09:20:57.000+0000","id":"6282","type":"yum","label":"rhel-ha-for-rhel-3-ws-for-itanium-rpms","name":"Red Hat Enterprise Linux High Availability (for RHEL 3 WS) for Itanium (RPMs)","vendor":"Red Hat","contentUrl":"/content/dist/rhel/itanium/3/3WS/$basearch/highavailability/os","requiredTags":"rhel-3-ws","gpgUrl":"file:///usr/share/rhn/RPM-GPG-KEY","modifiedProductIds":[],"arches":"ia64","metadataExpire":86400,"uuid":"8a99f9815e62e65a015e71199c20147c","releaseVersion":null},"enabled":false},{"content":{"created":"2017-09-11T09:20:57.000+0000","updated":"2017-09-11T09:20:57.000+0000","id":"2358","type":"yum","label":"rhel-ha-for-rhel-6-server-fastrack-source-rpms","name":"Red Hat Enterprise Linux High Availability (for RHEL 6 Server) - Fastrack (Source RPMs)","vendor":"Red Hat","contentUrl":"/content/fastrack/rhel/server/6/$basearch/highavailability/source/SRPMS","requiredTags":"rhel-6-server","gpgUrl":"file:///etc/pki/rpm-gpg/RPM-GPG-KEY-redhat-release","modifiedProductIds":[],"arches":"x86,x86_64","metadataExpire":86400,"uuid":"8a99f9815e62e65a015e71199c441557","releaseVersion":null},"enabled":false},{"content":{"created":"2017-09-11T09:20:57.000+0000","updated":"2017-09-11T09:20:57.000+0000","id":"961","type":"yum","label":"rhel-ha-for-rhel-5-server-beta-debug-rpms","name":"Red Hat Enterprise Linux High Availability (for RHEL 5 Server) Beta (Debug RPMs)","vendor":"Red Hat","contentUrl":"/content/beta/rhel/server/5/$releasever/$basearch/highavailability/debug","requiredTags":"rhel-5-server","gpgUrl":"file:///etc/pki/rpm-gpg/RPM-GPG-KEY-redhat-beta,file:///etc/pki/rpm-gpg/RPM-GPG-KEY-redhat-release","modifiedProductIds":[],"arches":"ia64,x86,x86_64","metadataExpire":86400,"uuid":"8a99f9815e62e65a015e71199c041411","releaseVersion":null},"enabled":false},{"content":{"created":"2017-09-11T09:20:57.000+0000","updated":"2017-09-11T09:20:57.000+0000","id":"2357","type":"yum","label":"rhel-ha-for-rhel-6-server-fastrack-rpms","name":"Red Hat Enterprise Linux High Availability (for RHEL 6 Server) - Fastrack (RPMs)","vendor":"Red Hat","contentUrl":"/content/fastrack/rhel/server/6/$basearch/highavailability/os","requiredTags":"rhel-6-server","gpgUrl":"file:///etc/pki/rpm-gpg/RPM-GPG-KEY-redhat-release","modifiedProductIds":[],"arches":"x86,x86_64","metadataExpire":86400,"uuid":"8a99f9815e62e65a015e71199c441558","releaseVersion":null},"enabled":false},{"content":{"created":"2017-09-11T09:20:57.000+0000","updated":"2017-09-11T09:20:57.000+0000","id":"962","type":"yum","label":"rhel-ha-for-rhel-5-server-beta-rpms","name":"Red Hat Enterprise Linux High Availability (for RHEL 5 Server) Beta (RPMs)","vendor":"Red Hat","contentUrl":"/content/beta/rhel/server/5/$releasever/$basearch/highavailability/os","requiredTags":"rhel-5-server","gpgUrl":"file:///etc/pki/rpm-gpg/RPM-GPG-KEY-redhat-beta,file:///etc/pki/rpm-gpg/RPM-GPG-KEY-redhat-release","modifiedProductIds":[],"arches":"ia64,x86,x86_64","metadataExpire":86400,"uuid":"8a99f9815e62e65a015e71199c03140f","releaseVersion":null},"enabled":false},{"content":{"created":"2017-09-11T09:20:57.000+0000","updated":"2017-09-11T09:20:57.000+0000","id":"2356","type":"yum","label":"rhel-ha-for-rhel-6-server-fastrack-debug-rpms","name":"Red Hat Enterprise Linux High Availability (for RHEL 6 Server) - Fastrack (Debug RPMs)","vendor":"Red Hat","contentUrl":"/content/fastrack/rhel/server/6/$basearch/highavailability/debug","requiredTags":"rhel-6-server","gpgUrl":"file:///etc/pki/rpm-gpg/RPM-GPG-KEY-redhat-release","modifiedProductIds":[],"arches":"x86,x86_64","metadataExpire":86400,"uuid":"8a99f9815e62e65a015e71199c441559","releaseVersion":null},"enabled":false},{"content":{"created":"2017-09-11T09:20:57.000+0000","updated":"2017-09-11T09:20:57.000+0000","id":"963","type":"yum","label":"rhel-ha-for-rhel-5-server-beta-source-rpms","name":"Red Hat Enterprise Linux High Availability (for RHEL 5 Server) Beta (Source RPMs)","vendor":"Red Hat","contentUrl":"/content/beta/rhel/server/5/$releasever/$basearch/highavailability/source/SRPMS","requiredTags":"rhel-5-server","gpgUrl":"file:///etc/pki/rpm-gpg/RPM-GPG-KEY-redhat-beta,file:///etc/pki/rpm-gpg/RPM-GPG-KEY-redhat-release","modifiedProductIds":[],"arches":"ia64,x86,x86_64","metadataExpire":86400,"uuid":"8a99f9815e62e65a015e71199c03140e","releaseVersion":null},"enabled":false},{"content":{"created":"2017-09-11T09:20:57.000+0000","updated":"2017-09-11T09:20:57.000+0000","id":"964","type":"yum","label":"rhel-ha-for-rhel-5-server-debug-rpms","name":"Red Hat Enterprise Linux High Availability (for RHEL 5 Server) (Debug RPMs)","vendor":"Red Hat","contentUrl":"/content/dist/rhel/server/5/$releasever/$basearch/highavailability/debug","requiredTags":"rhel-5-server","gpgUrl":"file:///etc/pki/rpm-gpg/RPM-GPG-KEY-redhat-release","modifiedProductIds":[],"arches":"ia64,x86,x86_64","metadataExpire":86400,"uuid":"8a99f9815e62e65a015e71199c03140c","releaseVersion":null},"enabled":false},{"content":{"created":"2017-09-11T09:20:57.000+0000","updated":"2017-09-11T09:20:57.000+0000","id":"965","type":"yum","label":"rhel-ha-for-rhel-5-server-rpms","name":"Red Hat Enterprise Linux High Availability (for RHEL 5 Server) (RPMs)","vendor":"Red Hat","contentUrl":"/content/dist/rhel/server/5/$releasever/$basearch/highavailability/os","requiredTags":"rhel-5-server","gpgUrl":"file:///etc/pki/rpm-gpg/RPM-GPG-KEY-redhat-release","modifiedProductIds":[],"arches":"ia64,x86,x86_64","metadataExpire":86400,"uuid":"8a99f9815e62e65a015e71199c03140a","releaseVersion":null},"enabled":false},{"content":{"created":"2017-09-11T09:20:57.000+0000","updated":"2017-09-11T09:20:57.000+0000","id":"966","type":"yum","label":"rhel-ha-for-rhel-5-server-source-rpms","name":"Red Hat Enterprise Linux High Availability (for RHEL 5 Server) (Source RPMs)","vendor":"Red Hat","contentUrl":"/content/dist/rhel/server/5/$releasever/$basearch/highavailability/source/SRPMS","requiredTags":"rhel-5-server","gpgUrl":"file:///etc/pki/rpm-gpg/RPM-GPG-KEY-redhat-release","modifiedProductIds":[],"arches":"ia64,x86,x86_64","metadataExpire":86400,"uuid":"8a99f9815e62e65a015e71199c031408","releaseVersion":null},"enabled":false},{"content":{"created":"2017-09-11T09:20:57.000+0000","updated":"2017-09-11T09:20:57.000+0000","id":"1309","type":"yum","label":"rhel-ha-for-rhel-5-for-power-debug-rpms","name":"Red Hat Enterprise Linux High Availability (for RHEL 5 for IBM Power) (Debug RPMs)","vendor":"Red Hat","contentUrl":"/content/dist/rhel/power/5/$releasever/$basearch/highavailability/debug","requiredTags":"rhel-5-ibm-power","gpgUrl":"file:///etc/pki/rpm-gpg/RPM-GPG-KEY-redhat-release","modifiedProductIds":[],"arches":"ppc,ppc64","metadataExpire":86400,"uuid":"8a99f9815e62e65a015e71199c0113ea","releaseVersion":null},"enabled":false},{"content":{"created":"2017-09-11T09:21:07.000+0000","updated":"2017-09-11T09:21:07.000+0000","id":"6319","type":"yum","label":"rhel-ha-for-rhel-3-es-for-itanium-source-rpms","name":"Red Hat Enterprise Linux High Availability (for RHEL 3 ES) for Itanium (Source RPMSs)","vendor":"Red Hat","contentUrl":"/content/dist/rhel/itanium/3/3ES/$basearch/highavailability/source/SRPMS","requiredTags":"rhel-3-es","gpgUrl":"file:///usr/share/rhn/RPM-GPG-KEY","modifiedProductIds":[],"arches":"ia64","metadataExpire":86400,"uuid":"8a99f9815e62e65a015e7119c38a1875","releaseVersion":null},"enabled":false},{"content":{"created":"2017-09-11T09:20:57.000+0000","updated":"2017-09-11T09:20:57.000+0000","id":"1308","type":"yum","label":"rhel-ha-for-rhel-5-for-power-beta-source-rpms","name":"Red Hat Enterprise Linux High Availability (for RHEL 5 for IBM Power) Beta (Source RPMs)","vendor":"Red Hat","contentUrl":"/content/beta/rhel/power/5/$releasever/$basearch/highavailability/source/SRPMS","requiredTags":"rhel-5-ibm-power","gpgUrl":"file:///etc/pki/rpm-gpg/RPM-GPG-KEY-redhat-beta,file:///etc/pki/rpm-gpg/RPM-GPG-KEY-redhat-release","modifiedProductIds":[],"arches":"ppc,ppc64","metadataExpire":86400,"uuid":"8a99f9815e62e65a015e71199c0113eb","releaseVersion":null},"enabled":false},{"content":{"created":"2017-09-11T09:21:07.000+0000","updated":"2017-09-11T09:21:07.000+0000","id":"6318","type":"yum","label":"rhel-ha-for-rhel-3-es-for-itanium-rpms","name":"Red Hat Enterprise Linux High Availability (for RHEL 3 ES) for Itanium (RPMs)","vendor":"Red Hat","contentUrl":"/content/dist/rhel/itanium/3/3ES/$basearch/highavailability/os","requiredTags":"rhel-3-es","gpgUrl":"file:///usr/share/rhn/RPM-GPG-KEY","modifiedProductIds":[],"arches":"ia64","metadataExpire":86400,"uuid":"8a99f9815e62e65a015e7119c38a1876","releaseVersion":null},"enabled":false},{"content":{"created":"2017-09-11T09:20:57.000+0000","updated":"2017-09-11T09:20:57.000+0000","id":"1307","type":"yum","label":"rhel-ha-for-rhel-5-for-power-beta-rpms","name":"Red Hat Enterprise Linux High Availability (for RHEL 5 for IBM Power) Beta (RPMs)","vendor":"Red Hat","contentUrl":"/content/beta/rhel/power/5/$releasever/$basearch/highavailability/os","requiredTags":"rhel-5-ibm-power","gpgUrl":"file:///etc/pki/rpm-gpg/RPM-GPG-KEY-redhat-beta,file:///etc/pki/rpm-gpg/RPM-GPG-KEY-redhat-release","modifiedProductIds":[],"arches":"ppc,ppc64","metadataExpire":86400,"uuid":"8a99f9815e62e65a015e71199c0113e8","releaseVersion":null},"enabled":false},{"content":{"created":"2017-09-11T09:20:57.000+0000","updated":"2017-09-11T09:20:57.000+0000","id":"1306","type":"yum","label":"rhel-ha-for-rhel-5-for-power-beta-debug-rpms","name":"Red Hat Enterprise Linux High Availability (for RHEL 5 for IBM Power) Beta (Debug RPMs)","vendor":"Red Hat","contentUrl":"/content/beta/rhel/power/5/$releasever/$basearch/highavailability/debug","requiredTags":"rhel-5-ibm-power","gpgUrl":"file:///etc/pki/rpm-gpg/RPM-GPG-KEY-redhat-beta,file:///etc/pki/rpm-gpg/RPM-GPG-KEY-redhat-release","modifiedProductIds":[],"arches":"ppc,ppc64","metadataExpire":86400,"uuid":"8a99f9815e62e65a015e71199c0113e9","releaseVersion":null},"enabled":false},{"content":{"created":"2017-09-11T09:20:57.000+0000","updated":"2017-09-11T09:20:57.000+0000","id":"6252","type":"yum","label":"rhel-ha-for-rhel-4-as-for-power-rpms","name":"Red Hat Enterprise Linux High Availability (for RHEL 4 AS) for IBM Power (RPMs)","vendor":"Red Hat","contentUrl":"/content/dist/rhel/power/4/4AS/$basearch/highavailability/os","requiredTags":"rhel-4-as","gpgUrl":"file:////usr/share/rhn/RPM-GPG-KEY","modifiedProductIds":[],"arches":"ppc","metadataExpire":86400,"uuid":"8a99f9815e62e65a015e71199c2414cb","releaseVersion":null},"enabled":false},{"content":{"created":"2017-09-11T09:20:57.000+0000","updated":"2017-09-11T09:20:57.000+0000","id":"6254","type":"yum","label":"rhel-ha-for-rhel-4-as-for-power-debug-rpms","name":"Red Hat Enterprise Linux High Availability (for RHEL 4 AS) for IBM Power (Debug RPMs)","vendor":"Red Hat","contentUrl":"/content/dist/rhel/power/4/4AS/$basearch/highavailability/debug","requiredTags":"rhel-4-as","gpgUrl":"file:////usr/share/rhn/RPM-GPG-KEY","modifiedProductIds":[],"arches":"ppc","metadataExpire":86400,"uuid":"8a99f9815e62e65a015e71199c2414ca","releaseVersion":null},"enabled":false},{"content":{"created":"2017-09-11T09:20:57.000+0000","updated":"2017-09-11T09:20:57.000+0000","id":"6253","type":"yum","label":"rhel-ha-for-rhel-4-as-for-power-source-rpms","name":"Red Hat Enterprise Linux High Availability (for RHEL 4 AS) for IBM Power (Source RPMSs)","vendor":"Red Hat","contentUrl":"/content/dist/rhel/power/4/4AS/$basearch/highavailability/source/SRPMS","requiredTags":"rhel-4-as","gpgUrl":"file:////usr/share/rhn/RPM-GPG-KEY","modifiedProductIds":[],"arches":"ppc","metadataExpire":86400,"uuid":"8a99f9815e62e65a015e71199c2414c8","releaseVersion":null},"enabled":false},{"content":{"created":"2017-09-11T09:20:57.000+0000","updated":"2017-09-11T09:20:57.000+0000","id":"6171","type":"yum","label":"rhel-ha-for-rhel-3-es-rpms","name":"Red Hat Enterprise Linux High Availability (for RHEL 3 ES) (RPMs)","vendor":"Red Hat","contentUrl":"/content/dist/rhel/es/3/3ES/$basearch/highavailability/os","requiredTags":"rhel-3-es","gpgUrl":"file:///usr/share/rhn/RPM-GPG-KEY","modifiedProductIds":[],"arches":"x86_64,x86","metadataExpire":86400,"uuid":"8a99f9815e62e65a015e71199c211499","releaseVersion":null},"enabled":false},{"content":{"created":"2017-09-11T09:20:57.000+0000","updated":"2017-09-11T09:20:57.000+0000","id":"6173","type":"yum","label":"rhel-ha-for-rhel-3-es-debug-rpms","name":"Red Hat Enterprise Linux High Availability (for RHEL 3 ES) (Debug RPMs)","vendor":"Red Hat","contentUrl":"/content/dist/rhel/es/3/3ES/$basearch/highavailability/debug","requiredTags":"rhel-3-es","gpgUrl":"file:///usr/share/rhn/RPM-GPG-KEY","modifiedProductIds":[],"arches":"x86_64,x86","metadataExpire":86400,"uuid":"8a99f9815e62e65a015e71199c211496","releaseVersion":null},"enabled":false},{"content":{"created":"2017-09-11T09:20:57.000+0000","updated":"2017-09-11T09:20:57.000+0000","id":"6172","type":"yum","label":"rhel-ha-for-rhel-3-es-source-rpms","name":"Red Hat Enterprise Linux High Availability (for RHEL 3 ES) (Source RPMSs)","vendor":"Red Hat","contentUrl":"/content/dist/rhel/es/3/3ES/$basearch/highavailability/source/SRPMS","requiredTags":"rhel-3-es","gpgUrl":"file:///usr/share/rhn/RPM-GPG-KEY","modifiedProductIds":[],"arches":"x86_64,x86","metadataExpire":86400,"uuid":"8a99f9815e62e65a015e71199c211497","releaseVersion":null},"enabled":false},{"content":{"created":"2017-09-11T09:20:57.000+0000","updated":"2017-09-11T09:20:57.000+0000","id":"2768","type":"yum","label":"rhel-ha-for-rhel-7-server-beta-rpms","name":"Red Hat Enterprise Linux High Availability (for RHEL 7 Server) Beta (RPMs)","vendor":"Red Hat","contentUrl":"/content/beta/rhel/server/7/$basearch/highavailability/os","requiredTags":"rhel-7-server","gpgUrl":"file:///etc/pki/rpm-gpg/RPM-GPG-KEY-redhat-beta,file:///etc/pki/rpm-gpg/RPM-GPG-KEY-redhat-release","modifiedProductIds":[],"arches":"x86_64","metadataExpire":86400,"uuid":"8a99f9815e62e65a015e71199c1f1468","releaseVersion":null},"enabled":false},{"content":{"created":"2017-09-11T09:20:57.000+0000","updated":"2017-09-11T09:20:57.000+0000","id":"2767","type":"yum","label":"rhel-ha-for-rhel-7-server-beta-debug-rpms","name":"Red Hat Enterprise Linux High Availability (for RHEL 7 Server) Beta (Debug RPMs)","vendor":"Red Hat","contentUrl":"/content/beta/rhel/server/7/$basearch/highavailability/debug","requiredTags":"rhel-7-server","gpgUrl":"file:///etc/pki/rpm-gpg/RPM-GPG-KEY-redhat-beta,file:///etc/pki/rpm-gpg/RPM-GPG-KEY-redhat-release","modifiedProductIds":[],"arches":"x86_64","metadataExpire":86400,"uuid":"8a99f9815e62e65a015e71199c1f1469","releaseVersion":null},"enabled":false},{"content":{"created":"2017-09-11T09:20:57.000+0000","updated":"2017-09-11T09:20:57.000+0000","id":"2766","type":"yum","label":"rhel-ha-for-rhel-7-server-fastrack-source-rpms","name":"Red Hat Enterprise Linux High Availability (for RHEL 7 Server) - Fastrack (Source RPMs)","vendor":"Red Hat","contentUrl":"/content/fastrack/rhel/server/7/$basearch/highavailability/source/SRPMS","requiredTags":"rhel-7-server","gpgUrl":"file:///etc/pki/rpm-gpg/RPM-GPG-KEY-redhat-release","modifiedProductIds":[],"arches":"x86_64","metadataExpire":86400,"uuid":"8a99f9815e62e65a015e71199c1f146b","releaseVersion":null},"enabled":false},{"content":{"created":"2017-09-11T09:20:57.000+0000","updated":"2017-09-11T09:20:57.000+0000","id":"2765","type":"yum","label":"rhel-ha-for-rhel-7-server-fastrack-rpms","name":"Red Hat Enterprise Linux High Availability (for RHEL 7 Server) - Fastrack (RPMs)","vendor":"Red Hat","contentUrl":"/content/fastrack/rhel/server/7/$basearch/highavailability/os","requiredTags":"rhel-7-server","gpgUrl":"file:///etc/pki/rpm-gpg/RPM-GPG-KEY-redhat-release","modifiedProductIds":[],"arches":"x86_64","metadataExpire":86400,"uuid":"8a99f9815e62e65a015e71199c1f146e","releaseVersion":null},"enabled":false},{"content":{"created":"2017-09-11T09:20:57.000+0000","updated":"2017-09-11T09:20:57.000+0000","id":"2764","type":"yum","label":"rhel-ha-for-rhel-7-server-fastrack-debug-rpms","name":"Red Hat Enterprise Linux High Availability (for RHEL 7 Server) - Fastrack (Debug RPMs)","vendor":"Red Hat","contentUrl":"/content/fastrack/rhel/server/7/$basearch/highavailability/debug","requiredTags":"rhel-7-server","gpgUrl":"file:///etc/pki/rpm-gpg/RPM-GPG-KEY-redhat-release","modifiedProductIds":[],"arches":"x86_64","metadataExpire":86400,"uuid":"8a99f9815e62e65a015e71199c1f1471","releaseVersion":null},"enabled":false},{"content":{"created":"2017-09-11T09:20:57.000+0000","updated":"2017-09-11T09:20:57.000+0000","id":"1311","type":"yum","label":"rhel-ha-for-rhel-5-for-power-source-rpms","name":"Red Hat Enterprise Linux High Availability (for RHEL 5 for IBM Power) (Source RPMs)","vendor":"Red Hat","contentUrl":"/content/dist/rhel/power/5/$releasever/$basearch/highavailability/source/SRPMS","requiredTags":"rhel-5-ibm-power","gpgUrl":"file:///etc/pki/rpm-gpg/RPM-GPG-KEY-redhat-release","modifiedProductIds":[],"arches":"ppc,ppc64","metadataExpire":86400,"uuid":"8a99f9815e62e65a015e71199bff13b6","releaseVersion":null},"enabled":false},{"content":{"created":"2017-09-11T09:20:57.000+0000","updated":"2017-09-11T09:20:57.000+0000","id":"2763","type":"yum","label":"rhel-ha-for-rhel-7-server-source-rpms","name":"Red Hat Enterprise Linux High Availability (for RHEL 7 Server) (Source RPMs)","vendor":"Red Hat","contentUrl":"/content/dist/rhel/server/7/$releasever/$basearch/highavailability/source/SRPMS","requiredTags":"rhel-7-server","gpgUrl":"file:///etc/pki/rpm-gpg/RPM-GPG-KEY-redhat-release","modifiedProductIds":[],"arches":"x86_64","metadataExpire":86400,"uuid":"8a99f9815e62e65a015e71199c1f1475","releaseVersion":null},"enabled":false},{"content":{"created":"2017-09-11T09:20:57.000+0000","updated":"2017-09-11T09:20:57.000+0000","id":"1310","type":"yum","label":"rhel-ha-for-rhel-5-for-power-rpms","name":"Red Hat Enterprise Linux High Availability (for RHEL 5 for IBM Power) (RPMs)","vendor":"Red Hat","contentUrl":"/content/dist/rhel/power/5/$releasever/$basearch/highavailability/os","requiredTags":"rhel-5-ibm-power","gpgUrl":"file:///etc/pki/rpm-gpg/RPM-GPG-KEY-redhat-release","modifiedProductIds":[],"arches":"ppc,ppc64","metadataExpire":86400,"uuid":"8a99f9815e62e65a015e71199bff13b7","releaseVersion":null},"enabled":false},{"content":{"created":"2017-09-11T09:20:57.000+0000","updated":"2017-09-11T09:20:57.000+0000","id":"2762","type":"yum","label":"rhel-ha-for-rhel-7-server-rpms","name":"Red Hat Enterprise Linux High Availability (for RHEL 7 Server) (RPMs)","vendor":"Red Hat","contentUrl":"/content/dist/rhel/server/7/$releasever/$basearch/highavailability/os","requiredTags":"rhel-7-server","gpgUrl":"file:///etc/pki/rpm-gpg/RPM-GPG-KEY-redhat-release","modifiedProductIds":[],"arches":"x86_64","metadataExpire":86400,"uuid":"8a99f9815e62e65a015e71199c20147a","releaseVersion":null},"enabled":false},{"content":{"created":"2017-09-11T09:20:57.000+0000","updated":"2017-09-11T09:20:57.000+0000","id":"2761","type":"yum","label":"rhel-ha-for-rhel-7-server-debug-rpms","name":"Red Hat Enterprise Linux High Availability (for RHEL 7 Server) (Debug RPMs)","vendor":"Red Hat","contentUrl":"/content/dist/rhel/server/7/$releasever/$basearch/highavailability/debug","requiredTags":"rhel-7-server","gpgUrl":"file:///etc/pki/rpm-gpg/RPM-GPG-KEY-redhat-release","modifiedProductIds":[],"arches":"x86_64","metadataExpire":86400,"uuid":"8a99f9815e62e65a015e71199c201480","releaseVersion":null},"enabled":false},{"content":{"created":"2017-09-11T09:20:57.000+0000","updated":"2017-09-11T09:20:57.000+0000","id":"6128","type":"yum","label":"rhel-ha-for-rhel-4-ws-debug-rpms","name":"Red Hat Enterprise Linux High Availability (for RHEL 4 WS) (Debug RPMs)","vendor":"Red Hat","contentUrl":"/content/dist/rhel/ws/4/4WS/$basearch/highavailability/debug","requiredTags":"rhel-4-ws","gpgUrl":"file:////usr/share/rhn/RPM-GPG-KEY","modifiedProductIds":[],"arches":"x86_64,x86","metadataExpire":86400,"uuid":"8a99f9815e62e65a015e71199c2614e6","releaseVersion":null},"enabled":false},{"content":{"created":"2017-09-11T09:20:57.000+0000","updated":"2017-09-11T09:20:57.000+0000","id":"6127","type":"yum","label":"rhel-ha-for-rhel-4-ws-source-rpms","name":"Red Hat Enterprise Linux High Availability (for RHEL 4 WS) (Source RPMSs)","vendor":"Red Hat","contentUrl":"/content/dist/rhel/ws/4/4WS/$basearch/highavailability/source/SRPMS","requiredTags":"rhel-4-ws","gpgUrl":"file:////usr/share/rhn/RPM-GPG-KEY","modifiedProductIds":[],"arches":"x86_64,x86","metadataExpire":86400,"uuid":"8a99f9815e62e65a015e71199c2614e7","releaseVersion":null},"enabled":false},{"content":{"created":"2017-09-11T09:20:57.000+0000","updated":"2017-09-11T09:20:57.000+0000","id":"6207","type":"yum","label":"rhel-ha-for-rhel-4-as-rpms","name":"Red Hat Enterprise Linux High Availability (for RHEL 4 AS) (RPMs)","vendor":"Red Hat","contentUrl":"/content/dist/rhel/as/4/4AS/$basearch/highavailability/os","requiredTags":"rhel-4-as","gpgUrl":"file:////usr/share/rhn/RPM-GPG-KEY","modifiedProductIds":[],"arches":"x86_64,x86","metadataExpire":86400,"uuid":"8a99f9815e62e65a015e71199c2614ef","releaseVersion":null},"enabled":false},{"content":{"created":"2017-09-11T09:20:57.000+0000","updated":"2017-09-11T09:20:57.000+0000","id":"6209","type":"yum","label":"rhel-ha-for-rhel-4-as-debug-rpms","name":"Red Hat Enterprise Linux High Availability (for RHEL 4 AS) (Debug RPMs)","vendor":"Red Hat","contentUrl":"/content/dist/rhel/as/4/4AS/$basearch/highavailability/debug","requiredTags":"rhel-4-as","gpgUrl":"file:////usr/share/rhn/RPM-GPG-KEY","modifiedProductIds":[],"arches":"x86_64,x86","metadataExpire":86400,"uuid":"8a99f9815e62e65a015e71199c2614f2","releaseVersion":null},"enabled":false},{"content":{"created":"2017-09-11T09:20:57.000+0000","updated":"2017-09-11T09:20:57.000+0000","id":"6208","type":"yum","label":"rhel-ha-for-rhel-4-as-source-rpms","name":"Red Hat Enterprise Linux High Availability (for RHEL 4 AS) (Source RPMSs)","vendor":"Red Hat","contentUrl":"/content/dist/rhel/as/4/4AS/$basearch/highavailability/source/SRPMS","requiredTags":"rhel-4-as","gpgUrl":"file:////usr/share/rhn/RPM-GPG-KEY","modifiedProductIds":[],"arches":"x86_64,x86","metadataExpire":86400,"uuid":"8a99f9815e62e65a015e71199c2614f1","releaseVersion":null},"enabled":false},{"content":{"created":"2017-09-11T09:20:57.000+0000","updated":"2017-09-11T09:20:57.000+0000","id":"2769","type":"yum","label":"rhel-ha-for-rhel-7-server-beta-source-rpms","name":"Red Hat Enterprise Linux High Availability (for RHEL 7 Server) Beta (Source RPMs)","vendor":"Red Hat","contentUrl":"/content/beta/rhel/server/7/$basearch/highavailability/source/SRPMS","requiredTags":"rhel-7-server","gpgUrl":"file:///etc/pki/rpm-gpg/RPM-GPG-KEY-redhat-beta,file:///etc/pki/rpm-gpg/RPM-GPG-KEY-redhat-release","modifiedProductIds":[],"arches":"x86_64","metadataExpire":86400,"uuid":"8a99f9815e62e65a015e71199c1f1466","releaseVersion":null},"enabled":false},{"content":{"created":"2017-09-11T09:20:57.000+0000","updated":"2017-09-11T09:20:57.000+0000","id":"6221","type":"yum","label":"rhel-ha-for-rhel-3-as-debug-rpms","name":"Red Hat Enterprise Linux High Availability (for RHEL 3 AS) (Debug RPMs)","vendor":"Red Hat","contentUrl":"/content/dist/rhel/as/3/3AS/$basearch/highavailability/debug","requiredTags":"rhel-3-as","gpgUrl":"file:///usr/share/rhn/RPM-GPG-KEY","modifiedProductIds":[],"arches":"x86_64,x86","metadataExpire":86400,"uuid":"8a99f9815e62e65a015e71199c271504","releaseVersion":null},"enabled":false},{"content":{"created":"2017-09-11T09:21:07.000+0000","updated":"2017-09-11T09:21:07.000+0000","id":"6342","type":"yum","label":"rhel-ha-for-rhel-4-as-for-itanium-rpms","name":"Red Hat Enterprise Linux High Availability (for RHEL 4 AS) for Itanium (RPMs)","vendor":"Red Hat","contentUrl":"/content/dist/rhel/itanium/4/4AS/$basearch/highavailability/os","requiredTags":"rhel-4-as","gpgUrl":"file:////usr/share/rhn/RPM-GPG-KEY","modifiedProductIds":[],"arches":"ia64","metadataExpire":86400,"uuid":"8a99f9815e62e65a015e7119c38b1887","releaseVersion":null},"enabled":false},{"content":{"created":"2017-09-11T09:20:57.000+0000","updated":"2017-09-11T09:20:57.000+0000","id":"6220","type":"yum","label":"rhel-ha-for-rhel-3-as-source-rpms","name":"Red Hat Enterprise Linux High Availability (for RHEL 3 AS) (Source RPMSs)","vendor":"Red Hat","contentUrl":"/content/dist/rhel/as/3/3AS/$basearch/highavailability/source/SRPMS","requiredTags":"rhel-3-as","gpgUrl":"file:///usr/share/rhn/RPM-GPG-KEY","modifiedProductIds":[],"arches":"x86_64,x86","metadataExpire":86400,"uuid":"8a99f9815e62e65a015e71199c271505","releaseVersion":null},"enabled":false},{"content":{"created":"2017-09-11T09:21:07.000+0000","updated":"2017-09-11T09:21:07.000+0000","id":"6344","type":"yum","label":"rhel-ha-for-rhel-4-as-for-itanium-debug-rpms","name":"Red Hat Enterprise Linux High Availability (for RHEL 4 AS) for Itanium (Debug RPMs)","vendor":"Red Hat","contentUrl":"/content/dist/rhel/itanium/4/4AS/$basearch/highavailability/debug","requiredTags":"rhel-4-as","gpgUrl":"file:////usr/share/rhn/RPM-GPG-KEY","modifiedProductIds":[],"arches":"ia64","metadataExpire":86400,"uuid":"8a99f9815e62e65a015e7119c38c188e","releaseVersion":null},"enabled":false},{"content":{"created":"2017-09-11T09:21:07.000+0000","updated":"2017-09-11T09:21:07.000+0000","id":"6343","type":"yum","label":"rhel-ha-for-rhel-4-as-for-itanium-source-rpms","name":"Red Hat Enterprise Linux High Availability (for RHEL 4 AS) for Itanium (Source RPMSs)","vendor":"Red Hat","contentUrl":"/content/dist/rhel/itanium/4/4AS/$basearch/highavailability/source/SRPMS","requiredTags":"rhel-4-as","gpgUrl":"file:////usr/share/rhn/RPM-GPG-KEY","modifiedProductIds":[],"arches":"ia64","metadataExpire":86400,"uuid":"8a99f9815e62e65a015e7119c38c188d","releaseVersion":null},"enabled":false},{"content":{"created":"2017-09-11T09:20:57.000+0000","updated":"2017-09-11T09:20:57.000+0000","id":"6140","type":"yum","label":"rhel-ha-for-rhel-3-ws-debug-rpms","name":"Red Hat Enterprise Linux High Availability (for RHEL 3 WS) (Debug RPMs)","vendor":"Red Hat","contentUrl":"/content/dist/rhel/ws/3/3WS/$basearch/highavailability/debug","requiredTags":"rhel-3-ws","gpgUrl":"file:///usr/share/rhn/RPM-GPG-KEY","modifiedProductIds":[],"arches":"x86_64,x86","metadataExpire":86400,"uuid":"8a99f9815e62e65a015e71199c2414d0","releaseVersion":null},"enabled":false},{"content":{"created":"2017-09-11T09:20:57.000+0000","updated":"2017-09-11T09:20:57.000+0000","id":"348","type":"yum","label":"rhel-ha-for-rhel-6-server-beta-debug-rpms","name":"Red Hat Enterprise Linux High Availability (for RHEL 6 Server) Beta (Debug RPMs)","vendor":"Red Hat","contentUrl":"/content/beta/rhel/server/6/$releasever/$basearch/highavailability/debug","requiredTags":"rhel-6-server","gpgUrl":"file:///etc/pki/rpm-gpg/RPM-GPG-KEY-redhat-beta,file:///etc/pki/rpm-gpg/RPM-GPG-KEY-redhat-release","modifiedProductIds":[],"arches":"x86,x86_64","metadataExpire":86400,"uuid":"8a99f9815e62e65a015e71199c0013d9","releaseVersion":null},"enabled":false},{"content":{"created":"2017-09-11T09:20:57.000+0000","updated":"2017-09-11T09:20:57.000+0000","id":"349","type":"yum","label":"rhel-ha-for-rhel-6-server-beta-rpms","name":"Red Hat Enterprise Linux High Availability (for RHEL 6 Server) Beta (RPMs)","vendor":"Red Hat","contentUrl":"/content/beta/rhel/server/6/$releasever/$basearch/highavailability/os","requiredTags":"rhel-6-server","gpgUrl":"file:///etc/pki/rpm-gpg/RPM-GPG-KEY-redhat-beta,file:///etc/pki/rpm-gpg/RPM-GPG-KEY-redhat-release","modifiedProductIds":[],"arches":"x86,x86_64","metadataExpire":86400,"uuid":"8a99f9815e62e65a015e71199bff13c4","releaseVersion":null},"enabled":false},{"content":{"created":"2017-09-11T09:20:57.000+0000","updated":"2017-09-11T09:20:57.000+0000","id":"6139","type":"yum","label":"rhel-ha-for-rhel-3-ws-source-rpms","name":"Red Hat Enterprise Linux High Availability (for RHEL 3 WS) (Source RPMSs)","vendor":"Red Hat","contentUrl":"/content/dist/rhel/ws/3/3WS/$basearch/highavailability/source/SRPMS","requiredTags":"rhel-3-ws","gpgUrl":"file:///usr/share/rhn/RPM-GPG-KEY","modifiedProductIds":[],"arches":"x86_64,x86","metadataExpire":86400,"uuid":"8a99f9815e62e65a015e71199c2514dd","releaseVersion":null},"enabled":false},{"content":{"created":"2017-09-11T09:20:57.000+0000","updated":"2017-09-11T09:20:57.000+0000","id":"6138","type":"yum","label":"rhel-ha-for-rhel-3-ws-rpms","name":"Red Hat Enterprise Linux High Availability (for RHEL 3 WS) (RPMs)","vendor":"Red Hat","contentUrl":"/content/dist/rhel/ws/3/3WS/$basearch/highavailability/os","requiredTags":"rhel-3-ws","gpgUrl":"file:///usr/share/rhn/RPM-GPG-KEY","modifiedProductIds":[],"arches":"x86_64,x86","metadataExpire":86400,"uuid":"8a99f9815e62e65a015e71199c2514df","releaseVersion":null},"enabled":false},{"content":{"created":"2017-09-11T09:20:57.000+0000","updated":"2017-09-11T09:20:57.000+0000","id":"6219","type":"yum","label":"rhel-ha-for-rhel-3-as-rpms","name":"Red Hat Enterprise Linux High Availability (for RHEL 3 AS) (RPMs)","vendor":"Red Hat","contentUrl":"/content/dist/rhel/as/3/3AS/$basearch/highavailability/os","requiredTags":"rhel-3-as","gpgUrl":"file:///usr/share/rhn/RPM-GPG-KEY","modifiedProductIds":[],"arches":"x86_64,x86","metadataExpire":86400,"uuid":"8a99f9815e62e65a015e71199c271503","releaseVersion":null},"enabled":false}],"dependentProductIds":[]}