{"created":"2017-09-11T17:05:40.000+0000","updated":"2017-09-13T00:15:24.000+0000","uuid":"8a99f9815e718933015e7972dd0522cd","multiplier":1,"id":"84","name":"Red Hat Enterprise Linux High Availability (for RHEL Server) - Extended Update Support","attributes":[{"name":"name","value":"Red Hat Enterprise Linux High Availability (for RHEL Server) - Extended Update Support"},{"name":"arch","value":"ia64,ppc,ppc64,ppc64le,x86,x86_64"},{"name":"type","value":"SVC"}],"productContent":[{"content":{"created":"2017-09-11T09:20:50.000+0000","updated":"2017-09-11T09:20:50.000+0000","id":"6197","type":"yum","label":"rhel-ha-for-rhel-4-as-eus-debug-rpms","name":"Red Hat Enterprise Linux High Availability (for RHEL 4 AS) - EUS (Debug RPMs)","vendor":"Red Hat","contentUrl":"/content/eus/rhel/as/4/4AS/$releasever/$basearch/highavailability/debug","requiredTags":"rhel-4-as","gpgUrl":"file:////usr/share/rhn/RPM-GPG-KEY","modifiedProductIds":[],"arches":"x86_64,x86","metadataExpire":86400,"uuid":"8a99f9815e62e65a015e711982620b3f","releaseVersion":null},"enabled":false},{"content":{"created":"2017-09-11T09:20:50.000+0000","updated":"2017-09-11T09:20:50.000+0000","id":"6296","type":"yum","label":"rhel-ha-for-rhel-4-es-for-itanium-eus-debug-rpms","name":"Red Hat Enterprise Linux High Availability (for RHEL 4 ES) for Itanium - EUS (Debug RPMs)","vendor":"Red Hat","contentUrl":"/content/eus/rhel/itanium/4/4ES/$releasever/$basearch/highavailability/debug","requiredTags":"rhel-4-es","gpgUrl":"file:////usr/share/rhn/RPM-GPG-KEY","modifiedProductIds":[],"arches":"ia64","metadataExpire":86400,"uuid":"8a99f9815e62e65a015e711982670b8c","releaseVersion":null},"enabled":false},{"content":{"created":"2017-09-11T09:20:50.000+0000","updated":"2017-09-11T09:20:50.000+0000","id":"6196","type":"yum","label":"rhel-ha-for-rhel-4-as-eus-source-rpms","name":"Red Hat Enterprise Linux High Availability (for RHEL 4 AS) - EUS (Source RPMSs)","vendor":"Red Hat","contentUrl":"/content/eus/rhel/as/4/4AS/$releasever/$basearch/highavailability/source/SRPMS","requiredTags":"rhel-4-as","gpgUrl":"file:////usr/share/rhn/RPM-GPG-KEY","modifiedProductIds":[],"arches":"x86_64,x86","metadataExpire":86400,"uuid":"8a99f9815e62e65a015e711982620b3d","releaseVersion":null},"enabled":false},{"content":{"created":"2017-09-11T09:20:50.000+0000","updated":"2017-09-11T09:20:50.000+0000","id":"6295","type":"yum","label":"rhel-ha-for-rhel-4-es-for-itanium-eus-source-rpms","name":"Red Hat Enterprise Linux High Availability (for RHEL 4 ES) for Itanium - EUS (Source RPMSs)","vendor":"Red Hat","contentUrl":"/content/eus/rhel/itanium/4/4ES/$releasever/$basearch/highavailability/source/SRPMS","requiredTags":"rhel-4-es","gpgUrl":"file:////usr/share/rhn/RPM-GPG-KEY","modifiedProductIds":[],"arches":"ia64","metadataExpire":86400,"uuid":"8a99f9815e62e65a015e711982670b8d","releaseVersion":null},"enabled":false},{"content":{"created":"2017-09-11T09:20:50.000+0000","updated":"2017-09-11T09:20:50.000+0000","id":"6152","type":"yum","label":"rhel-ha-for-rhel-4-es-eus-debug-rpms","name":"Red Hat Enterprise Linux High Availability (for RHEL 4 ES) - EUS (Debug RPMs)","vendor":"Red Hat","contentUrl":"/content/eus/rhel/es/4/4ES/$releasever/$basearch/highavailability/debug","requiredTags":"rhel-4-es","gpgUrl":"file:////usr/share/rhn/RPM-GPG-KEY","modifiedProductIds":[],"arches":"x86_64,x86","metadataExpire":86400,"uuid":"8a99f9815e62e65a015e711982670b93","releaseVersion":null},"enabled":false},{"content":{"created":"2017-09-11T09:20:55.000+0000","updated":"2017-09-11T09:20:55.000+0000","id":"6331","type":"yum","label":"rhel-ha-for-rhel-4-as-for-itanium-eus-source-rpms","name":"Red Hat Enterprise Linux High Availability (for RHEL 4 AS) for Itanium - EUS (Source RPMSs)","vendor":"Red Hat","contentUrl":"/content/eus/rhel/itanium/4/4AS/$releasever/$basearch/highavailability/source/SRPMS","requiredTags":"rhel-4-as","gpgUrl":"file:////usr/share/rhn/RPM-GPG-KEY","modifiedProductIds":[],"arches":"ia64","metadataExpire":86400,"uuid":"8a99f9815e62e65a015e711994ef112f","releaseVersion":null},"enabled":false},{"content":{"created":"2017-09-11T09:20:55.000+0000","updated":"2017-09-11T09:20:55.000+0000","id":"6330","type":"yum","label":"rhel-ha-for-rhel-4-as-for-itanium-eus-rpms","name":"Red Hat Enterprise Linux High Availability (for RHEL 4 AS) for Itanium - EUS (RPMs)","vendor":"Red Hat","contentUrl":"/content/eus/rhel/itanium/4/4AS/$releasever/$basearch/highavailability/os","requiredTags":"rhel-4-as","gpgUrl":"file:////usr/share/rhn/RPM-GPG-KEY","modifiedProductIds":[],"arches":"ia64","metadataExpire":86400,"uuid":"8a99f9815e62e65a015e711994ef112e","releaseVersion":null},"enabled":false},{"content":{"created":"2017-09-11T09:20:55.000+0000","updated":"2017-09-11T09:20:55.000+0000","id":"6332","type":"yum","label":"rhel-ha-for-rhel-4-as-for-itanium-eus-debug-rpms","name":"Red Hat Enterprise Linux High Availability (for RHEL 4 AS) for Itanium - EUS (Debug RPMs)","vendor":"Red Hat","contentUrl":"/content/eus/rhel/itanium/4/4AS/$releasever/$basearch/highavailability/debug","requiredTags":"rhel-4-as","gpgUrl":"file:////usr/share/rhn/RPM-GPG-KEY","modifiedProductIds":[],"arches":"ia64","metadataExpire":86400,"uuid":"8a99f9815e62e65a015e711994ef1130","releaseVersion":null},"enabled":false},{"content":{"created":"2017-09-11T17:05:20.000+0000","updated":"2017-09-11T17:05:20.000+0000","id":"4179","type":"yum","label":"rhel-ha-for-rhel-7-server-eus-debug-rpms","name":"Red Hat Enterprise Linux High Availability (for RHEL 7 Server) - Extended Update Support (Debug RPMs)","vendor":"Red Hat","contentUrl":"/content/eus/rhel/server/7/$releasever/$basearch/highavailability/debug","requiredTags":"rhel-7-server","gpgUrl":"file:///etc/pki/rpm-gpg/RPM-GPG-KEY-redhat-release","modifiedProductIds":["83"],"arches":"x86_64","metadataExpire":86400,"uuid":"8a99f9815e718933015e72c2c5ce0ac0","releaseVersion":null},"enabled":false},{"content":{"created":"2017-09-11T09:20:50.000+0000","updated":"2017-09-11T09:20:50.000+0000","id":"6195","type":"yum","label":"rhel-ha-for-rhel-4-as-eus-rpms","name":"Red Hat Enterprise Linux High Availability (for RHEL 4 AS) - EUS (RPMs)","vendor":"Red Hat","contentUrl":"/content/eus/rhel/as/4/4AS/$releasever/$basearch/highavailability/os","requiredTags":"rhel-4-as","gpgUrl":"file:////usr/share/rhn/RPM-GPG-KEY","modifiedProductIds":[],"arches":"x86_64,x86","metadataExpire":86400,"uuid":"8a99f9815e62e65a015e711982630b4d","releaseVersion":null},"enabled":false},{"content":{"created":"2017-09-11T09:20:50.000+0000","updated":"2017-09-11T09:20:50.000+0000","id":"6151","type":"yum","label":"rhel-ha-for-rhel-4-es-eus-source-rpms","name":"Red Hat Enterprise Linux High Availability (for RHEL 4 ES) - EUS (Source RPMSs)","vendor":"Red Hat","contentUrl":"/content/eus/rhel/es/4/4ES/$releasever/$basearch/highavailability/source/SRPMS","requiredTags":"rhel-4-es","gpgUrl":"file:////usr/share/rhn/RPM-GPG-KEY","modifiedProductIds":[],"arches":"x86_64,x86","metadataExpire":86400,"uuid":"8a99f9815e62e65a015e711982660b89","releaseVersion":null},"enabled":false},{"content":{"created":"2017-09-11T09:20:50.000+0000","updated":"2017-09-11T09:20:50.000+0000","id":"6294","type":"yum","label":"rhel-ha-for-rhel-4-es-for-itanium-eus-rpms","name":"Red Hat Enterprise Linux High Availability (for RHEL 4 ES) for Itanium - EUS (RPMs)","vendor":"Red Hat","contentUrl":"/content/eus/rhel/itanium/4/4ES/$releasever/$basearch/highavailability/os","requiredTags":"rhel-4-es","gpgUrl":"file:////usr/share/rhn/RPM-GPG-KEY","modifiedProductIds":[],"arches":"ia64","metadataExpire":86400,"uuid":"8a99f9815e62e65a015e711982670b8e","releaseVersion":null},"enabled":false},{"content":{"created":"2017-09-11T09:20:50.000+0000","updated":"2017-09-11T09:20:50.000+0000","id":"6150","type":"yum","label":"rhel-ha-for-rhel-4-es-eus-rpms","name":"Red Hat Enterprise Linux High Availability (for RHEL 4 ES) - EUS (RPMs)","vendor":"Red Hat","contentUrl":"/content/eus/rhel/es/4/4ES/$releasever/$basearch/highavailability/os","requiredTags":"rhel-4-es","gpgUrl":"file:////usr/share/rhn/RPM-GPG-KEY","modifiedProductIds":[],"arches":"x86_64,x86","metadataExpire":86400,"uuid":"8a99f9815e62e65a015e711982660b8b","releaseVersion":null},"enabled":false},{"content":{"created":"2017-09-11T09:20:55.000+0000","updated":"2017-09-11T09:20:55.000+0000","id":"1353","type":"yum","label":"rhel-ha-for-rhel-6-server-eus-source-rpms","name":"Red Hat Enterprise Linux High Availability (for RHEL 6 Server) - Extended Update Support (Source RPMs)","vendor":"Red Hat","contentUrl":"/content/eus/rhel/server/6/$releasever/$basearch/highavailability/source/SRPMS","requiredTags":"rhel-6-server","gpgUrl":"file:///etc/pki/rpm-gpg/RPM-GPG-KEY-redhat-release","modifiedProductIds":["83"],"arches":"x86,x86_64","metadataExpire":86400,"uuid":"8a99f9815e62e65a015e711994ef1136","releaseVersion":null},"enabled":false},{"content":{"created":"2017-09-11T09:20:50.000+0000","updated":"2017-09-11T09:20:50.000+0000","id":"6243","type":"yum","label":"rhel-ha-for-rhel-4-as-for-power-eus-rpms","name":"Red Hat Enterprise Linux High Availability (for RHEL 4 AS) for IBM Power - EUS (RPMs)","vendor":"Red Hat","contentUrl":"/content/eus/rhel/power/4/4AS/$releasever/$basearch/highavailability/os","requiredTags":"rhel-4-as","gpgUrl":"file:////usr/share/rhn/RPM-GPG-KEY","modifiedProductIds":[],"arches":"ppc","metadataExpire":86400,"uuid":"8a99f9815e62e65a015e7119826f0c18","releaseVersion":null},"enabled":false},{"content":{"created":"2017-09-11T09:20:50.000+0000","updated":"2017-09-11T09:20:50.000+0000","id":"6245","type":"yum","label":"rhel-ha-for-rhel-4-as-for-power-eus-debug-rpms","name":"Red Hat Enterprise Linux High Availability (for RHEL 4 AS) for IBM Power - EUS (Debug RPMs)","vendor":"Red Hat","contentUrl":"/content/eus/rhel/power/4/4AS/$releasever/$basearch/highavailability/debug","requiredTags":"rhel-4-as","gpgUrl":"file:////usr/share/rhn/RPM-GPG-KEY","modifiedProductIds":[],"arches":"ppc","metadataExpire":86400,"uuid":"8a99f9815e62e65a015e7119826f0c1a","releaseVersion":null},"enabled":false},{"content":{"created":"2017-09-11T09:20:50.000+0000","updated":"2017-09-11T09:20:50.000+0000","id":"6244","type":"yum","label":"rhel-ha-for-rhel-4-as-for-power-eus-source-rpms","name":"Red Hat Enterprise Linux High Availability (for RHEL 4 AS) for IBM Power - EUS (Source RPMSs)","vendor":"Red Hat","contentUrl":"/content/eus/rhel/power/4/4AS/$releasever/$basearch/highavailability/source/SRPMS","requiredTags":"rhel-4-as","gpgUrl":"file:////usr/share/rhn/RPM-GPG-KEY","modifiedProductIds":[],"arches":"ppc","metadataExpire":86400,"uuid":"8a99f9815e62e65a015e7119826f0c19","releaseVersion":null},"enabled":false},{"content":{"created":"2017-09-11T09:20:55.000+0000","updated":"2017-09-13T00:15:18.000+0000","id":"1352","type":"yum","label":"rhel-ha-for-rhel-6-server-eus-rpms","name":"Red Hat Enterprise Linux High Availability (for RHEL 6 Server) - Extended Update Support (RPMs)","vendor":"Red Hat","contentUrl":"/content/eus/rhel/server/6/$releasever/$basearch/highavailability/os","requiredTags":"rhel-6-server","gpgUrl":"file:///etc/pki/rpm-gpg/RPM-GPG-KEY-redhat-release","modifiedProductIds":["83"],"arches":"x86,x86_64","metadataExpire":86400,"uuid":"8a99f9815e718933015e7972c51322cb","releaseVersion":null},"enabled":false},{"content":{"created":"2017-09-11T09:20:55.000+0000","updated":"2017-09-11T09:20:55.000+0000","id":"1351","type":"yum","label":"rhel-ha-for-rhel-6-server-eus-debug-rpms","name":"Red Hat Enterprise Linux High Availability (for RHEL 6 Server) - Extended Update Support (Debug RPMs)","vendor":"Red Hat","contentUrl":"/content/eus/rhel/server/6/$releasever/$basearch/highavailability/debug","requiredTags":"rhel-6-server","gpgUrl":"file:///etc/pki/rpm-gpg/RPM-GPG-KEY-redhat-release","modifiedProductIds":["83"],"arches":"x86,x86_64","metadataExpire":86400,"uuid":"8a99f9815e62e65a015e711994ec10fc","releaseVersion":null},"enabled":false},{"content":{"created":"2017-09-11T17:05:20.000+0000","updated":"2017-09-11T17:05:20.000+0000","id":"4180","type":"yum","label":"rhel-ha-for-rhel-7-server-eus-rpms","name":"Red Hat Enterprise Linux High Availability (for RHEL 7 Server) - Extended Update Support (RPMs)","vendor":"Red Hat","contentUrl":"/content/eus/rhel/server/7/$releasever/$basearch/highavailability/os","requiredTags":"rhel-7-server","gpgUrl":"file:///etc/pki/rpm-gpg/RPM-GPG-KEY-redhat-release","modifiedProductIds":["83"],"arches":"x86_64","metadataExpire":86400,"uuid":"8a99f9815e718933015e72c2c5ce0abd","releaseVersion":null},"enabled":false},{"content":{"created":"2017-09-11T17:05:20.000+0000","updated":"2017-09-11T17:05:20.000+0000","id":"4181","type":"yum","label":"rhel-ha-for-rhel-7-server-eus-source-rpms","name":"Red Hat Enterprise Linux High Availability (for RHEL 7 Server) - Extended Update Support (Source RPMs)","vendor":"Red Hat","contentUrl":"/content/eus/rhel/server/7/$releasever/$basearch/highavailability/source/SRPMS","requiredTags":"rhel-7-server","gpgUrl":"file:///etc/pki/rpm-gpg/RPM-GPG-KEY-redhat-release","modifiedProductIds":["83"],"arches":"x86_64","metadataExpire":86400,"uuid":"8a99f9815e718933015e72c2c5ce0abb","releaseVersion":null},"enabled":false},{"content":{"created":"2017-09-11T17:05:20.000+0000","updated":"2017-09-11T17:05:20.000+0000","id":"1347","type":"yum","label":"rhel-ha-for-rhel-5-for-power-eus-source-rpms","name":"Red Hat Enterprise Linux High Availability (for RHEL 5 for IBM Power) - Extended Update Support (Source RPMs)","vendor":"Red Hat","contentUrl":"/content/eus/rhel/power/5/$releasever/$basearch/highavailability/source/SRPMS","requiredTags":"rhel-5-ibm-power","gpgUrl":"file:///etc/pki/rpm-gpg/RPM-GPG-KEY-redhat-release","modifiedProductIds":["83"],"arches":"ppc,ppc64","metadataExpire":86400,"uuid":"8a99f9815e718933015e72c2c5cf0ace","releaseVersion":null},"enabled":false},{"content":{"created":"2017-09-11T17:05:20.000+0000","updated":"2017-09-11T17:05:20.000+0000","id":"1346","type":"yum","label":"rhel-ha-for-rhel-5-for-power-eus-rpms","name":"Red Hat Enterprise Linux High Availability (for RHEL 5 for IBM Power) - Extended Update Support (RPMs)","vendor":"Red Hat","contentUrl":"/content/eus/rhel/power/5/$releasever/$basearch/highavailability/os","requiredTags":"rhel-5-ibm-power","gpgUrl":"file:///etc/pki/rpm-gpg/RPM-GPG-KEY-redhat-release","modifiedProductIds":["83"],"arches":"ppc,ppc64","metadataExpire":86400,"uuid":"8a99f9815e718933015e72c2c5cf0acc","releaseVersion":null},"enabled":false},{"content":{"created":"2017-09-11T09:20:55.000+0000","updated":"2017-09-11T09:20:55.000+0000","id":"1048","type":"yum","label":"rhel-ha-for-rhel-5-server-eus-source-rpms","name":"Red Hat Enterprise Linux High Availability (for RHEL 5 Server) - Extended Update Support (Source RPMs)","vendor":"Red Hat","contentUrl":"/content/eus/rhel/server/5/$releasever/$basearch/highavailability/source/SRPMS","requiredTags":"rhel-5-server","gpgUrl":"file:///etc/pki/rpm-gpg/RPM-GPG-KEY-redhat-release","modifiedProductIds":["83"],"arches":"ia64,x86,x86_64","metadataExpire":86400,"uuid":"8a99f9815e62e65a015e711994ec10ff","releaseVersion":null},"enabled":false},{"content":{"created":"2017-09-11T17:05:20.000+0000","updated":"2017-09-11T17:05:20.000+0000","id":"1345","type":"yum","label":"rhel-ha-for-rhel-5-for-power-eus-debug-rpms","name":"Red Hat Enterprise Linux High Availability (for RHEL 5 for IBM Power) - Extended Update Support (Debug RPMs)","vendor":"Red Hat","contentUrl":"/content/eus/rhel/power/5/$releasever/$basearch/highavailability/debug","requiredTags":"rhel-5-ibm-power","gpgUrl":"file:///etc/pki/rpm-gpg/RPM-GPG-KEY-redhat-release","modifiedProductIds":["83"],"arches":"ppc,ppc64","metadataExpire":86400,"uuid":"8a99f9815e718933015e72c2c5cf0acf","releaseVersion":null},"enabled":false},{"content":{"created":"2017-09-11T09:20:55.000+0000","updated":"2017-09-13T00:15:18.000+0000","id":"1047","type":"yum","label":"rhel-ha-for-rhel-5-server-eus-rpms","name":"Red Hat Enterprise Linux High Availability (for RHEL 5 Server) - Extended Update Support (RPMs)","vendor":"Red Hat","contentUrl":"/content/eus/rhel/server/5/$releasever/$basearch/highavailability/os","requiredTags":"rhel-5-server","gpgUrl":"file:///etc/pki/rpm-gpg/RPM-GPG-KEY-redhat-release","modifiedProductIds":["83"],"arches":"ia64,x86,x86_64","metadataExpire":86400,"uuid":"8a99f9815e718933015e7972c51322cc","releaseVersion":null},"enabled":false},{"content":{"created":"2017-09-11T09:20:55.000+0000","updated":"2017-09-11T09:20:55.000+0000","id":"1046","type":"yum","label":"rhel-ha-for-rhel-5-server-eus-debug-rpms","name":"Red Hat Enterprise Linux High Availability (for RHEL 5 Server) - Extended Update Support (Debug RPMs)","vendor":"Red Hat","contentUrl":"/content/eus/rhel/server/5/$releasever/$basearch/highavailability/debug","requiredTags":"rhel-5-server","gpgUrl":"file:///etc/pki/rpm-gpg/RPM-GPG-KEY-redhat-release","modifiedProductIds":["83"],"arches":"ia64,x86,x86_64","metadataExpire":86400,"uuid":"8a99f9815e62e65a015e711994ec1103","releaseVersion":null},"enabled":false}],"dependentProductIds":[]}