{"created":"2017-09-11T09:21:20.000+0000","updated":"2017-09-11T09:21:20.000+0000","uuid":"8a99f9815e62e65a015e7119f6041e5c","multiplier":1,"id":"85","name":"Red Hat Enterprise Linux Load Balancer (for RHEL Server)","attributes":[{"name":"name","value":"Red Hat Enterprise Linux Load Balancer (for RHEL Server)"},{"name":"arch","value":"x86,x86_64"},{"name":"type","value":"SVC"}],"productContent":[{"content":{"created":"2017-09-11T09:21:07.000+0000","updated":"2017-09-11T09:21:07.000+0000","id":"363","type":"yum","label":"rhel-lb-for-rhel-6-server-beta-debug-rpms","name":"Red Hat Enterprise Linux Load Balancer (for RHEL 6 Server) Beta (Debug RPMs)","vendor":"Red Hat","contentUrl":"/content/beta/rhel/server/6/$releasever/$basearch/loadbalancer/debug","requiredTags":"rhel-6-server","gpgUrl":"file:///etc/pki/rpm-gpg/RPM-GPG-KEY-redhat-beta,file:///etc/pki/rpm-gpg/RPM-GPG-KEY-redhat-release","modifiedProductIds":[],"arches":null,"metadataExpire":86400,"uuid":"8a99f9815e62e65a015e7119c38c1895","releaseVersion":null},"enabled":false},{"content":{"created":"2017-09-11T09:21:07.000+0000","updated":"2017-09-11T09:21:07.000+0000","id":"364","type":"yum","label":"rhel-lb-for-rhel-6-server-beta-rpms","name":"Red Hat Enterprise Linux Load Balancer (for RHEL 6 Server) Beta (RPMs)","vendor":"Red Hat","contentUrl":"/content/beta/rhel/server/6/$releasever/$basearch/loadbalancer/os","requiredTags":"rhel-6-server","gpgUrl":"file:///etc/pki/rpm-gpg/RPM-GPG-KEY-redhat-beta,file:///etc/pki/rpm-gpg/RPM-GPG-KEY-redhat-release","modifiedProductIds":[],"arches":null,"metadataExpire":86400,"uuid":"8a99f9815e62e65a015e7119c38c1893","releaseVersion":null},"enabled":false},{"content":{"created":"2017-09-11T09:20:57.000+0000","updated":"2017-09-11T09:20:57.000+0000","id":"2359","type":"yum","label":"rhel-lb-for-rhel-6-server-fastrack-debug-rpms","name":"Red Hat Enterprise Linux Load Balancer (for RHEL 6 Server) - Fastrack (Debug RPMs)","vendor":"Red Hat","contentUrl":"/content/fastrack/rhel/server/6/$basearch/loadbalancer/debug","requiredTags":"rhel-6-server","gpgUrl":"file:///etc/pki/rpm-gpg/RPM-GPG-KEY-redhat-release","modifiedProductIds":[],"arches":null,"metadataExpire":86400,"uuid":"8a99f9815e62e65a015e71199c441556","releaseVersion":null},"enabled":false},{"content":{"created":"2017-09-11T09:21:07.000+0000","updated":"2017-09-11T09:21:07.000+0000","id":"365","type":"yum","label":"rhel-lb-for-rhel-6-server-beta-source-rpms","name":"Red Hat Enterprise Linux Load Balancer (for RHEL 6 Server) Beta (Source RPMs)","vendor":"Red Hat","contentUrl":"/content/beta/rhel/server/6/$releasever/$basearch/loadbalancer/source/SRPMS","requiredTags":"rhel-6-server","gpgUrl":"file:///etc/pki/rpm-gpg/RPM-GPG-KEY-redhat-beta,file:///etc/pki/rpm-gpg/RPM-GPG-KEY-redhat-release","modifiedProductIds":[],"arches":null,"metadataExpire":86400,"uuid":"8a99f9815e62e65a015e7119c38c1891","releaseVersion":null},"enabled":false},{"content":{"created":"2017-09-11T09:21:07.000+0000","updated":"2017-09-11T09:21:07.000+0000","id":"366","type":"yum","label":"rhel-lb-for-rhel-6-server-debug-rpms","name":"Red Hat Enterprise Linux Load Balancer (for RHEL 6 Server) (Debug RPMs)","vendor":"Red Hat","contentUrl":"/content/dist/rhel/server/6/$releasever/$basearch/loadbalancer/debug","requiredTags":"rhel-6-server","gpgUrl":"file:///etc/pki/rpm-gpg/RPM-GPG-KEY-redhat-release","modifiedProductIds":[],"arches":null,"metadataExpire":86400,"uuid":"8a99f9815e62e65a015e7119c38c188f","releaseVersion":null},"enabled":false},{"content":{"created":"2017-09-11T09:21:07.000+0000","updated":"2017-09-11T09:21:07.000+0000","id":"367","type":"yum","label":"rhel-lb-for-rhel-6-server-rpms","name":"Red Hat Enterprise Linux Load Balancer (for RHEL 6 Server) (RPMs)","vendor":"Red Hat","contentUrl":"/content/dist/rhel/server/6/$releasever/$basearch/loadbalancer/os","requiredTags":"rhel-6-server","gpgUrl":"file:///etc/pki/rpm-gpg/RPM-GPG-KEY-redhat-release","modifiedProductIds":[],"arches":null,"metadataExpire":86400,"uuid":"8a99f9815e62e65a015e7119c38c1898","releaseVersion":null},"enabled":false},{"content":{"created":"2017-09-11T09:21:07.000+0000","updated":"2017-09-11T09:21:07.000+0000","id":"368","type":"yum","label":"rhel-lb-for-rhel-6-server-source-rpms","name":"Red Hat Enterprise Linux Load Balancer (for RHEL 6 Server) (Source RPMs)","vendor":"Red Hat","contentUrl":"/content/dist/rhel/server/6/$releasever/$basearch/loadbalancer/source/SRPMS","requiredTags":"rhel-6-server","gpgUrl":"file:///etc/pki/rpm-gpg/RPM-GPG-KEY-redhat-release","modifiedProductIds":[],"arches":null,"metadataExpire":86400,"uuid":"8a99f9815e62e65a015e7119c38c1897","releaseVersion":null},"enabled":false},{"content":{"created":"2017-09-11T09:20:57.000+0000","updated":"2017-09-11T09:20:57.000+0000","id":"2361","type":"yum","label":"rhel-lb-for-rhel-6-server-fastrack-source-rpms","name":"Red Hat Enterprise Linux Load Balancer (for RHEL 6 Server) - Fastrack (Source RPMs)","vendor":"Red Hat","contentUrl":"/content/fastrack/rhel/server/6/$basearch/loadbalancer/source/SRPMS","requiredTags":"rhel-6-server","gpgUrl":"file:///etc/pki/rpm-gpg/RPM-GPG-KEY-redhat-release","modifiedProductIds":[],"arches":null,"metadataExpire":86400,"uuid":"8a99f9815e62e65a015e71199c45156d","releaseVersion":null},"enabled":false},{"content":{"created":"2017-09-11T09:20:57.000+0000","updated":"2017-09-11T09:20:57.000+0000","id":"2360","type":"yum","label":"rhel-lb-for-rhel-6-server-fastrack-rpms","name":"Red Hat Enterprise Linux Load Balancer (for RHEL 6 Server) - Fastrack (RPMs)","vendor":"Red Hat","contentUrl":"/content/fastrack/rhel/server/6/$basearch/loadbalancer/os","requiredTags":"rhel-6-server","gpgUrl":"file:///etc/pki/rpm-gpg/RPM-GPG-KEY-redhat-release","modifiedProductIds":[],"arches":null,"metadataExpire":86400,"uuid":"8a99f9815e62e65a015e71199c45156f","releaseVersion":null},"enabled":false}],"dependentProductIds":[]}