{"created":"2017-09-11T09:21:10.000+0000","updated":"2017-10-14T00:00:41.000+0000","uuid":"8a99f9815f14aea6015f190a896037b9","multiplier":1,"id":"86","name":"Red Hat Enterprise Linux Load Balancer (for RHEL Server) - Extended Update Support","attributes":[{"name":"name","value":"Red Hat Enterprise Linux Load Balancer (for RHEL Server) - Extended Update Support"},{"name":"arch","value":"x86,x86_64"},{"name":"type","value":"SVC"}],"productContent":[{"content":{"created":"2017-09-11T09:20:55.000+0000","updated":"2017-09-11T09:20:55.000+0000","id":"1356","type":"yum","label":"rhel-lb-for-rhel-6-server-eus-source-rpms","name":"Red Hat Enterprise Linux Load Balancer (for RHEL 6 Server) - Extended Update Support (Source RPMs)","vendor":"Red Hat","contentUrl":"/content/eus/rhel/server/6/$releasever/$basearch/loadbalancer/source/SRPMS","requiredTags":"rhel-6-server","gpgUrl":"file:///etc/pki/rpm-gpg/RPM-GPG-KEY-redhat-release","modifiedProductIds":["85"],"arches":null,"metadataExpire":86400,"uuid":"8a99f9815e62e65a015e711994ef1139","releaseVersion":null},"enabled":false},{"content":{"created":"2017-09-11T09:20:55.000+0000","updated":"2017-10-14T00:00:34.000+0000","id":"1355","type":"yum","label":"rhel-lb-for-rhel-6-server-eus-rpms","name":"Red Hat Enterprise Linux Load Balancer (for RHEL 6 Server) - Extended Update Support (RPMs)","vendor":"Red Hat","contentUrl":"/content/eus/rhel/server/6/$releasever/$basearch/loadbalancer/os","requiredTags":"rhel-6-server","gpgUrl":"file:///etc/pki/rpm-gpg/RPM-GPG-KEY-redhat-release","modifiedProductIds":["85"],"arches":null,"metadataExpire":86400,"uuid":"8a99f9815f14aea6015f190a6e6337b5","releaseVersion":null},"enabled":false},{"content":{"created":"2017-09-11T09:20:55.000+0000","updated":"2017-09-11T09:20:55.000+0000","id":"1354","type":"yum","label":"rhel-lb-for-rhel-6-server-eus-debug-rpms","name":"Red Hat Enterprise Linux Load Balancer (for RHEL 6 Server) - Extended Update Support (Debug RPMs)","vendor":"Red Hat","contentUrl":"/content/eus/rhel/server/6/$releasever/$basearch/loadbalancer/debug","requiredTags":"rhel-6-server","gpgUrl":"file:///etc/pki/rpm-gpg/RPM-GPG-KEY-redhat-release","modifiedProductIds":["85"],"arches":null,"metadataExpire":86400,"uuid":"8a99f9815e62e65a015e711994ef1137","releaseVersion":null},"enabled":false}],"dependentProductIds":[]}