{"created":"2017-09-11T17:05:13.000+0000","updated":"2017-10-14T00:00:41.000+0000","uuid":"8a99f9815f14aea6015f190a896037b8","multiplier":1,"id":"91","name":"Red Hat Enterprise Linux Resilient Storage (for RHEL Server) - Extended Update Support","attributes":[{"name":"name","value":"Red Hat Enterprise Linux Resilient Storage (for RHEL Server) - Extended Update Support"},{"name":"arch","value":"ia64,ppc,ppc64,ppc64le,x86,x86_64"},{"name":"type","value":"SVC"}],"productContent":[{"content":{"created":"2017-09-11T17:04:49.000+0000","updated":"2017-09-11T17:04:49.000+0000","id":"4176","type":"yum","label":"rhel-rs-for-rhel-7-server-eus-debug-rpms","name":"Red Hat Enterprise Linux Resilient Storage (for RHEL 7 Server) - Extended Update Support (Debug RPMs)","vendor":"Red Hat","contentUrl":"/content/eus/rhel/server/7/$releasever/$basearch/resilientstorage/debug","requiredTags":"rhel-7-server","gpgUrl":"file:///etc/pki/rpm-gpg/RPM-GPG-KEY-redhat-release","modifiedProductIds":["90"],"arches":"x86_64","metadataExpire":86400,"uuid":"8a99f9815e718933015e72c24c970a6a","releaseVersion":null},"enabled":false},{"content":{"created":"2017-09-11T17:04:49.000+0000","updated":"2017-09-11T17:04:49.000+0000","id":"4177","type":"yum","label":"rhel-rs-for-rhel-7-server-eus-rpms","name":"Red Hat Enterprise Linux Resilient Storage (for RHEL 7 Server) - Extended Update Support (RPMs)","vendor":"Red Hat","contentUrl":"/content/eus/rhel/server/7/$releasever/$basearch/resilientstorage/os","requiredTags":"rhel-7-server","gpgUrl":"file:///etc/pki/rpm-gpg/RPM-GPG-KEY-redhat-release","modifiedProductIds":["90"],"arches":"x86_64","metadataExpire":86400,"uuid":"8a99f9815e718933015e72c24c970a69","releaseVersion":null},"enabled":false},{"content":{"created":"2017-09-11T17:04:49.000+0000","updated":"2017-09-11T17:04:49.000+0000","id":"4178","type":"yum","label":"rhel-rs-for-rhel-7-server-eus-source-rpms","name":"Red Hat Enterprise Linux Resilient Storage (for RHEL 7 Server) - Extended Update Support (Source RPMs)","vendor":"Red Hat","contentUrl":"/content/eus/rhel/server/7/$releasever/$basearch/resilientstorage/source/SRPMS","requiredTags":"rhel-7-server","gpgUrl":"file:///etc/pki/rpm-gpg/RPM-GPG-KEY-redhat-release","modifiedProductIds":["90"],"arches":"x86_64","metadataExpire":86400,"uuid":"8a99f9815e718933015e72c24c970a6c","releaseVersion":null},"enabled":false},{"content":{"created":"2017-09-11T09:20:50.000+0000","updated":"2017-09-11T09:20:50.000+0000","id":"6191","type":"yum","label":"rhel-rs-for-rhel-4-as-eus-debug-rpms","name":"Red Hat Enterprise Linux Resilient Storage (for RHEL 4 AS) - EUS (Debug RPMs)","vendor":"Red Hat","contentUrl":"/content/eus/rhel/as/4/4AS/$releasever/$basearch/resilientstorage/debug","requiredTags":"rhel-4-as","gpgUrl":"file:////usr/share/rhn/RPM-GPG-KEY","modifiedProductIds":[],"arches":"x86_64,x86","metadataExpire":86400,"uuid":"8a99f9815e62e65a015e711982630b48","releaseVersion":null},"enabled":false},{"content":{"created":"2017-09-11T09:20:50.000+0000","updated":"2017-09-11T09:20:50.000+0000","id":"6290","type":"yum","label":"rhel-rs-for-rhel-4-es-for-itanium-eus-debug-rpms","name":"Red Hat Enterprise Linux Resilient Storage (for RHEL 4 ES) for Itanium - EUS (Debug RPMs)","vendor":"Red Hat","contentUrl":"/content/eus/rhel/itanium/4/4ES/$releasever/$basearch/resilientstorage/debug","requiredTags":"rhel-4-es","gpgUrl":"file:////usr/share/rhn/RPM-GPG-KEY","modifiedProductIds":[],"arches":"ia64","metadataExpire":86400,"uuid":"8a99f9815e62e65a015e711982670b94","releaseVersion":null},"enabled":false},{"content":{"created":"2017-09-11T09:20:50.000+0000","updated":"2017-09-11T09:20:50.000+0000","id":"6190","type":"yum","label":"rhel-rs-for-rhel-4-as-eus-source-rpms","name":"Red Hat Enterprise Linux Resilient Storage (for RHEL 4 AS) - EUS (Source RPMSs)","vendor":"Red Hat","contentUrl":"/content/eus/rhel/as/4/4AS/$releasever/$basearch/resilientstorage/source/SRPMS","requiredTags":"rhel-4-as","gpgUrl":"file:////usr/share/rhn/RPM-GPG-KEY","modifiedProductIds":[],"arches":"x86_64,x86","metadataExpire":86400,"uuid":"8a99f9815e62e65a015e711982630b46","releaseVersion":null},"enabled":false},{"content":{"created":"2017-09-11T09:20:55.000+0000","updated":"2017-09-11T09:20:55.000+0000","id":"1359","type":"yum","label":"rhel-rs-for-rhel-6-server-eus-source-rpms","name":"Red Hat Enterprise Linux Resilient Storage (for RHEL 6 Server) - Extended Update Support (Source RPMs)","vendor":"Red Hat","contentUrl":"/content/eus/rhel/server/6/$releasever/$basearch/resilientstorage/source/SRPMS","requiredTags":"rhel-6-server","gpgUrl":"file:///etc/pki/rpm-gpg/RPM-GPG-KEY-redhat-release","modifiedProductIds":["90"],"arches":"x86,x86_64","metadataExpire":86400,"uuid":"8a99f9815e62e65a015e711994ef113c","releaseVersion":null},"enabled":false},{"content":{"created":"2017-09-11T09:20:55.000+0000","updated":"2017-10-14T00:00:34.000+0000","id":"1358","type":"yum","label":"rhel-rs-for-rhel-6-server-eus-rpms","name":"Red Hat Enterprise Linux Resilient Storage (for RHEL 6 Server) - Extended Update Support (RPMs)","vendor":"Red Hat","contentUrl":"/content/eus/rhel/server/6/$releasever/$basearch/resilientstorage/os","requiredTags":"rhel-6-server","gpgUrl":"file:///etc/pki/rpm-gpg/RPM-GPG-KEY-redhat-release","modifiedProductIds":["90"],"arches":"x86,x86_64","metadataExpire":86400,"uuid":"8a99f9815f14aea6015f190a6e6337b6","releaseVersion":null},"enabled":false},{"content":{"created":"2017-09-11T09:20:55.000+0000","updated":"2017-09-11T09:20:55.000+0000","id":"1357","type":"yum","label":"rhel-rs-for-rhel-6-server-eus-debug-rpms","name":"Red Hat Enterprise Linux Resilient Storage (for RHEL 6 Server) - Extended Update Support (Debug RPMs)","vendor":"Red Hat","contentUrl":"/content/eus/rhel/server/6/$releasever/$basearch/resilientstorage/debug","requiredTags":"rhel-6-server","gpgUrl":"file:///etc/pki/rpm-gpg/RPM-GPG-KEY-redhat-release","modifiedProductIds":["90"],"arches":"x86,x86_64","metadataExpire":86400,"uuid":"8a99f9815e62e65a015e711994ef113a","releaseVersion":null},"enabled":false},{"content":{"created":"2017-09-11T09:20:55.000+0000","updated":"2017-09-11T09:20:55.000+0000","id":"6326","type":"yum","label":"rhel-rs-for-rhel-4-as-for-itanium-eus-debug-rpms","name":"Red Hat Enterprise Linux Resilient Storage (for RHEL 4 AS) for Itanium - EUS (Debug RPMs)","vendor":"Red Hat","contentUrl":"/content/eus/rhel/itanium/4/4AS/$releasever/$basearch/resilientstorage/debug","requiredTags":"rhel-4-as","gpgUrl":"file:////usr/share/rhn/RPM-GPG-KEY","modifiedProductIds":[],"arches":"ia64","metadataExpire":86400,"uuid":"8a99f9815e62e65a015e711994ef1131","releaseVersion":null},"enabled":false},{"content":{"created":"2017-09-11T09:20:55.000+0000","updated":"2017-09-11T09:20:55.000+0000","id":"6325","type":"yum","label":"rhel-rs-for-rhel-4-as-for-itanium-eus-source-rpms","name":"Red Hat Enterprise Linux Resilient Storage (for RHEL 4 AS) for Itanium - EUS (Source RPMSs)","vendor":"Red Hat","contentUrl":"/content/eus/rhel/itanium/4/4AS/$releasever/$basearch/resilientstorage/source/SRPMS","requiredTags":"rhel-4-as","gpgUrl":"file:////usr/share/rhn/RPM-GPG-KEY","modifiedProductIds":[],"arches":"ia64","metadataExpire":86400,"uuid":"8a99f9815e62e65a015e711994ef1132","releaseVersion":null},"enabled":false},{"content":{"created":"2017-09-11T09:20:50.000+0000","updated":"2017-09-11T09:20:50.000+0000","id":"6144","type":"yum","label":"rhel-rs-for-rhel-4-es-eus-rpms","name":"Red Hat Enterprise Linux Resilient Storage (for RHEL 4 ES) - EUS (RPMs)","vendor":"Red Hat","contentUrl":"/content/eus/rhel/es/4/4ES/$releasever/$basearch/resilientstorage/os","requiredTags":"rhel-4-es","gpgUrl":"file:////usr/share/rhn/RPM-GPG-KEY","modifiedProductIds":[],"arches":"x86_64,x86","metadataExpire":86400,"uuid":"8a99f9815e62e65a015e7119826f0c16","releaseVersion":null},"enabled":false},{"content":{"created":"2017-09-11T09:20:50.000+0000","updated":"2017-09-11T09:20:50.000+0000","id":"6289","type":"yum","label":"rhel-rs-for-rhel-4-es-for-itanium-eus-source-rpms","name":"Red Hat Enterprise Linux Resilient Storage (for RHEL 4 ES) for Itanium - EUS (Source RPMSs)","vendor":"Red Hat","contentUrl":"/content/eus/rhel/itanium/4/4ES/$releasever/$basearch/resilientstorage/source/SRPMS","requiredTags":"rhel-4-es","gpgUrl":"file:////usr/share/rhn/RPM-GPG-KEY","modifiedProductIds":[],"arches":"ia64","metadataExpire":86400,"uuid":"8a99f9815e62e65a015e711982690bb7","releaseVersion":null},"enabled":false},{"content":{"created":"2017-09-11T09:20:50.000+0000","updated":"2017-09-11T09:20:50.000+0000","id":"6146","type":"yum","label":"rhel-rs-for-rhel-4-es-eus-debug-rpms","name":"Red Hat Enterprise Linux Resilient Storage (for RHEL 4 ES) - EUS (Debug RPMs)","vendor":"Red Hat","contentUrl":"/content/eus/rhel/es/4/4ES/$releasever/$basearch/resilientstorage/debug","requiredTags":"rhel-4-es","gpgUrl":"file:////usr/share/rhn/RPM-GPG-KEY","modifiedProductIds":[],"arches":"x86_64,x86","metadataExpire":86400,"uuid":"8a99f9815e62e65a015e7119826f0c13","releaseVersion":null},"enabled":false},{"content":{"created":"2017-09-11T09:20:50.000+0000","updated":"2017-09-11T09:20:50.000+0000","id":"6288","type":"yum","label":"rhel-rs-for-rhel-4-es-for-itanium-eus-rpms","name":"Red Hat Enterprise Linux Resilient Storage (for RHEL 4 ES) for Itanium - EUS (RPMs)","vendor":"Red Hat","contentUrl":"/content/eus/rhel/itanium/4/4ES/$releasever/$basearch/resilientstorage/os","requiredTags":"rhel-4-es","gpgUrl":"file:////usr/share/rhn/RPM-GPG-KEY","modifiedProductIds":[],"arches":"ia64","metadataExpire":86400,"uuid":"8a99f9815e62e65a015e7119826a0bb8","releaseVersion":null},"enabled":false},{"content":{"created":"2017-09-11T09:20:50.000+0000","updated":"2017-09-11T09:20:50.000+0000","id":"6189","type":"yum","label":"rhel-rs-for-rhel-4-as-eus-rpms","name":"Red Hat Enterprise Linux Resilient Storage (for RHEL 4 AS) - EUS (RPMs)","vendor":"Red Hat","contentUrl":"/content/eus/rhel/as/4/4AS/$releasever/$basearch/resilientstorage/os","requiredTags":"rhel-4-as","gpgUrl":"file:////usr/share/rhn/RPM-GPG-KEY","modifiedProductIds":[],"arches":"x86_64,x86","metadataExpire":86400,"uuid":"8a99f9815e62e65a015e7119826a0bbd","releaseVersion":null},"enabled":false},{"content":{"created":"2017-09-11T09:20:50.000+0000","updated":"2017-09-11T09:20:50.000+0000","id":"6145","type":"yum","label":"rhel-rs-for-rhel-4-es-eus-source-rpms","name":"Red Hat Enterprise Linux Resilient Storage (for RHEL 4 ES) - EUS (Source RPMSs)","vendor":"Red Hat","contentUrl":"/content/eus/rhel/es/4/4ES/$releasever/$basearch/resilientstorage/source/SRPMS","requiredTags":"rhel-4-es","gpgUrl":"file:////usr/share/rhn/RPM-GPG-KEY","modifiedProductIds":[],"arches":"x86_64,x86","metadataExpire":86400,"uuid":"8a99f9815e62e65a015e7119826f0c12","releaseVersion":null},"enabled":false},{"content":{"created":"2017-09-11T09:20:55.000+0000","updated":"2017-09-11T09:20:55.000+0000","id":"6324","type":"yum","label":"rhel-rs-for-rhel-4-as-for-itanium-eus-rpms","name":"Red Hat Enterprise Linux Resilient Storage (for RHEL 4 AS) for Itanium - EUS (RPMs)","vendor":"Red Hat","contentUrl":"/content/eus/rhel/itanium/4/4AS/$releasever/$basearch/resilientstorage/os","requiredTags":"rhel-4-as","gpgUrl":"file:////usr/share/rhn/RPM-GPG-KEY","modifiedProductIds":[],"arches":"ia64","metadataExpire":86400,"uuid":"8a99f9815e62e65a015e711994ec1102","releaseVersion":null},"enabled":false},{"content":{"created":"2017-09-11T17:04:49.000+0000","updated":"2017-09-11T17:04:49.000+0000","id":"1350","type":"yum","label":"rhel-rs-for-rhel-5-for-power-eus-source-rpms","name":"Red Hat Enterprise Linux Resilient Storage (for RHEL 5 for IBM Power) - Extended Update Support (Source RPMs)","vendor":"Red Hat","contentUrl":"/content/eus/rhel/power/5/$releasever/$basearch/resilientstorage/source/SRPMS","requiredTags":"rhel-5-ibm-power","gpgUrl":"file:///etc/pki/rpm-gpg/RPM-GPG-KEY-redhat-release","modifiedProductIds":["90"],"arches":"ppc,ppc64","metadataExpire":86400,"uuid":"8a99f9815e718933015e72c24c970a6d","releaseVersion":null},"enabled":false},{"content":{"created":"2017-09-11T09:20:55.000+0000","updated":"2017-09-11T09:20:55.000+0000","id":"1051","type":"yum","label":"rhel-rs-for-rhel-5-server-eus-source-rpms","name":"Red Hat Enterprise Linux Resilient Storage (for RHEL 5 Server) - Extended Update Support (Source RPMs)","vendor":"Red Hat","contentUrl":"/content/eus/rhel/server/5/$releasever/$basearch/resilientstorage/source/SRPMS","requiredTags":"rhel-5-server","gpgUrl":"file:///etc/pki/rpm-gpg/RPM-GPG-KEY-redhat-release","modifiedProductIds":["90"],"arches":"ia64,x86,x86_64","metadataExpire":86400,"uuid":"8a99f9815e62e65a015e711994ed1108","releaseVersion":null},"enabled":false},{"content":{"created":"2017-09-11T09:20:55.000+0000","updated":"2017-10-14T00:00:34.000+0000","id":"1050","type":"yum","label":"rhel-rs-for-rhel-5-server-eus-rpms","name":"Red Hat Enterprise Linux Resilient Storage (for RHEL 5 Server) - Extended Update Support (RPMs)","vendor":"Red Hat","contentUrl":"/content/eus/rhel/server/5/$releasever/$basearch/resilientstorage/os","requiredTags":"rhel-5-server","gpgUrl":"file:///etc/pki/rpm-gpg/RPM-GPG-KEY-redhat-release","modifiedProductIds":["90"],"arches":"ia64,x86,x86_64","metadataExpire":86400,"uuid":"8a99f9815f14aea6015f190a6e6337b2","releaseVersion":null},"enabled":false},{"content":{"created":"2017-09-11T17:04:49.000+0000","updated":"2017-09-11T17:04:49.000+0000","id":"1349","type":"yum","label":"rhel-rs-for-rhel-5-for-power-eus-rpms","name":"Red Hat Enterprise Linux Resilient Storage (for RHEL 5 for IBM Power) - Extended Update Support (RPMs)","vendor":"Red Hat","contentUrl":"/content/eus/rhel/power/5/$releasever/$basearch/resilientstorage/os","requiredTags":"rhel-5-ibm-power","gpgUrl":"file:///etc/pki/rpm-gpg/RPM-GPG-KEY-redhat-release","modifiedProductIds":["90"],"arches":"ppc,ppc64","metadataExpire":86400,"uuid":"8a99f9815e718933015e72c24c980a75","releaseVersion":null},"enabled":false},{"content":{"created":"2017-09-11T17:04:49.000+0000","updated":"2017-09-11T17:04:49.000+0000","id":"1348","type":"yum","label":"rhel-rs-for-rhel-5-for-power-eus-debug-rpms","name":"Red Hat Enterprise Linux Resilient Storage (for RHEL 5 for IBM Power) - Extended Update Support (Debug RPMs)","vendor":"Red Hat","contentUrl":"/content/eus/rhel/power/5/$releasever/$basearch/resilientstorage/debug","requiredTags":"rhel-5-ibm-power","gpgUrl":"file:///etc/pki/rpm-gpg/RPM-GPG-KEY-redhat-release","modifiedProductIds":["90"],"arches":"ppc,ppc64","metadataExpire":86400,"uuid":"8a99f9815e718933015e72c24c970a73","releaseVersion":null},"enabled":false},{"content":{"created":"2017-09-11T09:20:55.000+0000","updated":"2017-09-11T09:20:55.000+0000","id":"1049","type":"yum","label":"rhel-rs-for-rhel-5-server-eus-debug-rpms","name":"Red Hat Enterprise Linux Resilient Storage (for RHEL 5 Server) - Extended Update Support (Debug RPMs)","vendor":"Red Hat","contentUrl":"/content/eus/rhel/server/5/$releasever/$basearch/resilientstorage/debug","requiredTags":"rhel-5-server","gpgUrl":"file:///etc/pki/rpm-gpg/RPM-GPG-KEY-redhat-release","modifiedProductIds":["90"],"arches":"ia64,x86,x86_64","metadataExpire":86400,"uuid":"8a99f9815e62e65a015e711994ec1106","releaseVersion":null},"enabled":false},{"content":{"created":"2017-09-11T09:20:50.000+0000","updated":"2017-09-11T09:20:50.000+0000","id":"6238","type":"yum","label":"rhel-rs-for-rhel-4-as-for-power-eus-source-rpms","name":"Red Hat Enterprise Linux Resilient Storage (for RHEL 4 AS) for IBM Power - EUS (Source RPMSs)","vendor":"Red Hat","contentUrl":"/content/eus/rhel/power/4/4AS/$releasever/$basearch/resilientstorage/source/SRPMS","requiredTags":"rhel-4-as","gpgUrl":"file:////usr/share/rhn/RPM-GPG-KEY","modifiedProductIds":[],"arches":"ppc","metadataExpire":86400,"uuid":"8a99f9815e62e65a015e7119826f0c1b","releaseVersion":null},"enabled":false},{"content":{"created":"2017-09-11T09:20:50.000+0000","updated":"2017-09-11T09:20:50.000+0000","id":"6237","type":"yum","label":"rhel-rs-for-rhel-4-as-for-power-eus-rpms","name":"Red Hat Enterprise Linux Resilient Storage (for RHEL 4 AS) for IBM Power - EUS (RPMs)","vendor":"Red Hat","contentUrl":"/content/eus/rhel/power/4/4AS/$releasever/$basearch/resilientstorage/os","requiredTags":"rhel-4-as","gpgUrl":"file:////usr/share/rhn/RPM-GPG-KEY","modifiedProductIds":[],"arches":"ppc","metadataExpire":86400,"uuid":"8a99f9815e62e65a015e7119826f0c1e","releaseVersion":null},"enabled":false},{"content":{"created":"2017-09-11T09:20:50.000+0000","updated":"2017-09-11T09:20:50.000+0000","id":"6239","type":"yum","label":"rhel-rs-for-rhel-4-as-for-power-eus-debug-rpms","name":"Red Hat Enterprise Linux Resilient Storage (for RHEL 4 AS) for IBM Power - EUS (Debug RPMs)","vendor":"Red Hat","contentUrl":"/content/eus/rhel/power/4/4AS/$releasever/$basearch/resilientstorage/debug","requiredTags":"rhel-4-as","gpgUrl":"file:////usr/share/rhn/RPM-GPG-KEY","modifiedProductIds":[],"arches":"ppc","metadataExpire":86400,"uuid":"8a99f9815e62e65a015e711982700c21","releaseVersion":null},"enabled":false}],"dependentProductIds":[]}