{"created":"2017-09-11T09:21:10.000+0000","updated":"2017-10-14T00:00:41.000+0000","uuid":"8a99f9815f14aea6015f190a896037b7","multiplier":1,"id":"93","name":"Red Hat Enterprise Linux Scalable File System (for RHEL Server) - Extended Update Support","attributes":[{"name":"name","value":"Red Hat Enterprise Linux Scalable File System (for RHEL Server) - Extended Update Support"},{"name":"arch","value":"x86_64"},{"name":"type","value":"SVC"}],"productContent":[{"content":{"created":"2017-09-11T09:20:55.000+0000","updated":"2017-09-11T09:20:55.000+0000","id":"1054","type":"yum","label":"rhel-scalefs-for-rhel-5-server-eus-source-rpms","name":"Red Hat Enterprise Linux Scalable File System (for RHEL 5 Server) - Extended Update Support (Source RPMs)","vendor":"Red Hat","contentUrl":"/content/eus/rhel/server/5/$releasever/$basearch/scalablefilesystem/source/SRPMS","requiredTags":"rhel-5-server","gpgUrl":"file:///etc/pki/rpm-gpg/RPM-GPG-KEY-redhat-release","modifiedProductIds":["92"],"arches":null,"metadataExpire":86400,"uuid":"8a99f9815e62e65a015e711994ed1109","releaseVersion":null},"enabled":false},{"content":{"created":"2017-09-11T09:20:55.000+0000","updated":"2017-09-11T09:20:55.000+0000","id":"1362","type":"yum","label":"rhel-sfs-for-rhel-6-server-eus-source-rpms","name":"Red Hat Enterprise Linux Scalable File System (for RHEL 6 Server) - Extended Update Support (Source RPMs)","vendor":"Red Hat","contentUrl":"/content/eus/rhel/server/6/$releasever/$basearch/scalablefilesystem/source/SRPMS","requiredTags":"rhel-6-server","gpgUrl":"file:///etc/pki/rpm-gpg/RPM-GPG-KEY-redhat-release","modifiedProductIds":["92"],"arches":null,"metadataExpire":86400,"uuid":"8a99f9815e62e65a015e711994ef112d","releaseVersion":null},"enabled":false},{"content":{"created":"2017-09-11T09:20:55.000+0000","updated":"2017-10-14T00:00:34.000+0000","id":"1361","type":"yum","label":"rhel-sfs-for-rhel-6-server-eus-rpms","name":"Red Hat Enterprise Linux Scalable File System (for RHEL 6 Server) - Extended Update Support (RPMs)","vendor":"Red Hat","contentUrl":"/content/eus/rhel/server/6/$releasever/$basearch/scalablefilesystem/os","requiredTags":"rhel-6-server","gpgUrl":"file:///etc/pki/rpm-gpg/RPM-GPG-KEY-redhat-release","modifiedProductIds":["92"],"arches":null,"metadataExpire":86400,"uuid":"8a99f9815f14aea6015f190a6e6337b3","releaseVersion":null},"enabled":false},{"content":{"created":"2017-09-11T09:20:55.000+0000","updated":"2017-10-14T00:00:34.000+0000","id":"1053","type":"yum","label":"rhel-scalefs-for-rhel-5-server-eus-rpms","name":"Red Hat Enterprise Linux Scalable File System (for RHEL 5 Server) - Extended Update Support (RPMs)","vendor":"Red Hat","contentUrl":"/content/eus/rhel/server/5/$releasever/$basearch/scalablefilesystem/os","requiredTags":"rhel-5-server","gpgUrl":"file:///etc/pki/rpm-gpg/RPM-GPG-KEY-redhat-release","modifiedProductIds":["92"],"arches":null,"metadataExpire":86400,"uuid":"8a99f9815f14aea6015f190a6e6337b4","releaseVersion":null},"enabled":false},{"content":{"created":"2017-09-11T09:20:55.000+0000","updated":"2017-09-11T09:20:55.000+0000","id":"1052","type":"yum","label":"rhel-scalefs-for-rhel-5-server-eus-debug-rpms","name":"Red Hat Enterprise Linux Scalable File System (for RHEL 5 Server) - Extended Update Support (Debug RPMs)","vendor":"Red Hat","contentUrl":"/content/eus/rhel/server/5/$releasever/$basearch/scalablefilesystem/debug","requiredTags":"rhel-5-server","gpgUrl":"file:///etc/pki/rpm-gpg/RPM-GPG-KEY-redhat-release","modifiedProductIds":["92"],"arches":null,"metadataExpire":86400,"uuid":"8a99f9815e62e65a015e711994ed110c","releaseVersion":null},"enabled":false},{"content":{"created":"2017-09-11T09:20:55.000+0000","updated":"2017-09-11T09:20:55.000+0000","id":"1360","type":"yum","label":"rhel-sfs-for-rhel-6-server-eus-debug-rpms","name":"Red Hat Enterprise Linux Scalable File System (for RHEL 6 Server) - Extended Update Support (Debug RPMs)","vendor":"Red Hat","contentUrl":"/content/eus/rhel/server/6/$releasever/$basearch/scalablefilesystem/debug","requiredTags":"rhel-6-server","gpgUrl":"file:///etc/pki/rpm-gpg/RPM-GPG-KEY-redhat-release","modifiedProductIds":["92"],"arches":null,"metadataExpire":86400,"uuid":"8a99f9815e62e65a015e711994ee112c","releaseVersion":null},"enabled":false}],"dependentProductIds":[]}