{"created":"2018-02-02T13:26:12.000+0000","updated":"2018-02-02T13:26:12.000+0000","uuid":"8a99f99f6157a660016157c4d41d00cf","multiplier":1,"id":"MCT3718","name":"Red Hat Satellite Infrastructure Subscription","attributes":[{"name":"product_family","value":"RHEL"},{"name":"enabled_consumer_types","value":"satellite"},{"name":"management_enabled","value":"1"},{"name":"ph_product_line","value":"Red Hat Satellite"},{"name":"description","value":"RHEL"},{"name":"ph_category","value":"Subscriptions"},{"name":"support_level","value":"Premium"},{"name":"type","value":"MKT"},{"name":"cloud_access_enabled","value":"true"},{"name":"ph_product_name","value":"Proxy"},{"name":"expires_after","value":"365"},{"name":"subtype","value":"Premium"},{"name":"name","value":"Red Hat Satellite Infrastructure Subscription"},{"name":"variant","value":"Satellite"},{"name":"arch","value":"ia64,ppc,ppc64,ppc64le,s390,s390x,x86,x86_64"},{"name":"sockets","value":"128"},{"name":"support_type","value":"L1-L3"}],"productContent":[],"dependentProductIds":[]}