{"created":"2017-09-11T09:22:45.000+0000","updated":"2017-09-11T09:22:45.000+0000","uuid":"8a99f9835e62e718015e711b437c2c33","multiplier":1,"id":"RH00008","name":"Red Hat Enterprise Linux Server with Smart Management, Premium (Physical or Virtual Nodes)","attributes":[{"name":"product_family","value":"Red Hat Enterprise Linux"},{"name":"enabled_consumer_types","value":"SAM"},{"name":"management_enabled","value":"1"},{"name":"instance_multiplier","value":"2"},{"name":"ph_product_line","value":"RHEL"},{"name":"description","value":"Red Hat Enterprise Linux"},{"name":"ph_category","value":"Subscriptions"},{"name":"stacking_id","value":"RH00008"},{"name":"support_level","value":"Premium"},{"name":"type","value":"MKT"},{"name":"option_code","value":"102"},{"name":"cloud_access_enabled","value":"true"},{"name":"ph_product_name","value":"RHEL Server"},{"name":"multi-entitlement","value":"yes"},{"name":"expires_after","value":"365"},{"name":"subtype","value":"Premium"},{"name":"name","value":"Red Hat Enterprise Linux Server with Smart Management, Premium (Physical or Virtual Nodes)"},{"name":"variant","value":"Physical Server"},{"name":"arch","value":"ia64,ppc,ppc64,ppc64le,s390,s390x,x86,x86_64"},{"name":"sockets","value":"2"},{"name":"support_type","value":"L1-L3"}],"productContent":[],"dependentProductIds":[]}