{"created":"2017-09-18T10:20:14.000+0000","updated":"2017-09-18T10:20:14.000+0000","uuid":"8a99f9815e718933015e955c682403f0","multiplier":1,"id":"RH0149450","name":"Red Hat Enterprise Linux Server, Premium (1-2 sockets) (Unlimited guests) with Smart Management","attributes":[{"name":"product_family","value":"Red Hat Enterprise Linux"},{"name":"enabled_consumer_types","value":"SAM"},{"name":"management_enabled","value":"1"},{"name":"ph_product_line","value":"RHEL"},{"name":"description","value":"Red Hat Enterprise Linux"},{"name":"ph_category","value":"Subscriptions"},{"name":"support_level","value":"Premium"},{"name":"type","value":"MKT"},{"name":"option_code","value":"1"},{"name":"ph_product_name","value":"RHEL Server"},{"name":"expires_after","value":"365"},{"name":"subtype","value":"Premium"},{"name":"virt_limit","value":"unlimited"},{"name":"name","value":"Red Hat Enterprise Linux Server, Premium (1-2 sockets) (Unlimited guests) with Smart Management"},{"name":"variant","value":"Physical Server"},{"name":"arch","value":"ia64,ppc,ppc64,ppc64le,s390,s390x,x86,x86_64"},{"name":"sockets","value":"2"},{"name":"support_type","value":"L1-L3"}],"productContent":[],"dependentProductIds":[]}