{"created":"2017-09-11T09:42:21.000+0000","updated":"2017-09-11T09:42:21.000+0000","uuid":"8a99f9825e62e6c2015e712d352d2033","multiplier":1,"id":"RV0236407","name":"Red Hat Virtualization (2-sockets), Standard","attributes":[{"name":"product_family","value":"RHEV"},{"name":"enabled_consumer_types","value":"SAM"},{"name":"ph_product_line","value":"RHEV"},{"name":"description","value":"RHEV"},{"name":"ph_category","value":"Subscriptions"},{"name":"stacking_id","value":"RV0236407"},{"name":"support_level","value":"Standard"},{"name":"type","value":"MKT"},{"name":"ph_product_name","value":"RHEV for Servers"},{"name":"multi-entitlement","value":"yes"},{"name":"expires_after","value":"365"},{"name":"subtype","value":"Standard"},{"name":"name","value":"Red Hat Virtualization (2-sockets), Standard"},{"name":"variant","value":"for Servers"},{"name":"arch","value":"ppc64,ppc64le,x86,x86_64"},{"name":"sockets","value":"2"},{"name":"support_type","value":"L1-L3"}],"productContent":[],"dependentProductIds":[]}